0.0,0.0,0.0,0.0,0.0,0.0,0.0,0.0,0.0,0.0,123.62120612373849,505.036659897037,838.4,838.4,838.4,838.4,838.4,838.4,838.4,838.4,838.4,1099.8329686107018,871.6526753084734,838.4,0.0,0.0,0.0,0.0,0.0,0.0,0.0,0.0,0.0,0.0,0.0,438.4,838.4,838.4,838.4,838.4,838.4,1061.9426638999441,838.4,999.4134649350244,1384.7194642890267,1388.6,1388.6,1381.677736008772,0.0,0.0,0.0,0.0,0.0,0.0,0.0,274.5,0.0,0.0,274.5,572.6582019085735,838.4,838.4,988.6,1388.6,1388.6,1388.5999999999995,1388.6,1388.6,1388.6,1388.6,1388.6,1388.6,0.0,0.0,0.0,0.0,0.0,0.0,0.0,674.5,836.8332274901924,838.3999999999997,838.4,838.4,1238.4,1388.6,1388.6,1388.6,1388.6,1388.5999999999995,1388.6,1388.6,1388.6,1388.6,1388.6,1388.6
162.0,282.0,402.0,522.0,642.0,762.0,882.0,1002.0,1122.0,1241.9999999999998,1241.9999999999998,1641.9999999999998,1847.4999999999998,1847.5,1847.5,1847.4999999999995,1847.4999999999998,1847.4999999999995,1847.4999999999998,1847.4999999999995,1847.4999999999998,1847.5,1847.4999999999995,1847.4999999999998,0.0,42.0,162.0,282.0,402.0,522.0,642.0,762.0,882.0,1002.0,1122.0,1447.4999999999995,1847.5,1847.5,1847.5,1847.4999999999998,1847.5,1847.4999999999998,1847.5,1847.4999999999998,1847.5,1847.4999999999998,1847.4999999999993,1847.4999999999998,402.0,522.0,642.0,762.0,882.0,1002.0,1122.0,1244.1214780208968,1241.9999999999998,1241.9999999999998,1255.0921556864885,1655.0921556864882,1847.5,1847.5,1847.5,1847.4999999999998,1847.4999999999998,1847.4999999999995,1847.5,1847.4999999999995,1847.5,1847.4999999999998,1847.4999999999998,1847.4999999999995,522.0,642.0,762.0,882.0,1002.0,1122.0,1244.290126595431,1644.2901265954306,1847.4999999999998,1847.4999999999998,1847.4999999999998,1847.4999999999993,1847.4999999999998,1847.5,1847.4999999999995,1847.4999999999998,1847.5,1847.4999999999995,1847.5,1847.5,1847.4999999999998,1847.4999999999998,1847.4999999999998,1847.4999999999995
0.0,0.0,0.0,0.0,0.0,0.0,0.0,0.0,0.0,0.0,0.0,0.0,0.0,0.0,0.0,0.0,0.0,0.0,0.0,0.0,0.0,0.0,0.0,0.0,0.0,0.0,0.0,0.0,0.0,0.0,0.0,0.0,0.0,0.0,0.0,0.0,0.0,0.0,0.0,0.0,0.0,0.0,0.0,0.0,0.0,0.0,0.0,0.0,0.0,0.0,0.0,0.0,0.0,0.0,0.0,0.0,0.0,0.0,0.0,0.0,0.0,0.0,0.0,0.0,0.0,0.0,0.0,0.0,0.0,0.0,0.0,0.0,0.0,0.0,0.0,0.0,0.0,0.0,0.0,0.0,0.0,0.0,0.0,0.0,0.0,0.0,0.0,0.0,0.0,0.0,0.0,0.0,0.0,0.0,0.0,0.0
0.0,0.0,0.0,0.0,0.0,0.0,0.0,0.0,0.0,0.0,0.0,0.0,0.0,0.0,0.0,0.0,182.58975147009363,473.87179260304777,135.83708510999242,400.82967446812324,578.0,578.0,578.0,346.3887858778863,0.0,0.0,0.0,0.0,0.0,0.0,0.0,0.0,0.0,0.0,0.0,0.0,0.0,0.0,0.0,255.57498118405573,477.4830266220396,578.0,375.70916733338174,578.0,578.0,867.0,783.9706597961231,577.9999999999998,0.0,0.0,0.0,0.0,0.0,0.0,0.0,0.0,0.0,0.0,0.0,0.0,0.0,400.0,379.97322700055247,867.0,965.244003603678,1227.0,1016.5013342254641,1227.0,1227.0,1227.0,1227.0,1226.999999999999,0.0,0.0,0.0,0.0,0.0,0.0,0.0,0.0,0.0,0.0,0.0,178.0,900.7478259953325,1227.0,1227.0,1227.0,1227.0,1466.0108094460986,1227.0,1427.176231424491,1654.482252894556,1663.4,1402.5,1227.0
0.0,0.0,0.0,0.0,0.0,0.0,0.0,0.0,0.0,0.0,0.0,0.0,0.0,0.0,0.0,0.0,0.0,0.0,0.0,0.0,0.0,0.0,0.0,0.0,0.0,0.0,0.0,0.0,0.0,0.0,0.0,0.0,0.0,0.0,0.0,0.0,0.0,0.0,0.0,0.0,0.0,0.0,0.0,0.0,0.0,0.0,0.0,0.0,0.0,0.0,0.0,0.0,0.0,0.0,0.0,0.0,0.0,0.0,0.0,0.0,0.0,0.0,0.0,0.0,0.0,0.0,0.0,0.0,0.0,0.0,0.0,0.0,0.0,0.0,0.0,0.0,0.0,0.0,0.0,0.0,0.0,0.0,0.0,0.0,0.0,0.0,0.0,0.0,0.0,0.0,0.0,0.0,0.0,0.0,0.0,0.0
991.3537626242135,1111.3537626242135,1231.3537626242135,1351.3537626242135,1471.3537626242135,1591.3537626242135,1711.3537626242135,1831.3537626242135,1951.3537626242135,2071.3537626242132,2162.9,2282.9,3082.9,3375.9,3375.9,3375.8999999999996,3375.899999999999,3375.9,3375.899999999999,3375.9,3375.9,3375.9,3375.9,3375.9,842.9000000000001,962.9000000000001,1082.9,1202.9,1322.9,1442.9,1562.9,1682.9,1802.9,1922.9,2042.9,2192.9743029476567,2992.9743029476567,3375.9,3375.9,3375.9,3375.9,3375.9,3375.9,3375.9,3375.9,3375.9,3375.9,3375.8999999999996,1102.3381499444642,1222.3381499444642,1342.3381499444642,1462.3381499444642,1582.3381499444642,1702.3381499444642,1822.3381499444642,1942.3381499444642,2062.338149944462,2162.8999999999983,2162.9,2552.9443622796666,3352.944362279667,3375.9,3375.9,3375.9,3375.9,3386.129175918787,3375.9,3375.9,3691.0023673887954,3953.9,3749.2160822046485,3440.798437165844,1442.9,1562.9,1682.9,1802.9,1922.9,2042.9,2162.899999999999,2962.9,2162.8999999999983,2562.8999999999983,2950.353397939618,3350.353397939618,3375.9,3615.2564968026463,3605.182343789603,4316.918029166347,4716.918029166347,4839.799999999999,4793.9,4839.799999999999,4839.799999999999,4839.799999999999,4809.572059755741,4672.349884632219
0.0,0.0,0.0,0.0,0.0,0.0,0.0,0.0,0.0,0.0,0.0,0.0,272.49999999999966,272.4999999999998,272.4999999999999,272.5,272.5,272.5,272.5,272.5,272.4999999999998,272.5,272.5,272.5,0.0,0.0,0.0,0.0,0.0,0.0,0.0,0.0,0.0,0.0,0.0,0.0,272.5,272.5,272.5,272.5,272.5,272.5,272.5,272.5,272.5,458.13284471402784,272.4999999999999,272.5,0.0,0.0,0.0,0.0,0.0,0.0,0.0,0.0,0.0,0.0,0.0,0.0,272.5,272.5,272.5,479.9655885606268,787.5,787.4999999999995,787.5,787.5,787.4999999999989,1064.1747282801225,787.5,787.4999999999993,0.0,0.0,0.0,0.0,0.0,0.0,0.0,272.5,0.0,171.19717183989906,258.4970222909565,272.5,672.4999999999995,787.5,937.0820587559645,1337.0820587559667,1383.5,1383.5,1383.5,1383.5,1383.5,1438.1542900770273,1383.5,1383.5
0.0,0.0,17.38583307672411,137.3858330767241,257.3858330767241,377.3858330767241,497.3858330767241,617.3858330767225,669.9999999999986,670.0,670.0,670.0,848.6404390950527,1327.353804103699,1364.725393178407,2096.04849767116,2120.2,2120.2,2120.2,2120.2,2120.2,2120.2,2120.2,2120.2,0.0,0.0,0.0,120.0,240.0,360.0,480.0,600.0,480.0,430.0,550.0,670.0,953.1274843889132,1480.7662234974819,1514.279902675531,2120.2,2120.2,2120.2,2120.2,2120.2,2120.2,2120.2,2120.2,2120.2,0.0,0.0,70.0,190.0,310.0,430.0,550.0,670.0,669.9999999999986,670.0,669.9999999999993,727.4451726189625,1527.4451726189625,2105.445172618961,2120.2,2120.2,2120.2,2320.199999999998,2120.2,2291.4484161241817,2320.199999999999,2320.199999999999,2320.2,2320.2,0.0,70.0,190.0,310.0,430.0,550.0,670.0,1389.6709229153664,670.0,669.9999999999995,742.1999999999987,1320.1999999999996,2120.2,2320.199999999999,2320.199999999999,2320.2,2320.199999999999,2482.199999999999,2361.2218248978497,2482.2,2482.2,2868.2999999999993,2482.2,2320.2
0.0,0.0,0.0,0.0,0.0,0.0,0.0,0.0,0.0,0.0,0.0,0.0,0.0,0.0,0.0,0.0,0.0,0.0,0.0,0.0,0.0,0.0,0.0,0.0,0.0,0.0,0.0,0.0,0.0,0.0,0.0,0.0,0.0,0.0,0.0,0.0,0.0,0.0,0.0,0.0,0.0,0.0,0.0,0.0,0.0,0.0,0.0,0.0,0.0,0.0,0.0,0.0,0.0,0.0,0.0,0.0,0.0,0.0,0.0,0.0,0.0,0.0,0.0,0.0,0.0,0.0,0.0,0.0,0.0,0.0,0.0,0.0,0.0,0.0,0.0,0.0,0.0,0.0,0.0,0.0,0.0,0.0,0.0,0.0,0.0,0.0,0.0,0.0,0.0,0.0,0.0,0.0,0.0,0.0,0.0,0.0
0.0,0.0,0.0,0.0,0.0,0.0,0.0,0.0,0.0,0.0,0.0,0.0,0.0,0.0,0.0,0.0,0.0,0.0,0.0,0.0,0.0,0.0,0.0,0.0,0.0,0.0,0.0,0.0,0.0,0.0,0.0,0.0,0.0,0.0,0.0,0.0,0.0,0.0,0.0,0.0,0.0,0.0,0.0,0.0,0.0,0.0,0.0,0.0,0.0,0.0,0.0,0.0,0.0,0.0,0.0,0.0,0.0,0.0,0.0,0.0,0.0,0.0,0.0,0.0,0.0,0.0,0.0,0.0,0.0,0.0,0.0,0.0,0.0,0.0,0.0,0.0,0.0,0.0,0.0,0.0,0.0,0.0,0.0,0.0,0.0,0.0,0.0,0.0,0.0,0.0,0.0,0.0,0.0,0.0,0.0,0.0
0.0,0.0,0.0,0.0,0.0,0.0,0.0,0.0,0.0,0.0,0.0,0.0,0.0,0.0,0.0,0.0,0.0,0.0,0.0,0.0,0.0,0.0,0.0,0.0,0.0,0.0,0.0,0.0,0.0,0.0,0.0,0.0,0.0,0.0,0.0,0.0,0.0,0.0,0.0,0.0,0.0,0.0,0.0,0.0,0.0,0.0,0.0,0.0,0.0,0.0,0.0,0.0,0.0,0.0,0.0,0.0,0.0,0.0,0.0,0.0,0.0,0.0,0.0,0.0,0.0,0.0,0.0,0.0,0.0,0.0,0.0,0.0,0.0,0.0,0.0,0.0,0.0,0.0,0.0,0.0,0.0,0.0,0.0,0.0,0.0,0.0,0.0,0.0,0.0,0.0,0.0,0.0,0.0,0.0,0.0,0.0
0.0,0.0,0.0,0.0,0.0,0.0,0.0,0.0,0.0,0.0,0.0,0.0,0.0,0.0,0.0,0.0,0.0,0.0,0.0,0.0,0.0,0.0,0.0,0.0,0.0,0.0,0.0,0.0,0.0,0.0,0.0,0.0,0.0,0.0,0.0,0.0,0.0,0.0,0.0,0.0,0.0,0.0,0.0,0.0,0.0,0.0,0.0,0.0,0.0,0.0,0.0,0.0,0.0,0.0,0.0,0.0,0.0,0.0,0.0,0.0,0.0,0.0,0.0,0.0,0.0,0.0,0.0,0.0,0.0,0.0,0.0,0.0,0.0,0.0,0.0,0.0,0.0,0.0,0.0,0.0,0.0,0.0,0.0,0.0,0.0,0.0,0.0,0.0,0.0,0.0,0.0,0.0,0.0,0.0,0.0,0.0
0.0,0.0,0.0,0.0,0.0,0.0,0.0,0.0,0.0,0.0,0.0,0.0,0.0,0.0,0.0,0.0,0.0,0.0,0.0,0.0,0.0,0.0,0.0,0.0,0.0,0.0,0.0,0.0,0.0,0.0,0.0,0.0,0.0,0.0,0.0,0.0,0.0,0.0,0.0,0.0,0.0,0.0,0.0,0.0,0.0,0.0,0.0,0.0,0.0,0.0,0.0,0.0,0.0,0.0,0.0,0.0,0.0,0.0,0.0,0.0,0.0,0.0,0.0,0.0,0.0,0.0,0.0,0.0,0.0,0.0,0.0,0.0,0.0,0.0,0.0,0.0,0.0,0.0,0.0,0.0,0.0,0.0,0.0,0.0,0.0,0.0,0.0,0.0,0.0,0.0,0.0,0.0,0.0,0.0,0.0,0.0
0.0,0.0,0.0,0.0,0.0,0.0,0.0,0.0,0.0,0.0,0.0,0.0,0.0,0.0,0.0,0.0,0.0,0.0,0.0,0.0,0.0,0.0,0.0,0.0,0.0,0.0,0.0,0.0,0.0,0.0,0.0,0.0,0.0,0.0,0.0,0.0,0.0,0.0,0.0,0.0,0.0,0.0,0.0,0.0,0.0,0.0,0.0,0.0,0.0,0.0,0.0,0.0,0.0,0.0,0.0,0.0,0.0,0.0,0.0,0.0,0.0,0.0,0.0,0.0,0.0,0.0,0.0,0.0,0.0,0.0,0.0,0.0,0.0,0.0,0.0,0.0,0.0,0.0,0.0,0.0,0.0,0.0,0.0,0.0,0.0,0.0,0.0,0.0,0.0,0.0,0.0,0.0,0.0,0.0,0.0,0.0
0.0,0.0,0.0,0.0,0.0,0.0,0.0,0.0,0.0,0.0,0.0,0.0,0.0,0.0,0.0,0.0,0.0,0.0,0.0,0.0,0.0,0.0,0.0,0.0,0.0,0.0,0.0,0.0,0.0,0.0,0.0,0.0,0.0,0.0,0.0,0.0,0.0,0.0,0.0,0.0,0.0,0.0,0.0,0.0,0.0,0.0,0.0,0.0,0.0,0.0,0.0,0.0,0.0,0.0,0.0,0.0,0.0,0.0,0.0,0.0,0.0,0.0,0.0,0.0,0.0,0.0,0.0,0.0,0.0,0.0,0.0,0.0,0.0,0.0,0.0,0.0,0.0,0.0,0.0,0.0,0.0,0.0,0.0,0.0,0.0,0.0,0.0,0.0,0.0,0.0,0.0,0.0,0.0,0.0,0.0,0.0
1388.6,1388.6,988.6,838.4,838.4,756.1626917670561,838.4,1238.3999999999996,1388.6,1388.6,988.6,838.4,838.4,838.4,1238.4,838.4,988.6,1388.6,1388.6,1388.6,1388.6,988.6,1123.736859454973,838.4,1388.6,1388.6,1238.4,838.4,838.4,438.4,838.4,1238.3999999999996,1388.6,1388.6,988.6,838.3999999999997,838.3999999999997,838.4,1238.4,838.4,988.5999999999996,1388.6,1388.6,1388.6,1388.6,988.6,1016.776096546032,838.3999999999997,1388.6,1388.6,1388.6,1388.6,1238.3999999999996,838.4,988.6,1388.5999999999995,1388.6,1388.6,988.6,838.3999999999991,838.4,838.4,1174.5189341598525,1371.8842947431126,1379.8856600194554,1388.6,1401.1,1401.1,1401.1,1388.6,1388.6,1388.6,1475.9039834949513,1401.1,1388.6,1388.6,1388.6,1388.5999999999995,1388.6,1388.5999999999995,1401.1,1401.1,1388.6,1351.3866697379403,1193.8207484095863,1214.9019763176238,1388.6,1388.6,1388.5999999999995,1401.1,1968.3999999999999,2364.6,1916.4366704815357,1388.6,1388.6,1388.6
1847.4999999999998,1847.4999999999995,1847.5,1847.5,1847.5,1847.4999999999998,1847.5,1847.4999999999998,1847.5,1847.5,1847.5,1847.4999999999995,1847.4999999999995,1847.4999999999995,1847.4999999999995,1847.4999999999995,1847.4999999999995,1847.5,1847.4999999999995,1918.846522915639,1847.5,1847.4999999999998,1847.5,1847.5,1847.4999999999998,1847.4999999999998,1847.4999999999998,1847.5,1847.5,1799.7181499685887,1847.4999999999998,1847.4999999999993,1847.4999999999995,1847.5,1847.5,1847.4999999999995,1847.5,1847.4999999999995,1847.4999999999995,1847.499999999999,1847.4999999999995,1847.4999999999995,1847.4999999999995,2247.4999999999995,1847.5,1847.499999999999,1847.5,1847.4999999999998,2205.498032731433,1939.0288354880745,1847.5,1847.4999999999998,1847.4999999999998,1847.4999999999998,1847.5,1847.4999999999995,1847.5,1847.4999999999995,1847.4999999999995,1847.5,1847.5,1847.5,1847.4999999999995,1847.5,1847.4999999999995,2237.5,2857.499999999999,2977.4999999999995,2857.5,2237.4999999999995,1847.5,1847.499999999999,3278.7,2637.4999999999995,2637.4999999999995,2237.5,1847.5,1847.4999999999995,1847.5,2237.4999999999995,2804.5667648971375,2685.5321694612994,2237.5,1847.5,1847.4999999999995,1847.4999999999995,2247.5,1847.5,2237.5,2871.4999999999995,3449.9,3569.8999999999996,3398.7,2357.4999999999995,1847.4999999999995,1847.4999999999995
0.0,0.0,0.0,0.0,0.0,0.0,0.0,0.0,0.0,0.0,0.0,0.0,0.0,0.0,0.0,0.0,0.0,0.0,0.0,0.0,0.0,0.0,0.0,0.0,0.0,0.0,0.0,0.0,0.0,0.0,0.0,0.0,0.0,0.0,0.0,0.0,0.0,0.0,0.0,0.0,0.0,0.0,0.0,0.0,0.0,0.0,0.0,0.0,0.0,0.0,0.0,0.0,0.0,0.0,0.0,0.0,0.0,0.0,0.0,0.0,0.0,0.0,0.0,0.0,0.0,0.0,0.0,0.0,0.0,0.0,0.0,0.0,0.0,0.0,0.0,0.0,0.0,0.0,0.0,0.0,0.0,0.0,0.0,0.0,0.0,0.0,0.0,0.0,0.0,0.0,0.0,0.0,0.0,0.0,0.0,0.0
578.0,676.7248136636213,250.50951448992362,0.0,0.0,0.0,0.0,525.5896941526955,1227.0,1227.0,178.0,0.0,0.0,178.0,867.0,332.87427148127756,287.69012239314316,884.6103239356243,1663.3999999999987,1663.4,1663.4,570.8345761063363,400.0,0.0,1227.0,1227.0,400.0,0.0,202.48007572351742,0.0,0.0,632.3376034430929,1227.0,1227.0,178.0,0.0,0.0,0.0,553.007470218234,32.93241422859228,178.0,866.9999999999995,1663.3999999999996,1663.4,1663.4,403.70655382383734,400.0,0.0,1402.5,1402.5,1227.0,842.65622191787,689.0,0.0,178.0,1220.3378857738678,1663.4,1402.5,286.47302361244607,0.0,0.0,254.26698318009716,1227.0,913.2189826745757,867.0,1318.50625040153,1874.6,1874.6,1874.6,1226.9999999999995,1227.0,821.6630634939636,1874.6,1696.6,1663.4,1227.0,1227.0,867.0,1011.2862511247523,1663.4,1874.6,1874.6,1227.0,1227.0,1227.0,1227.0,1663.4,1663.4,1663.4,1874.6,1916.1,1916.1,1916.1,1663.4,1663.4,1227.0
0.0,0.0,0.0,0.0,0.0,0.0,0.0,0.0,0.0,0.0,0.0,0.0,0.0,0.0,0.0,0.0,0.0,0.0,0.0,0.0,0.0,0.0,0.0,0.0,0.0,0.0,0.0,0.0,0.0,0.0,0.0,0.0,0.0,0.0,0.0,0.0,0.0,0.0,0.0,0.0,0.0,0.0,0.0,0.0,0.0,0.0,0.0,0.0,0.0,0.0,0.0,0.0,0.0,0.0,0.0,0.0,0.0,0.0,0.0,0.0,0.0,0.0,0.0,0.0,0.0,0.0,0.0,0.0,0.0,0.0,0.0,0.0,0.0,0.0,0.0,0.0,0.0,0.0,0.0,0.0,0.0,0.0,0.0,0.0,0.0,0.0,0.0,0.0,0.0,0.0,0.0,0.0,0.0,0.0,0.0,0.0
3375.9,3375.9,3375.9,3343.3406704811855,3176.7970334762595,2376.7970334762595,2975.9,3375.9,3816.3836892651816,3775.9,3375.9,3375.9,3375.9,3375.9,3375.9,3375.9,3415.9,3993.9,4839.799999999999,4839.799999999999,4799.799999999999,3953.9,3375.9,3349.488708010225,3375.9,3433.1129338642163,3375.9,3375.9,3375.9,2575.9,2950.7369170698016,3553.9,4353.9,3907.7663492509528,3375.9,3149.0479410916732,2874.0921102576385,3075.1894284113605,3375.899999999999,3375.899999999999,3375.899999999999,3953.899999999999,4799.799999999999,5155.6514605766415,4799.799999999999,3953.9,3375.9,3095.9213281881885,4793.9,4793.9,4215.9,3415.9,3375.9,3138.845028595215,3375.9,3953.9,4799.799999999999,4657.690906069776,3857.6909060697753,3375.9,3375.899999999999,3375.9,3775.8999999999965,3375.8999999999974,3736.0780942504744,4536.0780942504725,5334.199999999999,5334.199999999999,5334.200000000001,4393.9,3815.899999999999,3375.9,5334.200000000001,5192.799999999999,4997.403902992995,4626.839791243255,4278.139488991879,3478.1394889918797,3993.9,4839.799999999999,5334.200000000001,5263.200000000001,4594.909635949513,4355.729994730296,4332.420327578601,4615.28398476676,5075.558814625444,4839.799999999999,4839.799999999999,5296.343851639828,7098.285921549262,7096.900000000001,6658.234052222011,4839.799999999999,4839.799999999999,4620.561769490274
552.7177981740576,272.5,272.5,272.5,272.5,0.0,31.436739582786316,387.5,1187.5,695.1264276675951,272.4999999999998,272.4999999999998,272.4999999999998,272.5,463.51959370898004,272.5,272.4999999999998,868.5,1383.5,1891.8999999999994,1383.4999999999998,583.5,272.5,272.5,787.5,387.5,443.1779552749712,272.5,272.5,0.0,0.0,526.1515258554849,1326.1515258554846,1072.4999999999995,272.5,272.4999999999998,272.5,272.5,272.4999999999998,272.5,272.4999999999998,780.2413543987028,1826.2243812439294,1891.9,1890.5695056120067,583.5,272.5,272.5,1383.5,1383.4999999999998,839.0091360845058,272.4999999999998,537.6168951947878,272.4999999999977,272.5,868.4999999999998,1662.7762186193972,1383.499999999999,583.5,272.5,272.5,272.5,817.5608015671935,787.5,583.5,1383.5,1904.3,1904.3,1904.3,983.5,836.8620562621458,387.4999999999998,1904.3,1891.9,1383.5,983.5,1187.5,554.8241611539397,983.4999999999998,1383.5,1904.3,1904.3,1383.4999999999993,1383.5,1383.5,1383.5,1891.8999999999996,1627.6678257507524,1383.499999999991,1904.3,1904.2999999999995,1904.3,1904.3,1821.54763316029,1837.6196550159125,1383.4999999999973
1953.8803597794972,1816.4312066220896,1816.070463659658,1016.0704636596582,1542.2,742.2,1320.2,2120.2,2320.199999999998,2320.2,2111.293746038792,1548.6557745919358,1268.3958249619038,1715.1863346135187,2120.1999999999953,2120.2,2120.2,2120.2,2811.439933198129,2868.3,2799.4028019017833,2120.2,2120.199999999999,1320.2,2219.7492349832746,2081.189229788741,2119.3066906491445,1672.8345245957871,1542.1999999999991,742.1999999999996,1320.2,2120.2,2397.2,2320.2,1868.00963512691,1068.009635126911,876.6784877705312,1320.1999999999982,2120.2,2120.2,1889.7414588221418,2120.2,2868.2999999999993,2868.2999999999993,2868.2999999999993,2120.2,2120.199999999999,1320.2,1867.6447495197367,1493.0054938514209,1833.3933838281444,2066.9201131018563,2120.2,1320.1999999999996,1777.9114935567272,2120.2,2632.6922452112676,2397.2,2120.2,1947.8551502593969,1524.261277365448,2120.2,2320.2,2120.2,2120.2,2397.2,3230.7278357069035,3750.7278357069044,3524.199999999999,2320.2,2320.199999999998,2120.2,1983.4857586088651,1741.5044549522213,1805.949696449731,1824.156719410029,2320.2,2120.2,2120.2,2805.768170840457,3124.2,3004.2,2320.2,2320.199999999999,2320.199999999999,2320.199999999997,2868.2999999999993,2988.2999999999993,2877.9369182376627,3764.199999999999,4315.699999999999,4800.7,4251.9,3593.2999999999975,3108.3,2440.199999999999
0.0,0.0,0.0,0.0,0.0,0.0,0.0,0.0,0.0,0.0,0.0,0.0,0.0,0.0,0.0,0.0,0.0,0.0,0.0,0.0,0.0,0.0,0.0,0.0,0.0,0.0,0.0,0.0,0.0,0.0,0.0,0.0,0.0,0.0,0.0,0.0,0.0,0.0,0.0,0.0,0.0,0.0,0.0,0.0,0.0,0.0,0.0,0.0,0.0,0.0,0.0,0.0,0.0,0.0,0.0,0.0,0.0,0.0,0.0,0.0,0.0,0.0,0.0,0.0,0.0,0.0,0.0,0.0,0.0,0.0,0.0,0.0,0.0,0.0,0.0,0.0,0.0,0.0,0.0,0.0,0.0,0.0,0.0,0.0,0.0,0.0,0.0,0.0,0.0,0.0,0.0,0.0,0.0,0.0,0.0,0.0
0.0,0.0,0.0,0.0,0.0,0.0,0.0,0.0,0.0,0.0,0.0,0.0,0.0,0.0,0.0,0.0,0.0,0.0,0.0,0.0,0.0,0.0,0.0,0.0,0.0,0.0,0.0,0.0,0.0,0.0,0.0,0.0,0.0,0.0,0.0,0.0,0.0,0.0,0.0,0.0,0.0,0.0,0.0,0.0,0.0,0.0,0.0,0.0,0.0,0.0,0.0,0.0,0.0,0.0,0.0,0.0,0.0,0.0,0.0,0.0,0.0,0.0,0.0,0.0,0.0,0.0,0.0,0.0,0.0,0.0,0.0,0.0,0.0,0.0,0.0,0.0,0.0,0.0,0.0,0.0,0.0,0.0,0.0,0.0,0.0,0.0,0.0,0.0,0.0,0.0,0.0,0.0,0.0,0.0,0.0,0.0
0.0,0.0,0.0,0.0,0.0,0.0,0.0,0.0,0.0,0.0,0.0,0.0,0.0,0.0,0.0,0.0,0.0,0.0,0.0,0.0,0.0,0.0,0.0,0.0,0.0,0.0,0.0,0.0,0.0,0.0,0.0,0.0,0.0,0.0,0.0,0.0,0.0,0.0,0.0,0.0,0.0,0.0,0.0,0.0,0.0,0.0,0.0,0.0,0.0,0.0,0.0,0.0,0.0,0.0,0.0,0.0,0.0,0.0,0.0,0.0,0.0,0.0,0.0,0.0,0.0,0.0,0.0,0.0,0.0,0.0,0.0,0.0,0.0,0.0,0.0,0.0,0.0,0.0,0.0,0.0,0.0,0.0,0.0,0.0,0.0,0.0,0.0,0.0,0.0,0.0,0.0,0.0,0.0,0.0,0.0,0.0
0.0,0.0,0.0,0.0,0.0,0.0,0.0,0.0,0.0,0.0,0.0,0.0,0.0,0.0,0.0,0.0,0.0,0.0,0.0,0.0,0.0,0.0,0.0,0.0,0.0,0.0,0.0,0.0,0.0,0.0,0.0,0.0,0.0,0.0,0.0,0.0,0.0,0.0,0.0,0.0,0.0,0.0,0.0,0.0,0.0,0.0,0.0,0.0,0.0,0.0,0.0,0.0,0.0,0.0,0.0,0.0,0.0,0.0,0.0,0.0,0.0,0.0,0.0,0.0,0.0,0.0,0.0,0.0,0.0,0.0,0.0,0.0,0.0,0.0,0.0,0.0,0.0,0.0,0.0,0.0,0.0,0.0,0.0,0.0,0.0,0.0,0.0,0.0,0.0,0.0,0.0,0.0,0.0,0.0,0.0,0.0
0.0,0.0,0.0,0.0,0.0,0.0,0.0,0.0,0.0,0.0,0.0,0.0,0.0,0.0,0.0,0.0,0.0,0.0,0.0,0.0,0.0,0.0,0.0,0.0,0.0,0.0,0.0,0.0,0.0,0.0,0.0,0.0,0.0,0.0,0.0,0.0,0.0,0.0,0.0,0.0,0.0,0.0,0.0,0.0,0.0,0.0,0.0,0.0,0.0,0.0,0.0,0.0,0.0,0.0,0.0,0.0,0.0,0.0,0.0,0.0,0.0,0.0,0.0,0.0,0.0,0.0,0.0,0.0,0.0,0.0,0.0,0.0,0.0,0.0,0.0,0.0,0.0,0.0,0.0,0.0,0.0,0.0,0.0,0.0,0.0,0.0,0.0,0.0,0.0,0.0,0.0,0.0,0.0,0.0,0.0,0.0
0.0,0.0,0.0,0.0,0.0,0.0,0.0,0.0,0.0,0.0,0.0,0.0,0.0,0.0,0.0,0.0,0.0,0.0,0.0,0.0,0.0,0.0,0.0,0.0,0.0,0.0,0.0,0.0,0.0,0.0,0.0,0.0,0.0,0.0,0.0,0.0,0.0,0.0,0.0,0.0,0.0,0.0,0.0,0.0,0.0,0.0,0.0,0.0,0.0,0.0,0.0,0.0,0.0,0.0,0.0,0.0,0.0,0.0,0.0,0.0,0.0,0.0,0.0,0.0,0.0,0.0,0.0,0.0,0.0,0.0,0.0,0.0,0.0,0.0,0.0,0.0,0.0,0.0,0.0,0.0,0.0,0.0,0.0,0.0,0.0,0.0,0.0,0.0,0.0,0.0,0.0,0.0,0.0,0.0,0.0,0.0
0.0,0.0,0.0,0.0,0.0,0.0,0.0,0.0,0.0,0.0,0.0,0.0,0.0,0.0,0.0,0.0,0.0,0.0,0.0,0.0,0.0,0.0,0.0,0.0,0.0,0.0,0.0,0.0,0.0,0.0,0.0,0.0,0.0,0.0,0.0,0.0,0.0,0.0,0.0,0.0,0.0,0.0,0.0,0.0,0.0,0.0,0.0,0.0,0.0,0.0,0.0,0.0,0.0,0.0,0.0,0.0,0.0,0.0,0.0,0.0,0.0,0.0,0.0,0.0,0.0,0.0,0.0,0.0,0.0,0.0,0.0,0.0,0.0,0.0,0.0,0.0,0.0,0.0,0.0,0.0,0.0,0.0,0.0,0.0,0.0,0.0,0.0,0.0,0.0,0.0,0.0,0.0,0.0,0.0,0.0,0.0
0.0,0.0,0.0,0.0,0.0,0.0,0.0,0.0,0.0,0.0,0.0,0.0,0.0,0.0,0.0,0.0,438.4,1238.4,1388.6,1238.3999999999996,838.3999999999997,674.5,0.0,0.0,0.0,0.0,0.0,0.0,0.0,0.0,0.0,0.0,0.0,0.0,0.0,0.0,0.0,0.0,0.0,0.0,163.89999999999998,1238.4,1388.6,1388.6,988.6,754.532717067176,0.0,0.0,0.0,0.0,0.0,0.0,0.0,0.0,0.0,0.0,0.0,0.0,0.0,0.0,0.0,0.0,0.0,0.0,607.965060445945,1238.4,1388.6,1388.6,1388.6,1074.4999999999998,0.0,0.0,0.0,0.0,0.0,0.0,0.0,0.0,0.0,0.0,0.0,0.0,0.0,0.0,0.0,0.0,0.0,0.0,872.8641692479239,1388.6,1401.1,1388.6,1388.6,1388.6,824.6999999999998,0.0
119.99999999999977,0.0,0.0,0.0,0.0,0.0,0.0,42.0,162.0,282.0,402.0,522.0,642.0,762.0,882.0,1002.0,1329.2149582107143,1847.4999999999998,1847.5,1847.5,1847.4999999999995,1642.0,1122.0,1002.0,97.16707983116416,0.0,0.0,0.0,0.0,0.0,0.0,42.0,162.0,282.0,402.0,522.0,642.0,762.0,882.0,1002.0,1327.5,1847.4999999999995,1847.5,1847.5,1847.4999999999998,1641.9999999999998,1122.0,1002.0,337.6984805356402,217.69848053564021,97.6984805356409,0.0,0.0,0.0,0.0,42.0,162.0,282.0,402.0,522.0,642.0,762.0,882.0,1002.0,1521.9999999999995,1847.4999999999995,1847.4999999999995,1847.5,1847.499999999999,1693.7664338632103,1293.7664338632103,1122.0,910.9317673090068,790.9317673090075,670.9317673090075,550.9317673090075,430.93176730900745,310.93176730900745,234.97005800004882,354.9700580000488,357.063286867928,477.063286867928,522.0,642.0,762.0,882.0,1002.0,1122.0,1642.0,2237.4999999999995,2857.4999999999995,2403.3607497888092,2003.3607497888102,1847.5,1642.0,1122.0
0.0,0.0,0.0,0.0,0.0,0.0,0.0,0.0,0.0,0.0,0.0,0.0,0.0,0.0,0.0,0.0,0.0,0.0,0.0,0.0,0.0,0.0,0.0,0.0,0.0,0.0,0.0,0.0,0.0,0.0,0.0,0.0,0.0,0.0,0.0,0.0,0.0,0.0,0.0,0.0,0.0,0.0,0.0,0.0,0.0,0.0,0.0,0.0,0.0,0.0,0.0,0.0,0.0,0.0,0.0,0.0,0.0,0.0,0.0,0.0,0.0,0.0,0.0,0.0,0.0,0.0,0.0,0.0,0.0,0.0,0.0,0.0,0.0,0.0,0.0,0.0,0.0,0.0,0.0,0.0,0.0,0.0,0.0,0.0,0.0,0.0,0.0,0.0,0.0,0.0,0.0,0.0,0.0,0.0,0.0,0.0
0.0,0.0,0.0,0.0,0.0,0.0,0.0,0.0,0.0,0.0,0.0,0.0,0.0,0.0,0.0,0.0,0.0,400.0,1227.0,400.0,0.0,0.0,0.0,0.0,0.0,0.0,0.0,0.0,0.0,0.0,0.0,0.0,0.0,0.0,0.0,0.0,0.0,0.0,0.0,0.0,0.0,689.0,1227.0,867.0,178.0,400.0,0.0,0.0,0.0,0.0,0.0,0.0,0.0,0.0,0.0,0.0,0.0,0.0,0.0,0.0,0.0,0.0,0.0,0.0,0.0,1049.0,1663.4,1227.0,1042.642220554064,1049.0,0.0,0.0,0.0,0.0,0.0,0.0,0.0,0.0,0.0,0.0,0.0,0.0,0.0,0.0,0.0,0.0,0.0,0.0,400.0,1663.4,1874.6,1663.4,1551.2261441614437,1329.7497096261166,178.0,0.0
0.0,0.0,0.0,0.0,0.0,0.0,0.0,0.0,0.0,0.0,0.0,0.0,0.0,0.0,0.0,0.0,0.0,0.0,0.0,0.0,0.0,0.0,0.0,0.0,0.0,0.0,0.0,0.0,0.0,0.0,0.0,0.0,0.0,0.0,0.0,0.0,0.0,0.0,0.0,0.0,0.0,0.0,0.0,0.0,0.0,0.0,0.0,0.0,0.0,0.0,0.0,0.0,0.0,0.0,0.0,0.0,0.0,0.0,0.0,0.0,0.0,0.0,0.0,0.0,0.0,0.0,0.0,0.0,0.0,0.0,0.0,0.0,0.0,0.0,0.0,0.0,0.0,0.0,0.0,0.0,0.0,0.0,0.0,0.0,0.0,0.0,0.0,0.0,0.0,0.0,0.0,0.0,0.0,0.0,0.0,0.0
202.33251173733913,122.90000000000009,242.9000000000001,362.9000000000001,482.9000000000001,602.9000000000001,722.9000000000001,842.9000000000001,962.9000000000001,1082.9,1202.9,1322.9,1442.9,1562.9,1682.9,1802.9,2335.9,3255.9,3375.9,3375.9,3375.9,2962.9,2042.9,1922.9,2.90000000000009,122.90000000000009,242.9000000000001,362.9000000000001,482.9000000000001,602.9000000000001,722.9000000000001,842.9000000000001,962.9000000000001,1082.9,1202.9,1322.9,1442.9,1562.9,1682.9,1802.9,2335.9,3255.9,3788.7152694039983,3375.9,3375.9,2962.9,2042.9,1922.9,602.8999999999996,482.89999999999964,362.9000000000001,482.9000000000001,602.9000000000001,722.9000000000001,842.9000000000001,962.9000000000001,1082.9,1202.9,1322.9,1442.9,1562.9,1682.9,1802.9,1922.9,2455.9,4175.9,4799.799999999999,4200.977147119471,3400.9771471194713,3231.75117847351,2162.9,2042.9,1442.8999999999996,1322.8999999999996,1202.8999999999996,1082.8999999999996,962.8999999999996,842.9000000000001,962.9000000000001,1082.9,1202.9,1322.9,1442.9,1562.9,1682.9,1802.9,1922.9,2042.9,3540.9,4799.799999999999,5334.200000000001,4839.799999999999,4793.9,4215.9,2636.615849147397,2042.9
0.0,0.0,0.0,0.0,0.0,0.0,0.0,0.0,0.0,0.0,0.0,0.0,0.0,0.0,0.0,0.0,0.0,272.5,672.5,272.5,272.5,272.5,0.0,0.0,0.0,0.0,0.0,0.0,0.0,0.0,0.0,0.0,0.0,0.0,0.0,0.0,0.0,0.0,0.0,0.0,0.0,387.5,1187.5,580.4721063370491,272.5,272.5,0.0,0.0,0.0,0.0,0.0,0.0,0.0,0.0,0.0,0.0,0.0,0.0,0.0,0.0,0.0,0.0,0.0,0.0,0.0,941.89913881426,1383.5,1187.4999999999989,787.5,672.4999999999982,0.0,0.0,0.0,0.0,0.0,0.0,0.0,0.0,0.0,0.0,0.0,0.0,0.0,0.0,0.0,0.0,0.0,0.0,583.5,1432.2202489666079,1904.2999999999997,1891.9,1383.5,1072.4999999999995,0.0,0.0
120.0,0.0,0.0,0.0,0.0,0.0,0.0,0.0,0.0,0.0,0.0,70.0,190.0,310.0,430.0,550.0,894.7566119916796,1694.7566119916792,2263.16110360216,2120.2,1574.9458917157992,1449.855839096084,550.0,430.0,120.0,0.0,0.0,0.0,0.0,0.0,0.0,0.0,0.0,0.0,0.0,70.0,190.0,310.0,430.0,550.0,844.290000535387,1644.2900005353874,2320.2,2120.2,1846.1185655342574,1470.0000000000007,550.0,430.0,360.0,240.0,120.0,0.0,0.0,0.0,0.0,0.0,0.0,0.0,0.0,70.0,190.0,310.0,430.0,550.0,1248.0,2247.9999999999977,2794.8455421571207,2320.2,2047.9999999999995,1669.9999999999995,669.9999999999995,549.9999999999995,669.9999999999998,550.0,430.0,310.0,190.0,70.0,0.0,120.0,0.0,120.0,0.0,70.0,190.0,310.0,430.0,550.0,1470.0,2796.1,3363.704674485337,2868.2999999999993,2149.8183705844217,2166.828678723325,1247.9999999999995,550.0
0.0,0.0,0.0,0.0,0.0,0.0,0.0,0.0,0.0,0.0,0.0,0.0,0.0,0.0,0.0,0.0,0.0,0.0,0.0,0.0,0.0,0.0,0.0,0.0,0.0,0.0,0.0,0.0,0.0,0.0,0.0,0.0,0.0,0.0,0.0,0.0,0.0,0.0,0.0,0.0,0.0,0.0,0.0,0.0,0.0,0.0,0.0,0.0,0.0,0.0,0.0,0.0,0.0,0.0,0.0,0.0,0.0,0.0,0.0,0.0,0.0,0.0,0.0,0.0,0.0,0.0,0.0,0.0,0.0,0.0,0.0,0.0,0.0,0.0,0.0,0.0,0.0,0.0,0.0,0.0,0.0,0.0,0.0,0.0,0.0,0.0,0.0,0.0,0.0,0.0,0.0,0.0,0.0,0.0,0.0,0.0
0.0,0.0,0.0,0.0,0.0,0.0,0.0,0.0,0.0,0.0,0.0,0.0,0.0,0.0,0.0,0.0,0.0,0.0,0.0,0.0,0.0,0.0,0.0,0.0,0.0,0.0,0.0,0.0,0.0,0.0,0.0,0.0,0.0,0.0,0.0,0.0,0.0,0.0,0.0,0.0,0.0,0.0,0.0,0.0,0.0,0.0,0.0,0.0,0.0,0.0,0.0,0.0,0.0,0.0,0.0,0.0,0.0,0.0,0.0,0.0,0.0,0.0,0.0,0.0,0.0,0.0,0.0,0.0,0.0,0.0,0.0,0.0,0.0,0.0,0.0,0.0,0.0,0.0,0.0,0.0,0.0,0.0,0.0,0.0,0.0,0.0,0.0,0.0,0.0,0.0,0.0,0.0,0.0,0.0,0.0,0.0
0.0,0.0,0.0,0.0,0.0,0.0,0.0,0.0,0.0,0.0,0.0,0.0,0.0,0.0,0.0,0.0,0.0,0.0,0.0,0.0,0.0,0.0,0.0,0.0,0.0,0.0,0.0,0.0,0.0,0.0,0.0,0.0,0.0,0.0,0.0,0.0,0.0,0.0,0.0,0.0,0.0,0.0,0.0,0.0,0.0,0.0,0.0,0.0,0.0,0.0,0.0,0.0,0.0,0.0,0.0,0.0,0.0,0.0,0.0,0.0,0.0,0.0,0.0,0.0,0.0,0.0,0.0,0.0,0.0,0.0,0.0,0.0,0.0,0.0,0.0,0.0,0.0,0.0,0.0,0.0,0.0,0.0,0.0,0.0,0.0,0.0,0.0,0.0,0.0,0.0,0.0,0.0,0.0,0.0,0.0,0.0
0.0,0.0,0.0,0.0,0.0,0.0,0.0,0.0,0.0,0.0,0.0,0.0,0.0,0.0,0.0,0.0,0.0,0.0,0.0,0.0,0.0,0.0,0.0,0.0,0.0,0.0,0.0,0.0,0.0,0.0,0.0,0.0,0.0,0.0,0.0,0.0,0.0,0.0,0.0,0.0,0.0,0.0,0.0,0.0,0.0,0.0,0.0,0.0,0.0,0.0,0.0,0.0,0.0,0.0,0.0,0.0,0.0,0.0,0.0,0.0,0.0,0.0,0.0,0.0,0.0,0.0,0.0,0.0,0.0,0.0,0.0,0.0,0.0,0.0,0.0,0.0,0.0,0.0,0.0,0.0,0.0,0.0,0.0,0.0,0.0,0.0,0.0,0.0,0.0,0.0,0.0,0.0,0.0,0.0,0.0,0.0
0.0,0.0,0.0,0.0,0.0,0.0,0.0,0.0,0.0,0.0,0.0,0.0,0.0,0.0,0.0,0.0,0.0,0.0,0.0,0.0,0.0,0.0,0.0,0.0,0.0,0.0,0.0,0.0,0.0,0.0,0.0,0.0,0.0,0.0,0.0,0.0,0.0,0.0,0.0,0.0,0.0,0.0,0.0,0.0,0.0,0.0,0.0,0.0,0.0,0.0,0.0,0.0,0.0,0.0,0.0,0.0,0.0,0.0,0.0,0.0,0.0,0.0,0.0,0.0,0.0,0.0,0.0,0.0,0.0,0.0,0.0,0.0,0.0,0.0,0.0,0.0,0.0,0.0,0.0,0.0,0.0,0.0,0.0,0.0,0.0,0.0,0.0,0.0,0.0,0.0,0.0,0.0,0.0,0.0,0.0,0.0
0.0,0.0,0.0,0.0,0.0,0.0,0.0,0.0,0.0,0.0,0.0,0.0,0.0,0.0,0.0,0.0,0.0,0.0,0.0,0.0,0.0,0.0,0.0,0.0,0.0,0.0,0.0,0.0,0.0,0.0,0.0,0.0,0.0,0.0,0.0,0.0,0.0,0.0,0.0,0.0,0.0,0.0,0.0,0.0,0.0,0.0,0.0,0.0,0.0,0.0,0.0,0.0,0.0,0.0,0.0,0.0,0.0,0.0,0.0,0.0,0.0,0.0,0.0,0.0,0.0,0.0,0.0,0.0,0.0,0.0,0.0,0.0,0.0,0.0,0.0,0.0,0.0,0.0,0.0,0.0,0.0,0.0,0.0,0.0,0.0,0.0,0.0,0.0,0.0,0.0,0.0,0.0,0.0,0.0,0.0,0.0
0.0,0.0,0.0,0.0,0.0,0.0,0.0,0.0,0.0,0.0,0.0,0.0,0.0,0.0,0.0,0.0,0.0,0.0,0.0,0.0,0.0,0.0,0.0,0.0,0.0,0.0,0.0,0.0,0.0,0.0,0.0,0.0,0.0,0.0,0.0,0.0,0.0,0.0,0.0,0.0,0.0,0.0,0.0,0.0,0.0,0.0,0.0,0.0,0.0,0.0,0.0,0.0,0.0,0.0,0.0,0.0,0.0,0.0,0.0,0.0,0.0,0.0,0.0,0.0,0.0,0.0,0.0,0.0,0.0,0.0,0.0,0.0,0.0,0.0,0.0,0.0,0.0,0.0,0.0,0.0,0.0,0.0,0.0,0.0,0.0,0.0,0.0,0.0,0.0,0.0,0.0,0.0,0.0,0.0,0.0,0.0
0.0,0.0,0.0,0.0,0.0,0.0,0.0,505.99192055311926,11.825410356243083,0.0,0.0,0.0,0.0,0.0,0.0,0.0,674.5,838.4,838.3999999999997,838.4,734.293279078206,59.793279078205956,0.0,0.0,0.0,0.0,0.0,0.0,0.0,0.0,0.0,674.5,0.0,0.0,0.0,0.0,0.0,0.0,0.0,0.0,674.5,838.4,917.9550399761393,838.3999999999997,674.4999999999998,0.0,0.0,0.0,0.0,0.0,0.0,0.0,0.0,0.0,254.60785132013,681.2891482405018,281.2891482405021,229.98135868541357,0.0,0.0,0.0,0.0,0.0,0.0,674.5,1076.0723527709083,1388.6,1365.0643211556521,965.0643211556522,618.4100630365391,0.0,0.0,0.0,0.0,0.0,0.0,0.0,0.0,674.5,838.4,838.3999999999997,838.4,674.5,0.0,0.0,0.0,0.0,320.347115081713,988.6,1388.6,1388.6,1388.6,1295.4222888607737,895.422288860774,438.4,838.4
522.0,642.0,762.0,882.0,1002.0,1122.0,1241.9999999999995,1642.0,1242.0,1242.0,1242.0,1122.0,1002.0,882.0,1002.0,1122.0,1641.9999999999998,1847.4999999999998,1847.4999999999998,1847.5,1847.5,1447.4999999999998,1122.0,1002.0,522.0,642.0,762.0,882.0,1002.0,1122.0,1241.9999999999998,1642.0,1242.0,1242.0,1128.527020700375,1008.5270207003751,888.5270207003751,882.0,1002.0,1122.0,1641.9999999999998,1847.4999999999998,1847.4999999999998,1847.5,1828.25345241377,1428.253452413771,1122.0,1002.0,522.0,642.0,762.0,882.0,1002.0,1122.0,1447.5,1847.4999999999998,1447.5,1241.9999999999998,1122.0,1002.0,882.0,882.0,1002.0,1122.0,1641.9999999999998,1847.4999999999998,1847.4999999999998,1847.5,1847.4999999999998,1641.9999999999995,1122.0,1241.9999999999998,642.0,762.0,882.0,1002.0,1122.0,1397.881091876619,1797.8810918766162,1847.5,1847.5,1847.5,1642.0,1241.9999999999995,1121.9999999999998,1002.0,1122.0,1447.4999999999998,1847.5,1847.4999999999998,1847.4999999999998,1847.5,1847.5,1847.4999999999995,1463.3094549570128,1847.4999999999998
0.0,0.0,0.0,0.0,0.0,0.0,0.0,0.0,0.0,0.0,0.0,0.0,0.0,0.0,0.0,0.0,0.0,0.0,0.0,0.0,0.0,0.0,0.0,0.0,0.0,0.0,0.0,0.0,0.0,0.0,0.0,0.0,0.0,0.0,0.0,0.0,0.0,0.0,0.0,0.0,0.0,0.0,0.0,0.0,0.0,0.0,0.0,0.0,0.0,0.0,0.0,0.0,0.0,0.0,0.0,0.0,0.0,0.0,0.0,0.0,0.0,0.0,0.0,0.0,0.0,0.0,0.0,0.0,0.0,0.0,0.0,0.0,0.0,0.0,0.0,0.0,0.0,0.0,0.0,0.0,0.0,0.0,0.0,0.0,0.0,0.0,0.0,0.0,0.0,0.0,0.0,0.0,0.0,0.0,0.0,0.0
0.0,0.0,0.0,0.0,0.0,0.0,0.0,0.0,0.0,0.0,0.0,0.0,0.0,0.0,0.0,0.0,0.0,0.0,23.389227048099087,0.0,0.0,0.0,0.0,0.0,0.0,0.0,0.0,0.0,0.0,0.0,0.0,0.0,0.0,0.0,0.0,0.0,0.0,0.0,0.0,0.0,0.0,0.0,399.99999999999955,0.0,0.0,0.0,0.0,0.0,0.0,0.0,0.0,0.0,0.0,0.0,0.0,0.0,0.0,0.0,0.0,0.0,0.0,0.0,0.0,0.0,0.0,400.0,984.0167655342268,578.0,243.36020072855365,0.0,0.0,0.0,0.0,0.0,0.0,0.0,0.0,0.0,0.0,0.0,0.0,0.0,0.0,0.0,0.0,0.0,0.0,0.0,209.82870745114587,1047.1282722013177,1402.5,1227.0,1066.8566186559456,178.0,0.0,0.0
0.0,0.0,0.0,0.0,0.0,0.0,0.0,0.0,0.0,0.0,0.0,0.0,0.0,0.0,0.0,0.0,0.0,0.0,0.0,0.0,0.0,0.0,0.0,0.0,0.0,0.0,0.0,0.0,0.0,0.0,0.0,0.0,0.0,0.0,0.0,0.0,0.0,0.0,0.0,0.0,0.0,0.0,0.0,0.0,0.0,0.0,0.0,0.0,0.0,0.0,0.0,0.0,0.0,0.0,0.0,0.0,0.0,0.0,0.0,0.0,0.0,0.0,0.0,0.0,0.0,0.0,0.0,0.0,0.0,0.0,0.0,0.0,0.0,0.0,0.0,0.0,0.0,0.0,0.0,0.0,0.0,0.0,0.0,0.0,0.0,0.0,0.0,0.0,0.0,0.0,0.0,0.0,0.0,0.0,0.0,0.0
1356.9256091772045,1476.9256091772045,1596.9256091772045,1716.9256091772045,1836.9256091772045,1956.9256091772045,2076.925609177204,2162.9,2162.9,2162.899999999999,2162.9,2042.9,1922.9,1802.9,1922.9,2042.9,2562.8999999999996,3082.9,3375.8999999999996,3375.9,2962.9,2162.9,2042.9,1922.9,1382.615390528014,1502.615390528014,1622.615390528014,1742.615390528014,1862.615390528014,1982.615390528014,2102.6153905280134,2235.0778009019214,2162.8999999999996,2162.9,2042.9,1922.9,1802.9,1802.9,1922.9,2042.9,2722.138595098299,3242.138595098299,3375.8999999999996,3375.9,2962.9,2162.9,2042.9,1922.9,1442.9,1562.9,1682.9,1802.9,1922.9,2042.9,2162.9,2562.9,2162.9,2162.9,2042.9,1922.9,1802.9,1802.9,1922.9,2042.9,2801.96402448958,3375.8999999999996,3375.8999999999996,3375.9,3375.9,2575.9,2042.9,2162.9,1562.9,1682.9,1802.9,1922.9,2042.9,2162.9,2962.9,3375.9,3082.9332277924564,2682.9332277924564,2449.472707009846,2162.9,2042.9,1922.9,2042.9,2575.9,3375.9,3733.917175794585,4533.917175794585,3955.917175794585,3375.9,3082.9,2282.9,2244.892924117766
0.0,0.0,0.0,0.0,0.0,0.0,0.0,0.0,0.0,0.0,0.0,0.0,0.0,0.0,0.0,0.0,119.90307898292411,272.5,272.5,272.4999999999999,272.5,0.0,0.0,0.0,0.0,0.0,0.0,0.0,0.0,0.0,0.0,0.0,0.0,0.0,0.0,0.0,0.0,0.0,0.0,0.0,0.0,272.5,272.4999999999998,272.4999999999999,272.4999999999999,0.0,0.0,0.0,0.0,0.0,0.0,0.0,0.0,0.0,0.0,0.0,0.0,0.0,0.0,0.0,0.0,0.0,0.0,0.0,0.0,272.5,672.5,272.5,272.5,0.0,0.0,0.0,0.0,0.0,0.0,0.0,0.0,0.0,272.5,272.4999999999998,272.5,115.15418839616567,0.0,0.0,0.0,0.0,0.0,0.0,272.5,868.4999999999998,1383.5,1124.433949718631,672.5,272.5,0.0,0.0
0.0,70.0,190.0,310.0,430.0,550.0,670.0,670.0,669.9999999999986,670.0,670.0,550.0,430.0,310.0,430.0,550.0,670.0,1072.6796876094545,1872.679687609455,1072.679687609455,670.0,670.0,550.0,643.2451327789057,0.0,70.0,190.0,310.0,430.0,550.0,670.0,670.0,670.0,669.9999999999998,669.9999999999986,550.0,430.0,310.0,430.0,550.0,670.0,1248.0,2048.0,1576.187845432988,1034.6212465644658,670.0,550.0,568.7585952793407,0.0,70.0,190.0,310.0,430.0,550.0,670.0,670.0,670.0,670.0,550.0,430.0,310.0,310.0,430.0,550.0,1247.999999999999,2047.9999999999982,2120.2,2120.2,1542.2,742.2,589.6388105724393,669.9999999999998,70.0,190.0,310.0,430.0,550.0,670.0,838.3840020181495,1404.2291038711082,670.0,670.0,669.9999999999991,670.0,550.0,430.0,550.0,742.2,1542.2,2120.2,2397.2,2320.2,2120.2,1320.2,742.2,670.0
0.0,0.0,0.0,0.0,0.0,0.0,0.0,0.0,0.0,0.0,0.0,0.0,0.0,0.0,0.0,0.0,0.0,0.0,0.0,0.0,0.0,0.0,0.0,0.0,0.0,0.0,0.0,0.0,0.0,0.0,0.0,0.0,0.0,0.0,0.0,0.0,0.0,0.0,0.0,0.0,0.0,0.0,0.0,0.0,0.0,0.0,0.0,0.0,0.0,0.0,0.0,0.0,0.0,0.0,0.0,0.0,0.0,0.0,0.0,0.0,0.0,0.0,0.0,0.0,0.0,0.0,0.0,0.0,0.0,0.0,0.0,0.0,0.0,0.0,0.0,0.0,0.0,0.0,0.0,0.0,0.0,0.0,0.0,0.0,0.0,0.0,0.0,0.0,0.0,0.0,0.0,0.0,0.0,0.0,0.0,0.0
0.0,0.0,0.0,0.0,0.0,0.0,0.0,0.0,0.0,0.0,0.0,0.0,0.0,0.0,0.0,0.0,0.0,0.0,0.0,0.0,0.0,0.0,0.0,0.0,0.0,0.0,0.0,0.0,0.0,0.0,0.0,0.0,0.0,0.0,0.0,0.0,0.0,0.0,0.0,0.0,0.0,0.0,0.0,0.0,0.0,0.0,0.0,0.0,0.0,0.0,0.0,0.0,0.0,0.0,0.0,0.0,0.0,0.0,0.0,0.0,0.0,0.0,0.0,0.0,0.0,0.0,0.0,0.0,0.0,0.0,0.0,0.0,0.0,0.0,0.0,0.0,0.0,0.0,0.0,0.0,0.0,0.0,0.0,0.0,0.0,0.0,0.0,0.0,0.0,0.0,0.0,0.0,0.0,0.0,0.0,0.0
0.0,0.0,0.0,0.0,0.0,0.0,0.0,0.0,0.0,0.0,0.0,0.0,0.0,0.0,0.0,0.0,0.0,0.0,0.0,0.0,0.0,0.0,0.0,0.0,0.0,0.0,0.0,0.0,0.0,0.0,0.0,0.0,0.0,0.0,0.0,0.0,0.0,0.0,0.0,0.0,0.0,0.0,0.0,0.0,0.0,0.0,0.0,0.0,0.0,0.0,0.0,0.0,0.0,0.0,0.0,0.0,0.0,0.0,0.0,0.0,0.0,0.0,0.0,0.0,0.0,0.0,0.0,0.0,0.0,0.0,0.0,0.0,0.0,0.0,0.0,0.0,0.0,0.0,0.0,0.0,0.0,0.0,0.0,0.0,0.0,0.0,0.0,0.0,0.0,0.0,0.0,0.0,0.0,0.0,0.0,0.0
0.0,0.0,0.0,0.0,0.0,0.0,0.0,0.0,0.0,0.0,0.0,0.0,0.0,0.0,0.0,0.0,0.0,0.0,0.0,0.0,0.0,0.0,0.0,0.0,0.0,0.0,0.0,0.0,0.0,0.0,0.0,0.0,0.0,0.0,0.0,0.0,0.0,0.0,0.0,0.0,0.0,0.0,0.0,0.0,0.0,0.0,0.0,0.0,0.0,0.0,0.0,0.0,0.0,0.0,0.0,0.0,0.0,0.0,0.0,0.0,0.0,0.0,0.0,0.0,0.0,0.0,0.0,0.0,0.0,0.0,0.0,0.0,0.0,0.0,0.0,0.0,0.0,0.0,0.0,0.0,0.0,0.0,0.0,0.0,0.0,0.0,0.0,0.0,0.0,0.0,0.0,0.0,0.0,0.0,0.0,0.0
0.0,0.0,0.0,0.0,0.0,0.0,0.0,0.0,0.0,0.0,0.0,0.0,0.0,0.0,0.0,0.0,0.0,0.0,0.0,0.0,0.0,0.0,0.0,0.0,0.0,0.0,0.0,0.0,0.0,0.0,0.0,0.0,0.0,0.0,0.0,0.0,0.0,0.0,0.0,0.0,0.0,0.0,0.0,0.0,0.0,0.0,0.0,0.0,0.0,0.0,0.0,0.0,0.0,0.0,0.0,0.0,0.0,0.0,0.0,0.0,0.0,0.0,0.0,0.0,0.0,0.0,0.0,0.0,0.0,0.0,0.0,0.0,0.0,0.0,0.0,0.0,0.0,0.0,0.0,0.0,0.0,0.0,0.0,0.0,0.0,0.0,0.0,0.0,0.0,0.0,0.0,0.0,0.0,0.0,0.0,0.0
0.0,0.0,0.0,0.0,0.0,0.0,0.0,0.0,0.0,0.0,0.0,0.0,0.0,0.0,0.0,0.0,0.0,0.0,0.0,0.0,0.0,0.0,0.0,0.0,0.0,0.0,0.0,0.0,0.0,0.0,0.0,0.0,0.0,0.0,0.0,0.0,0.0,0.0,0.0,0.0,0.0,0.0,0.0,0.0,0.0,0.0,0.0,0.0,0.0,0.0,0.0,0.0,0.0,0.0,0.0,0.0,0.0,0.0,0.0,0.0,0.0,0.0,0.0,0.0,0.0,0.0,0.0,0.0,0.0,0.0,0.0,0.0,0.0,0.0,0.0,0.0,0.0,0.0,0.0,0.0,0.0,0.0,0.0,0.0,0.0,0.0,0.0,0.0,0.0,0.0,0.0,0.0,0.0,0.0,0.0,0.0
0.0,0.0,0.0,0.0,0.0,0.0,0.0,0.0,0.0,0.0,0.0,0.0,0.0,0.0,0.0,0.0,0.0,0.0,0.0,0.0,0.0,0.0,0.0,0.0,0.0,0.0,0.0,0.0,0.0,0.0,0.0,0.0,0.0,0.0,0.0,0.0,0.0,0.0,0.0,0.0,0.0,0.0,0.0,0.0,0.0,0.0,0.0,0.0,0.0,0.0,0.0,0.0,0.0,0.0,0.0,0.0,0.0,0.0,0.0,0.0,0.0,0.0,0.0,0.0,0.0,0.0,0.0,0.0,0.0,0.0,0.0,0.0,0.0,0.0,0.0,0.0,0.0,0.0,0.0,0.0,0.0,0.0,0.0,0.0,0.0,0.0,0.0,0.0,0.0,0.0,0.0,0.0,0.0,0.0,0.0,0.0
0.0,0.0,0.0,0.0,0.0,0.0,0.0,0.0,0.0,438.4,838.4,838.4,838.4,279.695745601928,0.0,0.0,674.5,838.4,838.4,838.4,390.8671174309684,274.5,0.0,0.0,0.0,0.0,0.0,0.0,0.0,0.0,0.0,0.0,0.0,0.0,674.5,869.1697596955635,674.5,0.0,0.0,0.0,477.74137151603884,1238.4,838.3999999999997,838.4,163.89999999999998,0.0,0.0,0.0,0.0,0.0,0.0,0.0,0.0,0.0,0.0,0.0,183.8924718281677,674.5,838.4,1238.4,838.4,438.4,0.0,0.0,824.7,1388.6,1388.6,1238.4,838.4,674.5,0.0,0.0,0.0,0.0,0.0,0.0,0.0,0.0,0.0,674.5,838.4,988.6,1388.6,1388.6,1388.6,1238.4,625.9434773028602,838.4,1238.4,1388.6,1388.6,1388.6,988.6,1238.3999999999996,163.89999999999998,0.0
82.65775524354262,202.65775524354262,322.6577552435426,442.6577552435426,562.6577552435426,682.6577552435426,802.6577552435426,922.6577552435426,1042.6577552435426,1370.6165796139755,1847.4999999999998,1847.4999999999998,1847.4999999999995,1447.4999999999995,1122.0,1241.9999999999998,1642.0,1847.4999999999995,1847.5,1847.4999999999998,1447.4999999999998,1505.3201687641422,1122.0,1002.0,42.0,162.0,282.0,402.0,522.0,642.0,762.0,882.0,1002.0,1122.0,1641.9999999999995,1847.4999999999995,1641.9999999999995,1241.9999999999995,1122.0,1122.0,1641.9999999999995,1847.5,1847.5,1847.4999999999995,1447.5,1242.0,1122.0,1002.0,162.0,282.0,402.0,522.0,642.0,762.0,882.0,1002.0,1290.979345196948,1810.9793451969476,1847.4999999999995,1847.4999999999995,1847.499999999999,1632.2684979338433,1122.0,1241.9999999999995,1641.9999999999995,1847.4999999999995,1847.5,1847.4999999999995,1847.5,1642.0,1122.0,1002.0,1122.0,1002.0,882.0,762.0,882.0,1002.0,1122.0,1641.9999999999995,1847.4999999999995,1847.4999999999995,1847.499999999999,1847.4999999999995,1847.499999999999,1847.4999999999995,1847.5,1847.499999999999,1847.4999999999995,2247.5,2278.482194934698,1878.4821949346979,1847.4999999999995,1847.4999999999995,1447.5,1242.0
0.0,0.0,0.0,0.0,0.0,0.0,0.0,0.0,0.0,0.0,0.0,0.0,0.0,0.0,0.0,0.0,0.0,0.0,0.0,0.0,0.0,0.0,0.0,0.0,0.0,0.0,0.0,0.0,0.0,0.0,0.0,0.0,0.0,0.0,0.0,0.0,0.0,0.0,0.0,0.0,0.0,0.0,0.0,0.0,0.0,0.0,0.0,0.0,0.0,0.0,0.0,0.0,0.0,0.0,0.0,0.0,0.0,0.0,0.0,0.0,0.0,0.0,0.0,0.0,0.0,0.0,0.0,0.0,0.0,0.0,0.0,0.0,0.0,0.0,0.0,0.0,0.0,0.0,0.0,0.0,0.0,0.0,0.0,0.0,0.0,0.0,0.0,0.0,0.0,0.0,0.0,0.0,0.0,0.0,0.0,0.0
0.0,0.0,0.0,0.0,0.0,0.0,0.0,0.0,0.0,0.0,0.0,278.08222401868926,0.0,0.0,0.0,0.0,0.0,316.87439077897386,10.184408280094658,0.0,0.0,0.0,0.0,0.0,0.0,0.0,0.0,0.0,0.0,0.0,0.0,0.0,0.0,0.0,0.0,399.99999999999955,0.0,0.0,0.0,0.0,0.0,400.0,223.405063088239,399.99999999999955,0.0,0.0,0.0,0.0,0.0,0.0,0.0,0.0,0.0,0.0,0.0,0.0,0.0,0.0,0.0,913.5219499951618,0.0,0.0,0.0,0.0,336.77608146836405,1227.0,1227.0,1006.3922134838283,0.0,0.0,0.0,0.0,0.0,0.0,0.0,0.0,0.0,0.0,0.0,0.0,0.0,363.5857849698126,867.0,1663.4,1227.0,399.9999999999991,0.0,122.08077811513726,1044.2468176254076,1663.4,1663.4,1663.4,571.5383506862324,802.7844075808355,0.0,0.0
0.0,0.0,0.0,0.0,0.0,0.0,0.0,0.0,0.0,0.0,0.0,0.0,0.0,0.0,0.0,0.0,0.0,0.0,0.0,0.0,0.0,0.0,0.0,0.0,0.0,0.0,0.0,0.0,0.0,0.0,0.0,0.0,0.0,0.0,0.0,0.0,0.0,0.0,0.0,0.0,0.0,0.0,0.0,0.0,0.0,0.0,0.0,0.0,0.0,0.0,0.0,0.0,0.0,0.0,0.0,0.0,0.0,0.0,0.0,0.0,0.0,0.0,0.0,0.0,0.0,0.0,0.0,0.0,0.0,0.0,0.0,0.0,0.0,0.0,0.0,0.0,0.0,0.0,0.0,0.0,0.0,0.0,0.0,0.0,0.0,0.0,0.0,0.0,0.0,0.0,0.0,0.0,0.0,0.0,0.0,0.0
962.9000000000001,1082.9,1202.9,1322.9,1442.9,1562.9,1682.9,1802.9,1922.9,2042.9,2632.807478218573,3375.9,2750.540124055935,2162.9,2042.9,2162.899999999999,2575.9,3375.9,3375.9,3375.9,2575.9,2162.9,2042.9,1922.9,962.9000000000001,1082.9,1202.9,1322.9,1442.9,1562.9,1682.9,1802.9,1922.9,2042.9,2517.39442916904,3317.39442916904,2517.394429169041,2162.899999999999,2042.8999999999992,2042.9,2575.899999999999,3375.9,3375.899999999999,3066.513616671078,2266.513616671078,2162.9,2042.9,1922.9,1082.9,1202.9,1322.9,1442.9,1562.9,1682.9,1802.9,1922.9,2042.9,2282.899999999999,3045.645672744923,3375.9,3375.9,2575.8999999999983,2042.9,2162.899999999999,2962.9,3775.9,3531.7727017528723,3375.899999999999,2629.9322062044243,2691.219068745953,2042.8999999999992,1922.8999999999992,1895.7579563901713,1775.7579563901713,1655.7579563901722,1682.9,1802.9,1922.9,2042.9,2331.3133268334977,3082.9,3375.9,3953.8999999999983,4799.799999999997,3953.8999999999965,3375.8999999999965,2575.8999999999983,3015.899999999999,3993.899999999999,5192.799999999997,5192.799999999997,4839.799999999999,3993.9,3214.7389340207787,2374.7389340207797,2162.9
0.0,0.0,0.0,0.0,0.0,0.0,0.0,0.0,0.0,0.0,0.0,272.5,0.0,0.0,0.0,0.0,0.0,272.5,272.4999999999998,272.5,0.0,0.0,0.0,0.0,0.0,0.0,0.0,0.0,0.0,0.0,0.0,0.0,0.0,0.0,0.0,272.5,0.0,0.0,0.0,0.0,0.0,272.4999999999998,272.4999999999998,272.5,0.0,0.0,0.0,0.0,0.0,0.0,0.0,0.0,0.0,0.0,0.0,0.0,0.0,0.0,272.5,672.5,272.5,0.0,0.0,0.0,272.5,679.3663345279921,787.4999999999977,672.5,0.0,272.4999999999977,0.0,0.0,0.0,0.0,0.0,0.0,0.0,0.0,0.0,0.0,272.5,272.5,647.6279604035087,1803.1869005933518,868.5,272.5,0.0,272.5,868.5,1891.9,1891.9,1383.4999999999977,583.5,672.4999999999995,0.0,0.0
0.0,0.0,0.0,0.0,70.0,190.0,310.0,430.0,550.0,670.0,670.0,1470.0,670.0,670.0,550.0,669.9999999999995,1193.272067479712,1993.2720674797124,2095.9819818926817,1517.9819818926815,717.9819818926819,670.0,550.0,430.0,0.0,0.0,0.0,0.0,70.0,190.0,310.0,430.0,550.0,670.0,669.9999999999995,1470.0,670.0,670.0,550.0,550.0,922.4130422644405,1722.4130422644405,2048.0,1470.0,670.0,670.0,550.0,430.0,0.0,0.0,0.0,70.0,190.0,310.0,430.0,550.0,670.0,709.8785807344782,1287.8785807344782,2087.8785807344784,1509.8785807344782,709.8785807344782,550.0,670.0,1470.0,2248.0,2320.2,2120.2,1320.2,742.2,550.0,430.0,670.0,550.0,430.0,550.0,670.0,550.0,670.0,670.0,1430.9024344791633,2048.0,2120.2,2868.2999999999984,2181.5908586224596,1847.4644854329854,1047.4644854329845,1320.1999999999991,2120.199999999999,2868.2999999999993,2868.2999999999993,2651.5937058329664,2047.999999999999,1470.0,670.0,670.0
0.0,0.0,0.0,0.0,0.0,0.0,0.0,0.0,0.0,0.0,0.0,0.0,0.0,0.0,0.0,0.0,0.0,0.0,0.0,0.0,0.0,0.0,0.0,0.0,0.0,0.0,0.0,0.0,0.0,0.0,0.0,0.0,0.0,0.0,0.0,0.0,0.0,0.0,0.0,0.0,0.0,0.0,0.0,0.0,0.0,0.0,0.0,0.0,0.0,0.0,0.0,0.0,0.0,0.0,0.0,0.0,0.0,0.0,0.0,0.0,0.0,0.0,0.0,0.0,0.0,0.0,0.0,0.0,0.0,0.0,0.0,0.0,0.0,0.0,0.0,0.0,0.0,0.0,0.0,0.0,0.0,0.0,0.0,0.0,0.0,0.0,0.0,0.0,0.0,0.0,0.0,0.0,0.0,0.0,0.0,0.0
0.0,0.0,0.0,0.0,0.0,0.0,0.0,0.0,0.0,0.0,0.0,0.0,0.0,0.0,0.0,0.0,0.0,0.0,0.0,0.0,0.0,0.0,0.0,0.0,0.0,0.0,0.0,0.0,0.0,0.0,0.0,0.0,0.0,0.0,0.0,0.0,0.0,0.0,0.0,0.0,0.0,0.0,0.0,0.0,0.0,0.0,0.0,0.0,0.0,0.0,0.0,0.0,0.0,0.0,0.0,0.0,0.0,0.0,0.0,0.0,0.0,0.0,0.0,0.0,0.0,0.0,0.0,0.0,0.0,0.0,0.0,0.0,0.0,0.0,0.0,0.0,0.0,0.0,0.0,0.0,0.0,0.0,0.0,0.0,0.0,0.0,0.0,0.0,0.0,0.0,0.0,0.0,0.0,0.0,0.0,0.0
0.0,0.0,0.0,0.0,0.0,0.0,0.0,0.0,0.0,0.0,0.0,0.0,0.0,0.0,0.0,0.0,0.0,0.0,0.0,0.0,0.0,0.0,0.0,0.0,0.0,0.0,0.0,0.0,0.0,0.0,0.0,0.0,0.0,0.0,0.0,0.0,0.0,0.0,0.0,0.0,0.0,0.0,0.0,0.0,0.0,0.0,0.0,0.0,0.0,0.0,0.0,0.0,0.0,0.0,0.0,0.0,0.0,0.0,0.0,0.0,0.0,0.0,0.0,0.0,0.0,0.0,0.0,0.0,0.0,0.0,0.0,0.0,0.0,0.0,0.0,0.0,0.0,0.0,0.0,0.0,0.0,0.0,0.0,0.0,0.0,0.0,0.0,0.0,0.0,0.0,0.0,0.0,0.0,0.0,0.0,0.0
0.0,0.0,0.0,0.0,0.0,0.0,0.0,0.0,0.0,0.0,0.0,0.0,0.0,0.0,0.0,0.0,0.0,0.0,0.0,0.0,0.0,0.0,0.0,0.0,0.0,0.0,0.0,0.0,0.0,0.0,0.0,0.0,0.0,0.0,0.0,0.0,0.0,0.0,0.0,0.0,0.0,0.0,0.0,0.0,0.0,0.0,0.0,0.0,0.0,0.0,0.0,0.0,0.0,0.0,0.0,0.0,0.0,0.0,0.0,0.0,0.0,0.0,0.0,0.0,0.0,0.0,0.0,0.0,0.0,0.0,0.0,0.0,0.0,0.0,0.0,0.0,0.0,0.0,0.0,0.0,0.0,0.0,0.0,0.0,0.0,0.0,0.0,0.0,0.0,0.0,0.0,0.0,0.0,0.0,0.0,0.0
0.0,0.0,0.0,0.0,0.0,0.0,0.0,0.0,0.0,0.0,0.0,0.0,0.0,0.0,0.0,0.0,0.0,0.0,0.0,0.0,0.0,0.0,0.0,0.0,0.0,0.0,0.0,0.0,0.0,0.0,0.0,0.0,0.0,0.0,0.0,0.0,0.0,0.0,0.0,0.0,0.0,0.0,0.0,0.0,0.0,0.0,0.0,0.0,0.0,0.0,0.0,0.0,0.0,0.0,0.0,0.0,0.0,0.0,0.0,0.0,0.0,0.0,0.0,0.0,0.0,0.0,0.0,0.0,0.0,0.0,0.0,0.0,0.0,0.0,0.0,0.0,0.0,0.0,0.0,0.0,0.0,0.0,0.0,0.0,0.0,0.0,0.0,0.0,0.0,0.0,0.0,0.0,0.0,0.0,0.0,0.0
0.0,0.0,0.0,0.0,0.0,0.0,0.0,0.0,0.0,0.0,0.0,0.0,0.0,0.0,0.0,0.0,0.0,0.0,0.0,0.0,0.0,0.0,0.0,0.0,0.0,0.0,0.0,0.0,0.0,0.0,0.0,0.0,0.0,0.0,0.0,0.0,0.0,0.0,0.0,0.0,0.0,0.0,0.0,0.0,0.0,0.0,0.0,0.0,0.0,0.0,0.0,0.0,0.0,0.0,0.0,0.0,0.0,0.0,0.0,0.0,0.0,0.0,0.0,0.0,0.0,0.0,0.0,0.0,0.0,0.0,0.0,0.0,0.0,0.0,0.0,0.0,0.0,0.0,0.0,0.0,0.0,0.0,0.0,0.0,0.0,0.0,0.0,0.0,0.0,0.0,0.0,0.0,0.0,0.0,0.0,0.0
0.0,0.0,0.0,0.0,0.0,0.0,0.0,0.0,0.0,0.0,0.0,0.0,0.0,0.0,0.0,0.0,0.0,0.0,0.0,0.0,0.0,0.0,0.0,0.0,0.0,0.0,0.0,0.0,0.0,0.0,0.0,0.0,0.0,0.0,0.0,0.0,0.0,0.0,0.0,0.0,0.0,0.0,0.0,0.0,0.0,0.0,0.0,0.0,0.0,0.0,0.0,0.0,0.0,0.0,0.0,0.0,0.0,0.0,0.0,0.0,0.0,0.0,0.0,0.0,0.0,0.0,0.0,0.0,0.0,0.0,0.0,0.0,0.0,0.0,0.0,0.0,0.0,0.0,0.0,0.0,0.0,0.0,0.0,0.0,0.0,0.0,0.0,0.0,0.0,0.0,0.0,0.0,0.0,0.0,0.0,0.0
