0.0,0.0,0.0,0.0,0.0,0.0,0.0,674.5,130.47604219482295,274.4999999999998,438.4,838.4,838.4,838.3999999999997,838.3999999999997,1100.528694292137,1296.2188959825453,1388.6,1388.6,1388.6,1388.6,1388.6,1388.6,1020.1495521122192,0.0,0.0,0.0,0.0,0.0,0.0,0.0,674.4999999999998,12.839639857474964,274.5,392.14051198362654,792.1405119836265,838.4,838.3999999999997,882.3021665102559,1282.3021665102556,1388.6,1388.6,1388.6,1388.6,1388.6,1388.6,1388.6,1388.6,0.0,0.0,0.0,0.0,0.0,0.0,0.0,674.4999999999998,274.5,274.4999999999998,499.54539359643115,838.3999999999997,838.4,1068.376221340025,1373.4210290969086,1388.6,1388.6,1388.6,1388.6,1388.6,1388.6,1388.6,1388.6,1388.6,0.0,0.0,0.0,0.0,0.0,0.0,438.39999999999975,838.4,838.3999999999997,838.4,838.4,882.3764504034456,1282.3764504034457,1388.6,1388.6,1388.6,1388.6,1388.6,1388.6,1388.6,1388.6,1388.6,1388.6,1388.6
402.0,522.0,642.0,762.0,882.0,1002.0,1122.0,1641.9999999999995,1242.0,1517.9029752138752,1720.964384481507,1847.4999999999998,1847.4999999999998,1847.4999999999995,1847.4999999999998,1847.5,1847.4999999999995,1847.4999999999995,1847.4999999999998,1847.4999999999995,1847.4999999999995,1847.499999999999,1847.5,1847.5,402.0,522.0,642.0,762.0,882.0,1002.0,1122.0,1641.9999999999998,1241.9999999999998,1362.8030543129498,1558.8248915021618,1847.4999999999998,1847.4999999999995,1847.5,1847.5,1847.4999999999993,1847.4999999999995,1847.4999999999998,1847.5,1847.499999999999,1847.4999999999995,1847.4999999999998,1847.4999999999998,1847.4999999999998,402.0,522.0,642.0,762.0,882.0,1002.0,1122.0,1641.9999999999998,1367.8346061087223,1756.7126317697407,1847.5,1847.5,1847.5,1847.4999999999995,1847.4999999999995,1847.5,1847.4999999999998,1847.4999999999998,1847.4999999999998,1847.4999999999995,1847.4999999999993,1847.4999999999998,1847.5,1847.4999999999998,522.0,642.0,762.0,882.0,1002.0,1122.0,1569.1607811726335,1847.4999999999998,1847.4999999999995,1847.4999999999998,1847.4999999999998,1847.4999999999995,1847.5,1847.5,1847.4999999999998,1847.4999999999998,1847.4999999999998,1847.4999999999995,1847.5,1847.4999999999995,1847.4999999999993,1847.4999999999993,1847.4999999999998,1847.4999999999998
0.0,0.0,0.0,0.0,0.0,0.0,0.0,0.0,0.0,0.0,0.0,0.0,0.0,0.0,0.0,0.0,0.0,0.0,0.0,0.0,0.0,0.0,0.0,0.0,0.0,0.0,0.0,0.0,0.0,0.0,0.0,0.0,0.0,0.0,0.0,0.0,0.0,0.0,0.0,0.0,0.0,0.0,0.0,0.0,0.0,0.0,0.0,0.0,0.0,0.0,0.0,0.0,0.0,0.0,0.0,0.0,0.0,0.0,0.0,0.0,0.0,0.0,0.0,0.0,0.0,0.0,0.0,0.0,0.0,0.0,0.0,0.0,0.0,0.0,0.0,0.0,0.0,0.0,0.0,0.0,0.0,0.0,0.0,0.0,0.0,0.0,0.0,0.0,0.0,0.0,0.0,0.0,0.0,0.0,0.0,0.0
0.0,0.0,0.0,0.0,0.0,0.0,0.0,0.0,0.0,0.0,0.0,0.0,0.0,0.0,0.0,399.9999999999998,577.9999999999995,867.0,632.2737376966236,830.4827087579118,867.0,867.0,586.3812659678667,578.0,0.0,0.0,0.0,0.0,0.0,0.0,0.0,0.0,0.0,0.0,0.0,0.0,0.0,23.91762880668685,178.0,867.0,894.553336832459,1227.0,1026.050001128437,1227.0,1227.0,1227.0,1130.036098512547,866.9999999999998,0.0,0.0,0.0,0.0,0.0,0.0,0.0,0.0,0.0,0.0,0.0,0.0,288.79323968336087,578.0,578.0,1227.0,1227.0,1227.0,1226.9999999999995,1227.0,1227.0,1227.0,1227.0,1226.9999999999995,0.0,0.0,0.0,0.0,0.0,0.0,0.0,0.0,0.0,0.0,0.0,178.0,867.0,1227.0,1227.0,1227.0,1463.532410615644,1663.4,1663.4,1663.4,1663.4,1663.4,1663.3999999999996,1314.9610163398463
0.0,0.0,0.0,0.0,0.0,0.0,0.0,0.0,0.0,0.0,0.0,0.0,0.0,0.0,0.0,0.0,0.0,0.0,0.0,0.0,0.0,0.0,0.0,0.0,0.0,0.0,0.0,0.0,0.0,0.0,0.0,0.0,0.0,0.0,0.0,0.0,0.0,0.0,0.0,0.0,0.0,0.0,0.0,0.0,0.0,0.0,0.0,0.0,0.0,0.0,0.0,0.0,0.0,0.0,0.0,0.0,0.0,0.0,0.0,0.0,0.0,0.0,0.0,0.0,0.0,0.0,0.0,0.0,0.0,0.0,0.0,0.0,0.0,0.0,0.0,0.0,0.0,0.0,0.0,0.0,0.0,0.0,0.0,0.0,0.0,0.0,0.0,0.0,0.0,0.0,0.0,0.0,0.0,0.0,0.0,0.0
1202.9,1322.9,1442.9,1562.9,1682.9,1802.9,1922.9,2184.5976492122445,2162.9,2162.8999999999996,2162.9,2384.9037484778546,3184.9037484778546,3375.9,3375.9,3375.8999999999996,3375.9,3375.9,3375.9,3375.9,3375.8999999999996,3375.9,3375.9,3375.9,1202.9,1322.9,1442.9,1562.9,1682.9,1802.9,1922.9,2392.584071251292,2162.9,2162.9,2162.9,2322.3306726709957,3122.3306726709957,3375.9,3375.9,3375.9,3375.9,3375.9,3375.9,3375.9,3375.9,3375.899999999999,3375.9,3375.9,1282.3120844385253,1402.3120844385253,1522.3120844385253,1642.3120844385253,1762.3120844385253,1882.3120844385253,2002.3120844385253,2726.8450880858154,2162.9,2162.899999999999,2162.899999999999,2575.9,3375.9,3375.9,3375.9,3377.9083905777766,3732.0428671431505,3953.9,3953.9,3953.9,4088.0785184079814,4092.7529159660367,3953.9,3914.2714675439656,1442.9,1562.9,1682.9,1802.9,1922.9,2042.9,2314.8882843161887,3114.8882843161887,2663.9263225367813,2831.8231672154857,3133.255915246675,3375.899999999999,3375.9,3601.983861634022,3713.4529879549273,4513.452987954927,4839.799999999999,4839.799999999999,4839.799999999999,4839.799999999999,4839.799999999999,4839.799999999999,4839.799999999999,4793.9
0.0,0.0,0.0,0.0,0.0,0.0,0.0,0.0,0.0,0.0,0.0,0.0,272.49999999999966,272.4999999999999,272.5,272.4999999999998,272.5,272.5,272.5,272.5,272.5,359.05418790732585,272.4999999999998,272.5,0.0,0.0,0.0,0.0,0.0,0.0,0.0,0.0,0.0,0.0,0.0,0.0,272.5,272.5,272.5,272.5,672.5,787.5,787.5,787.5,787.5,787.5,787.5,654.1168531524979,0.0,0.0,0.0,0.0,0.0,0.0,0.0,272.5,0.0,0.0,0.0,0.0,272.4999999999998,272.5,272.5,672.5,947.141393641091,1347.1413936410909,1025.515510904882,1329.0013792214127,1383.5,1383.5,1198.4289238401877,798.4289238401882,0.0,0.0,0.0,0.0,0.0,0.0,0.0,272.5,0.0,272.5,272.49999999999955,272.5,658.2728187303154,787.5,983.5,1383.5,1383.5,1457.525805761331,1383.5,1440.3379339707128,1575.8609152278011,1671.9098405259508,1383.5,1383.5
0.0,0.0,70.0,190.0,310.0,430.0,550.0,670.0,670.0,670.0,670.0,670.0,1234.0421841327427,1776.4482372397292,1932.6828873876332,2120.2,2120.2,2120.2,2120.2,2120.2,2120.2,2120.2,2120.2,2120.2,0.0,0.0,70.0,190.0,310.0,430.0,550.0,670.0,670.0,670.0,670.0,670.0,1470.0,2048.0,2107.512173583099,2120.2,2120.2,2120.2,2120.2,2120.2,2320.2,2241.44278796238,2120.2,2120.2,0.0,0.0,70.0,190.0,310.0,430.0,550.0,670.0,670.0,670.0,670.0,877.8094776401682,1677.8094776401683,2120.2,2120.2,2320.2,2320.2,2320.2,2320.2,2320.2,2320.2,2320.2,2320.2,2320.2,0.0,70.0,190.0,310.0,430.0,550.0,670.0,1469.9999999999995,670.0,669.9999999999995,742.2,1320.1999999999996,2120.2,2320.2,2299.901137111794,2397.2,2482.2,2868.2999999999993,2604.372995678008,2868.2999999999993,2868.2999999999993,2868.2999999999993,2555.1910118259825,2397.2
0.0,0.0,0.0,0.0,0.0,0.0,0.0,0.0,0.0,0.0,0.0,0.0,0.0,0.0,0.0,0.0,0.0,0.0,0.0,0.0,0.0,0.0,0.0,0.0,0.0,0.0,0.0,0.0,0.0,0.0,0.0,0.0,0.0,0.0,0.0,0.0,0.0,0.0,0.0,0.0,0.0,0.0,0.0,0.0,0.0,0.0,0.0,0.0,0.0,0.0,0.0,0.0,0.0,0.0,0.0,0.0,0.0,0.0,0.0,0.0,0.0,0.0,0.0,0.0,0.0,0.0,0.0,0.0,0.0,0.0,0.0,0.0,0.0,0.0,0.0,0.0,0.0,0.0,0.0,0.0,0.0,0.0,0.0,0.0,0.0,0.0,0.0,0.0,0.0,0.0,0.0,0.0,0.0,0.0,0.0,0.0
0.0,0.0,0.0,0.0,0.0,0.0,0.0,0.0,0.0,0.0,0.0,0.0,0.0,0.0,0.0,0.0,0.0,0.0,0.0,0.0,0.0,0.0,0.0,0.0,0.0,0.0,0.0,0.0,0.0,0.0,0.0,0.0,0.0,0.0,0.0,0.0,0.0,0.0,0.0,0.0,0.0,0.0,0.0,0.0,0.0,0.0,0.0,0.0,0.0,0.0,0.0,0.0,0.0,0.0,0.0,0.0,0.0,0.0,0.0,0.0,0.0,0.0,0.0,0.0,0.0,0.0,0.0,0.0,0.0,0.0,0.0,0.0,0.0,0.0,0.0,0.0,0.0,0.0,0.0,0.0,0.0,0.0,0.0,0.0,0.0,0.0,0.0,0.0,0.0,0.0,0.0,0.0,0.0,0.0,0.0,0.0
0.0,0.0,0.0,0.0,0.0,0.0,0.0,0.0,0.0,0.0,0.0,0.0,0.0,0.0,0.0,0.0,0.0,0.0,0.0,0.0,0.0,0.0,0.0,0.0,0.0,0.0,0.0,0.0,0.0,0.0,0.0,0.0,0.0,0.0,0.0,0.0,0.0,0.0,0.0,0.0,0.0,0.0,0.0,0.0,0.0,0.0,0.0,0.0,0.0,0.0,0.0,0.0,0.0,0.0,0.0,0.0,0.0,0.0,0.0,0.0,0.0,0.0,0.0,0.0,0.0,0.0,0.0,0.0,0.0,0.0,0.0,0.0,0.0,0.0,0.0,0.0,0.0,0.0,0.0,0.0,0.0,0.0,0.0,0.0,0.0,0.0,0.0,0.0,0.0,0.0,0.0,0.0,0.0,0.0,0.0,0.0
0.0,0.0,0.0,0.0,0.0,0.0,0.0,0.0,0.0,0.0,0.0,0.0,0.0,0.0,0.0,0.0,0.0,0.0,0.0,0.0,0.0,0.0,0.0,0.0,0.0,0.0,0.0,0.0,0.0,0.0,0.0,0.0,0.0,0.0,0.0,0.0,0.0,0.0,0.0,0.0,0.0,0.0,0.0,0.0,0.0,0.0,0.0,0.0,0.0,0.0,0.0,0.0,0.0,0.0,0.0,0.0,0.0,0.0,0.0,0.0,0.0,0.0,0.0,0.0,0.0,0.0,0.0,0.0,0.0,0.0,0.0,0.0,0.0,0.0,0.0,0.0,0.0,0.0,0.0,0.0,0.0,0.0,0.0,0.0,0.0,0.0,0.0,0.0,0.0,0.0,0.0,0.0,0.0,0.0,0.0,0.0
0.0,0.0,0.0,0.0,0.0,0.0,0.0,0.0,0.0,0.0,0.0,0.0,0.0,0.0,0.0,0.0,0.0,0.0,0.0,0.0,0.0,0.0,0.0,0.0,0.0,0.0,0.0,0.0,0.0,0.0,0.0,0.0,0.0,0.0,0.0,0.0,0.0,0.0,0.0,0.0,0.0,0.0,0.0,0.0,0.0,0.0,0.0,0.0,0.0,0.0,0.0,0.0,0.0,0.0,0.0,0.0,0.0,0.0,0.0,0.0,0.0,0.0,0.0,0.0,0.0,0.0,0.0,0.0,0.0,0.0,0.0,0.0,0.0,0.0,0.0,0.0,0.0,0.0,0.0,0.0,0.0,0.0,0.0,0.0,0.0,0.0,0.0,0.0,0.0,0.0,0.0,0.0,0.0,0.0,0.0,0.0
0.0,0.0,0.0,0.0,0.0,0.0,0.0,0.0,0.0,0.0,0.0,0.0,0.0,0.0,0.0,0.0,0.0,0.0,0.0,0.0,0.0,0.0,0.0,0.0,0.0,0.0,0.0,0.0,0.0,0.0,0.0,0.0,0.0,0.0,0.0,0.0,0.0,0.0,0.0,0.0,0.0,0.0,0.0,0.0,0.0,0.0,0.0,0.0,0.0,0.0,0.0,0.0,0.0,0.0,0.0,0.0,0.0,0.0,0.0,0.0,0.0,0.0,0.0,0.0,0.0,0.0,0.0,0.0,0.0,0.0,0.0,0.0,0.0,0.0,0.0,0.0,0.0,0.0,0.0,0.0,0.0,0.0,0.0,0.0,0.0,0.0,0.0,0.0,0.0,0.0,0.0,0.0,0.0,0.0,0.0,0.0
1388.6,1388.6,1238.3999999999996,838.4,838.4,838.4,988.6,1388.6,1388.6,1388.6,1296.7112205844724,896.7112205844721,988.6,1388.6,1388.6,1388.6,1388.5999999999995,1388.6,1388.6,1401.0999999999995,1388.6,1388.6,1388.6,1022.1760761700975,1388.6,1388.6,1388.6,1221.8384436405781,1238.3999999999996,838.4,988.6,1388.6,1388.6,1388.6,1238.3999999999996,838.4,838.4,1001.8444246072949,1195.7497386566852,1345.1787268417017,1314.5638199113928,1388.6,1401.1,1401.1,1401.1,1388.6,1388.6,1388.6,1388.6,1388.6,1388.6,1388.6,1388.6,988.6,1379.9341971870654,1388.6,1388.6,1388.6,1249.7078302175369,1003.1732213109569,848.2329395160372,878.3739016155998,1173.688884643089,1380.031773768866,1388.6,1388.6,1401.1,1401.1,1401.1,1388.6,1388.6,1388.6,1401.1,1401.1,1388.6,1388.6,1388.6,1388.6,1388.6,1388.5999999999995,1401.1,1401.1,1388.6,1168.922171652407,926.4120389437531,1153.4180928281744,1388.6,1388.6,1388.6,1695.4535810741622,2095.4535810741627,2201.5379974444277,1940.9764708392863,1388.6,1388.6,1388.6
1847.4999999999998,1847.4999999999995,1847.4999999999995,1847.5,1847.4999999999998,1847.4999999999998,1847.4999999999995,1847.5,1847.5,1847.4999999999995,1847.4999999999995,1847.4999999999995,1847.4999999999995,1847.4999999999995,1847.4999999999995,1847.4999999999995,1847.4999999999995,2055.468364916415,2455.4683649164153,2637.5,2298.0063486118743,1898.0063486118745,1847.5,1847.4999999999995,1847.4999999999998,1847.4999999999998,1847.4999999999998,1847.5,1847.5,1847.4999999999995,1847.5,1847.5,1847.4999999999995,1847.499999999999,1847.5,1847.4999999999995,1847.499999999999,1847.4999999999995,1847.4999999999995,1847.4999999999995,1847.4999999999995,2237.499999999999,2637.4999999999995,2737.499999999999,2637.4999999999995,2237.499999999999,1847.5,1847.4999999999995,1847.5,1847.4999999999998,1847.4999999999995,1847.5,1847.5,1847.4999999999995,1847.4999999999995,1847.5,1847.499999999999,1847.4999999999995,1847.4999999999995,1847.5,1847.4999999999995,1847.5,1847.4999999999995,1847.5,1847.4999999999995,2247.4999999999995,3278.7,3412.699999999999,3278.7,2237.4999999999995,1847.4999999999995,1847.4999999999995,2637.4999999999995,2637.4999999999995,2237.499999999999,1847.5,1847.5,1847.499999999999,1847.499999999999,2237.4999999999995,2637.4999999999995,2637.4999999999995,2237.5,1847.5,1847.5,2221.184813075058,2621.1848130750577,2221.184813075058,2357.4999999999995,3107.504266853689,3548.117146063768,3653.4381231004754,3497.9,2856.699999999999,2736.7,2237.4999999999995
0.0,0.0,0.0,0.0,0.0,0.0,0.0,0.0,0.0,0.0,0.0,0.0,0.0,0.0,0.0,0.0,0.0,0.0,0.0,0.0,0.0,0.0,0.0,0.0,0.0,0.0,0.0,0.0,0.0,0.0,0.0,0.0,0.0,0.0,0.0,0.0,0.0,0.0,0.0,0.0,0.0,0.0,0.0,0.0,0.0,0.0,0.0,0.0,0.0,0.0,0.0,0.0,0.0,0.0,0.0,0.0,0.0,0.0,0.0,0.0,0.0,0.0,0.0,0.0,0.0,0.0,0.0,0.0,0.0,0.0,0.0,0.0,0.0,0.0,0.0,0.0,0.0,0.0,0.0,0.0,0.0,0.0,0.0,0.0,0.0,0.0,0.0,0.0,0.0,0.0,0.0,0.0,0.0,0.0,0.0,0.0
1100.4280798938698,867.0,481.36668939519564,81.36668939519564,153.02070770532805,0.0,178.0,867.0,1227.0,1226.9999999999995,578.0,423.28523706079613,236.00665493722937,577.9999999999995,1227.0,867.0,867.0,1227.0,1663.4,1696.6,1663.4,1227.0,1227.0,578.0,1227.0,1227.0,1227.0,578.0,747.5363250924082,178.0,178.0,867.0,1227.0,1227.0,568.8940768448892,168.89407684488924,178.0,679.366435373722,1227.0,1226.999999999999,867.0,1414.8916097344159,1874.6,1874.6,1874.5999999999995,1227.0,1227.0,1226.999999999999,1597.806348546294,1430.3899929028248,1227.0,1227.0,1227.0,578.0,578.0,1227.0,1663.4,1402.5,578.0,698.2496679485889,642.8263252835852,867.0,1402.5,1227.0,1227.0,1663.4,1874.6,1874.6,1874.6,1663.4,1663.3999999999996,1227.0,1822.3384590513012,1696.6,1663.4,1227.0,1227.0,867.0,1227.0,1663.4,1874.6,1696.6,1227.0,1227.0,1227.0,1226.999999999999,1663.4,1663.4,1663.4,1874.6,1916.1,1916.1,1916.1,1696.6,1696.6,1663.4
0.0,0.0,0.0,0.0,0.0,0.0,0.0,0.0,0.0,0.0,0.0,0.0,0.0,0.0,0.0,0.0,0.0,0.0,0.0,0.0,0.0,0.0,0.0,0.0,0.0,0.0,0.0,0.0,0.0,0.0,0.0,0.0,0.0,0.0,0.0,0.0,0.0,0.0,0.0,0.0,0.0,0.0,0.0,0.0,0.0,0.0,0.0,0.0,0.0,0.0,0.0,0.0,0.0,0.0,0.0,0.0,0.0,0.0,0.0,0.0,0.0,0.0,0.0,0.0,0.0,0.0,0.0,0.0,0.0,0.0,0.0,0.0,0.0,0.0,0.0,0.0,0.0,0.0,0.0,0.0,0.0,0.0,0.0,0.0,0.0,0.0,0.0,0.0,0.0,0.0,0.0,0.0,0.0,0.0,0.0,0.0
3375.9,3375.9,3375.9,3375.9,3375.9,2975.9,3375.9,3375.9,4013.1710431425577,3775.899999999999,3375.8999999999983,3375.9,3375.899999999999,3375.9,3775.9,3375.9,3593.9,4393.9,5192.799999999999,5263.200000000001,5192.799999999999,4038.4270981274312,3415.9,3375.9,3953.9,3775.9,3375.9,3375.9,3375.9,3375.9,3375.9,3610.151641429552,4410.151641429552,4027.6862513146857,3375.9,3375.9,3375.9,3375.9,3854.5373600118805,3415.899999999999,3993.9,4839.799999999999,5263.199999999999,5334.200000000001,5263.200000000001,4778.038877511077,4378.038877511077,3578.0388775110773,4839.799999999999,4793.9,4284.132421320668,3484.1324213206685,3441.716486736483,3375.9,3415.9,4215.9,4839.799999999999,4751.705308257853,3951.7053082578527,3375.9,3375.899999999999,3749.1416196369505,4549.14161963695,4149.141619636952,4393.9,5075.7301657339685,5822.81531752115,5808.858750468435,5956.8,4839.799999999999,4839.799999999999,4393.9,5263.200000000001,5263.200000000001,4839.799999999999,4793.9,4646.455488982002,3846.455488982001,3993.9,4839.799999999999,5263.199999999999,5263.199999999999,4485.088349433143,4599.583106825146,4393.899999999996,4793.899999999998,5192.799999999997,4839.799999999999,4839.799999999997,5609.0999999999985,7155.599999999998,7155.599999999998,7172.453691452779,5219.1,5219.1,4839.799999999999
787.5,455.35084792496866,272.4999999999998,272.5,272.5,86.34548391001044,272.5,456.01691909022736,1187.5,931.7598580620677,272.4999999999998,272.5,272.5,323.88344337559954,823.7903558039814,744.6399771659235,728.7081397571671,1375.0662139732733,1891.9,1904.3,1891.9,983.4999999999986,672.5,272.49999999999955,915.5292532042333,915.1996326456101,672.5,272.5,272.5,272.5,272.5,857.6281024253494,1383.4999999999995,1083.8529375824949,283.8529375824949,272.4999999999998,272.49999999999955,387.5,1187.5,787.5,935.805297355909,1383.5,1904.3,1904.3,1904.3,1383.5,1383.5,983.5,1383.5,1383.5,1187.5,787.5,672.5,272.5,272.5,952.2880048589333,1468.517836131905,1383.4999999999998,583.4999999999998,272.4999999999998,272.5,685.4022799893639,1383.5,1193.7356545363302,1163.504791182303,1891.9,1904.3,1904.3,1904.3,1548.056110560659,1620.6453672802195,1135.4197732296611,1904.3,1891.9,1765.2443128371783,1383.5,1383.4999999999986,922.064148758922,983.5,1383.5,1904.3,1904.3,1383.5,1383.5,1383.5,1383.4999999999995,1891.9,1781.4595276785258,1647.3427096854143,1904.2999999999995,1904.3,1904.3,1904.3,1897.5479238744713,1893.9,1383.5
2120.2,2120.2,2120.2,1820.1200482978884,2120.2,1320.2,1393.8541454456358,2120.2,2320.2,2320.2,2120.2,2120.2,2120.2,2120.2,2320.2,2120.2,2120.2,2397.2,2868.2999999999993,3004.2,2868.2999999999993,2320.2,2213.0699060019488,2120.2,2320.2,2320.2,2139.137454936836,2120.2,2120.2,1960.2260774263357,1933.260157961372,2120.2,2397.2,2320.2,2120.2,2120.2,1949.5113874085,2120.2,2320.2,2209.673938276542,2120.2,2482.2,3004.2,3124.2,3004.2,2397.2,2397.2,2133.248771441815,2482.2,2349.871957663895,2320.2,2149.309994550951,2320.2,2120.2,2120.2,2320.2,2868.2999999999993,2397.2,2120.199999999999,2120.2,2124.8149354974003,2153.23074410424,2397.2,2320.2,2320.2,2988.3,3644.2,4164.2,3644.2,2988.2999999999993,2868.2999999999993,2320.2,3004.2,2503.728811155004,2554.570682649039,2329.392724803392,2397.2,2120.2,2246.516347293679,2868.213773220099,3004.2,3004.2,2320.2,2320.2,2320.2,2452.280753773474,3108.2999999999993,3228.2999999999993,3348.2999999999993,4004.199999999999,4562.899999999999,5047.9,4899.266666399999,3868.199999999999,3383.2,3005.495462967412
0.0,0.0,0.0,0.0,0.0,0.0,0.0,0.0,0.0,0.0,0.0,0.0,0.0,0.0,0.0,0.0,0.0,0.0,0.0,0.0,0.0,0.0,0.0,0.0,0.0,0.0,0.0,0.0,0.0,0.0,0.0,0.0,0.0,0.0,0.0,0.0,0.0,0.0,0.0,0.0,0.0,0.0,0.0,0.0,0.0,0.0,0.0,0.0,0.0,0.0,0.0,0.0,0.0,0.0,0.0,0.0,0.0,0.0,0.0,0.0,0.0,0.0,0.0,0.0,0.0,0.0,0.0,0.0,0.0,0.0,0.0,0.0,0.0,0.0,0.0,0.0,0.0,0.0,0.0,0.0,0.0,0.0,0.0,0.0,0.0,0.0,0.0,0.0,0.0,0.0,0.0,0.0,0.0,0.0,0.0,0.0
0.0,0.0,0.0,0.0,0.0,0.0,0.0,0.0,0.0,0.0,0.0,0.0,0.0,0.0,0.0,0.0,0.0,0.0,0.0,0.0,0.0,0.0,0.0,0.0,0.0,0.0,0.0,0.0,0.0,0.0,0.0,0.0,0.0,0.0,0.0,0.0,0.0,0.0,0.0,0.0,0.0,0.0,0.0,0.0,0.0,0.0,0.0,0.0,0.0,0.0,0.0,0.0,0.0,0.0,0.0,0.0,0.0,0.0,0.0,0.0,0.0,0.0,0.0,0.0,0.0,0.0,0.0,0.0,0.0,0.0,0.0,0.0,0.0,0.0,0.0,0.0,0.0,0.0,0.0,0.0,0.0,0.0,0.0,0.0,0.0,0.0,0.0,0.0,0.0,0.0,0.0,0.0,0.0,0.0,0.0,0.0
0.0,0.0,0.0,0.0,0.0,0.0,0.0,0.0,0.0,0.0,0.0,0.0,0.0,0.0,0.0,0.0,0.0,0.0,0.0,0.0,0.0,0.0,0.0,0.0,0.0,0.0,0.0,0.0,0.0,0.0,0.0,0.0,0.0,0.0,0.0,0.0,0.0,0.0,0.0,0.0,0.0,0.0,0.0,0.0,0.0,0.0,0.0,0.0,0.0,0.0,0.0,0.0,0.0,0.0,0.0,0.0,0.0,0.0,0.0,0.0,0.0,0.0,0.0,0.0,0.0,0.0,0.0,0.0,0.0,0.0,0.0,0.0,0.0,0.0,0.0,0.0,0.0,0.0,0.0,0.0,0.0,0.0,0.0,0.0,0.0,0.0,0.0,0.0,0.0,0.0,0.0,0.0,0.0,0.0,0.0,0.0
0.0,0.0,0.0,0.0,0.0,0.0,0.0,0.0,0.0,0.0,0.0,0.0,0.0,0.0,0.0,0.0,0.0,0.0,0.0,0.0,0.0,0.0,0.0,0.0,0.0,0.0,0.0,0.0,0.0,0.0,0.0,0.0,0.0,0.0,0.0,0.0,0.0,0.0,0.0,0.0,0.0,0.0,0.0,0.0,0.0,0.0,0.0,0.0,0.0,0.0,0.0,0.0,0.0,0.0,0.0,0.0,0.0,0.0,0.0,0.0,0.0,0.0,0.0,0.0,0.0,0.0,0.0,0.0,0.0,0.0,0.0,0.0,0.0,0.0,0.0,0.0,0.0,0.0,0.0,0.0,0.0,0.0,0.0,0.0,0.0,0.0,0.0,0.0,0.0,0.0,0.0,0.0,0.0,0.0,0.0,0.0
0.0,0.0,0.0,0.0,0.0,0.0,0.0,0.0,0.0,0.0,0.0,0.0,0.0,0.0,0.0,0.0,0.0,0.0,0.0,0.0,0.0,0.0,0.0,0.0,0.0,0.0,0.0,0.0,0.0,0.0,0.0,0.0,0.0,0.0,0.0,0.0,0.0,0.0,0.0,0.0,0.0,0.0,0.0,0.0,0.0,0.0,0.0,0.0,0.0,0.0,0.0,0.0,0.0,0.0,0.0,0.0,0.0,0.0,0.0,0.0,0.0,0.0,0.0,0.0,0.0,0.0,0.0,0.0,0.0,0.0,0.0,0.0,0.0,0.0,0.0,0.0,0.0,0.0,0.0,0.0,0.0,0.0,0.0,0.0,0.0,0.0,0.0,0.0,0.0,0.0,0.0,0.0,0.0,0.0,0.0,0.0
0.0,0.0,0.0,0.0,0.0,0.0,0.0,0.0,0.0,0.0,0.0,0.0,0.0,0.0,0.0,0.0,0.0,0.0,0.0,0.0,0.0,0.0,0.0,0.0,0.0,0.0,0.0,0.0,0.0,0.0,0.0,0.0,0.0,0.0,0.0,0.0,0.0,0.0,0.0,0.0,0.0,0.0,0.0,0.0,0.0,0.0,0.0,0.0,0.0,0.0,0.0,0.0,0.0,0.0,0.0,0.0,0.0,0.0,0.0,0.0,0.0,0.0,0.0,0.0,0.0,0.0,0.0,0.0,0.0,0.0,0.0,0.0,0.0,0.0,0.0,0.0,0.0,0.0,0.0,0.0,0.0,0.0,0.0,0.0,0.0,0.0,0.0,0.0,0.0,0.0,0.0,0.0,0.0,0.0,0.0,0.0
0.0,0.0,0.0,0.0,0.0,0.0,0.0,0.0,0.0,0.0,0.0,0.0,0.0,0.0,0.0,0.0,674.5,1238.4,1388.6,1388.6,988.5999999999998,1198.9461148735577,147.49476646848132,0.0,0.0,0.0,0.0,0.0,0.0,0.0,0.0,0.0,0.0,0.0,0.0,0.0,0.0,0.0,0.0,0.0,674.4999999999998,1238.4,1388.6,1388.6,1388.6,1238.3999999999996,163.89999999999998,0.0,0.0,0.0,0.0,0.0,0.0,0.0,0.0,0.0,0.0,0.0,0.0,0.0,0.0,0.0,0.0,0.0,824.7,1388.6,1388.6,1388.6,1388.5999999999995,1238.3999999999996,441.4099337761488,0.0,0.0,0.0,0.0,0.0,0.0,0.0,0.0,0.0,0.0,0.0,0.0,0.0,0.0,0.0,0.0,0.0,1074.4999999999993,1388.6,1401.1,1388.6,1388.5999999999995,1388.6,824.7,0.0
360.0,240.0,120.0,0.0,0.0,0.0,0.0,42.0,162.0,282.0,402.0,522.0,642.0,762.0,882.0,1002.0,1521.9999999999995,1847.5,1847.4999999999998,1847.4999999999995,1847.4999999999998,1847.4999999999998,1447.5,1122.0,360.0,240.0,120.0,0.0,0.0,0.0,0.0,42.0,162.0,282.0,402.0,522.0,642.0,762.0,882.0,1002.0,1521.9999999999998,1847.5,1847.4999999999998,1847.4999999999998,1847.5,1847.4999999999998,1447.4999999999995,1121.9999999999995,480.0,360.0,240.0,120.0,0.0,0.0,0.0,42.0,162.0,282.0,402.0,522.0,642.0,762.0,882.0,1002.0,1521.9999999999995,1847.4999999999995,1847.4999999999995,1847.499999999999,1847.4999999999995,1847.4999999999995,1641.9999999999995,1121.9999999999995,882.0,762.0,642.0,522.0,402.0,282.0,162.0,42.0,162.0,282.0,402.0,522.0,642.0,762.0,882.0,1002.0,1521.9999999999995,2237.4999999999995,2857.4999999999995,2637.499999999999,2237.5,1847.4999999999995,1641.9999999999995,1121.9999999999998
0.0,0.0,0.0,0.0,0.0,0.0,0.0,0.0,0.0,0.0,0.0,0.0,0.0,0.0,0.0,0.0,0.0,0.0,0.0,0.0,0.0,0.0,0.0,0.0,0.0,0.0,0.0,0.0,0.0,0.0,0.0,0.0,0.0,0.0,0.0,0.0,0.0,0.0,0.0,0.0,0.0,0.0,0.0,0.0,0.0,0.0,0.0,0.0,0.0,0.0,0.0,0.0,0.0,0.0,0.0,0.0,0.0,0.0,0.0,0.0,0.0,0.0,0.0,0.0,0.0,0.0,0.0,0.0,0.0,0.0,0.0,0.0,0.0,0.0,0.0,0.0,0.0,0.0,0.0,0.0,0.0,0.0,0.0,0.0,0.0,0.0,0.0,0.0,0.0,0.0,0.0,0.0,0.0,0.0,0.0,0.0
0.0,0.0,0.0,0.0,0.0,0.0,0.0,0.0,0.0,0.0,0.0,0.0,0.0,0.0,0.0,0.0,0.0,689.0,1227.0,985.6502127837816,474.96077065157124,400.0,0.0,0.0,0.0,0.0,0.0,0.0,0.0,0.0,0.0,0.0,0.0,0.0,0.0,0.0,0.0,0.0,0.0,0.0,178.0,1227.0,1227.0,1227.0,867.0,689.0,0.0,0.0,0.0,0.0,0.0,0.0,0.0,0.0,0.0,0.0,0.0,0.0,0.0,0.0,0.0,0.0,0.0,0.0,178.0,1402.5,1663.4,1402.4999999999995,1227.0,1049.0,0.0,0.0,0.0,0.0,0.0,0.0,0.0,0.0,0.0,0.0,0.0,0.0,0.0,0.0,0.0,0.0,0.0,0.0,689.0,1663.4,1874.6,1663.9999999999995,1663.4,1402.5,178.0,0.0
0.0,0.0,0.0,0.0,0.0,0.0,0.0,0.0,0.0,0.0,0.0,0.0,0.0,0.0,0.0,0.0,0.0,0.0,0.0,0.0,0.0,0.0,0.0,0.0,0.0,0.0,0.0,0.0,0.0,0.0,0.0,0.0,0.0,0.0,0.0,0.0,0.0,0.0,0.0,0.0,0.0,0.0,0.0,0.0,0.0,0.0,0.0,0.0,0.0,0.0,0.0,0.0,0.0,0.0,0.0,0.0,0.0,0.0,0.0,0.0,0.0,0.0,0.0,0.0,0.0,0.0,0.0,0.0,0.0,0.0,0.0,0.0,0.0,0.0,0.0,0.0,0.0,0.0,0.0,0.0,0.0,0.0,0.0,0.0,0.0,0.0,0.0,0.0,0.0,0.0,0.0,0.0,0.0,0.0,0.0,0.0
793.356251091264,673.356251091264,553.356251091264,482.9000000000001,602.9000000000001,722.9000000000001,842.9000000000001,962.9000000000001,1082.9,1202.9,1322.9,1442.9,1562.9,1682.9,1802.9,1922.9,2511.692637555142,3375.9,3775.9,3375.9,3375.9,2962.8999999999983,2162.899999999999,2042.9,650.5607795230383,530.5607795230383,410.56077952303826,482.9000000000001,602.9000000000001,722.9000000000001,842.9000000000001,962.9000000000001,1082.9,1202.9,1322.9,1442.9,1562.9,1682.9,1802.9,1922.9,2488.5140847200723,3633.488287475302,4353.9,3774.600028796632,3375.9,3375.9,2575.9,2042.9,1038.7027555850984,918.7027555850984,798.7027555850984,678.7027555850984,602.9000000000001,722.9000000000001,842.9000000000001,962.9000000000001,1082.9,1202.9,1322.9,1442.9,1562.9,1682.9,1802.9,1922.9,2797.1483342462116,4237.148334246212,4839.799999999999,4793.9,4013.723351842898,3652.5616267508485,2575.899999999999,2042.8999999999992,1706.4120163159193,1586.4120163159193,1466.4120163159193,1346.4120163159193,1226.4120163159198,1106.4120163159198,986.4120163159198,962.9000000000001,1082.9,1202.9,1322.9,1442.9,1562.9,1682.9,1802.9,1922.9,3420.8999999999983,4799.799999999999,5334.200000000001,5196.899999999999,4839.799999999999,4527.030966038722,3207.030966038722,2042.9
0.0,0.0,0.0,0.0,0.0,0.0,0.0,0.0,0.0,0.0,0.0,0.0,0.0,0.0,0.0,0.0,0.0,672.4999999999998,965.1204110729755,672.5,272.5,272.4999999999998,0.0,0.0,0.0,0.0,0.0,0.0,0.0,0.0,0.0,0.0,0.0,0.0,0.0,0.0,0.0,0.0,0.0,0.0,0.0,762.5289812438784,1277.5289812438784,877.5289812438784,628.9817851747353,500.1099347680149,0.0,0.0,0.0,0.0,0.0,0.0,0.0,0.0,0.0,0.0,0.0,0.0,0.0,0.0,0.0,0.0,0.0,0.0,293.2055321992979,1187.5,1593.0828353226386,1383.5,983.5,672.5,0.0,0.0,0.0,0.0,0.0,0.0,0.0,0.0,0.0,0.0,0.0,0.0,0.0,0.0,0.0,0.0,0.0,0.0,704.1897159889863,1888.2391053901324,1904.3,1891.9,1383.5,1383.5,576.4247529875599,0.0
360.0,240.0,120.0,0.0,0.0,0.0,0.0,0.0,0.0,0.0,0.0,70.0,190.0,310.0,430.0,550.0,1248.0,2047.9999999999995,2320.2,2120.2,2047.9999999999995,1470.0,670.0,550.0,360.0,240.0,120.0,0.0,0.0,0.0,0.0,0.0,0.0,0.0,0.0,70.0,190.0,310.0,430.0,550.0,1247.9999999999995,2248.0,2320.2,2320.2,2120.2,1619.7268170491911,819.7268170491911,550.0,480.0,360.0,240.0,120.0,0.0,0.0,0.0,0.0,0.0,0.0,0.0,70.0,190.0,310.0,430.0,550.0,1248.0,2324.9999999999995,2868.2999999999993,2397.2,2320.2,2248.0,1247.9999999999995,550.0,670.0,550.0,430.0,310.0,190.0,70.0,0.0,0.0,0.0,0.0,0.0,70.0,190.0,310.0,430.0,550.0,1470.0,2796.1,3318.096307225296,2868.8238485251195,2565.2156851623467,2325.0,1247.9999999999995,550.0
0.0,0.0,0.0,0.0,0.0,0.0,0.0,0.0,0.0,0.0,0.0,0.0,0.0,0.0,0.0,0.0,0.0,0.0,0.0,0.0,0.0,0.0,0.0,0.0,0.0,0.0,0.0,0.0,0.0,0.0,0.0,0.0,0.0,0.0,0.0,0.0,0.0,0.0,0.0,0.0,0.0,0.0,0.0,0.0,0.0,0.0,0.0,0.0,0.0,0.0,0.0,0.0,0.0,0.0,0.0,0.0,0.0,0.0,0.0,0.0,0.0,0.0,0.0,0.0,0.0,0.0,0.0,0.0,0.0,0.0,0.0,0.0,0.0,0.0,0.0,0.0,0.0,0.0,0.0,0.0,0.0,0.0,0.0,0.0,0.0,0.0,0.0,0.0,0.0,0.0,0.0,0.0,0.0,0.0,0.0,0.0
0.0,0.0,0.0,0.0,0.0,0.0,0.0,0.0,0.0,0.0,0.0,0.0,0.0,0.0,0.0,0.0,0.0,0.0,0.0,0.0,0.0,0.0,0.0,0.0,0.0,0.0,0.0,0.0,0.0,0.0,0.0,0.0,0.0,0.0,0.0,0.0,0.0,0.0,0.0,0.0,0.0,0.0,0.0,0.0,0.0,0.0,0.0,0.0,0.0,0.0,0.0,0.0,0.0,0.0,0.0,0.0,0.0,0.0,0.0,0.0,0.0,0.0,0.0,0.0,0.0,0.0,0.0,0.0,0.0,0.0,0.0,0.0,0.0,0.0,0.0,0.0,0.0,0.0,0.0,0.0,0.0,0.0,0.0,0.0,0.0,0.0,0.0,0.0,0.0,0.0,0.0,0.0,0.0,0.0,0.0,0.0
0.0,0.0,0.0,0.0,0.0,0.0,0.0,0.0,0.0,0.0,0.0,0.0,0.0,0.0,0.0,0.0,0.0,0.0,0.0,0.0,0.0,0.0,0.0,0.0,0.0,0.0,0.0,0.0,0.0,0.0,0.0,0.0,0.0,0.0,0.0,0.0,0.0,0.0,0.0,0.0,0.0,0.0,0.0,0.0,0.0,0.0,0.0,0.0,0.0,0.0,0.0,0.0,0.0,0.0,0.0,0.0,0.0,0.0,0.0,0.0,0.0,0.0,0.0,0.0,0.0,0.0,0.0,0.0,0.0,0.0,0.0,0.0,0.0,0.0,0.0,0.0,0.0,0.0,0.0,0.0,0.0,0.0,0.0,0.0,0.0,0.0,0.0,0.0,0.0,0.0,0.0,0.0,0.0,0.0,0.0,0.0
0.0,0.0,0.0,0.0,0.0,0.0,0.0,0.0,0.0,0.0,0.0,0.0,0.0,0.0,0.0,0.0,0.0,0.0,0.0,0.0,0.0,0.0,0.0,0.0,0.0,0.0,0.0,0.0,0.0,0.0,0.0,0.0,0.0,0.0,0.0,0.0,0.0,0.0,0.0,0.0,0.0,0.0,0.0,0.0,0.0,0.0,0.0,0.0,0.0,0.0,0.0,0.0,0.0,0.0,0.0,0.0,0.0,0.0,0.0,0.0,0.0,0.0,0.0,0.0,0.0,0.0,0.0,0.0,0.0,0.0,0.0,0.0,0.0,0.0,0.0,0.0,0.0,0.0,0.0,0.0,0.0,0.0,0.0,0.0,0.0,0.0,0.0,0.0,0.0,0.0,0.0,0.0,0.0,0.0,0.0,0.0
0.0,0.0,0.0,0.0,0.0,0.0,0.0,0.0,0.0,0.0,0.0,0.0,0.0,0.0,0.0,0.0,0.0,0.0,0.0,0.0,0.0,0.0,0.0,0.0,0.0,0.0,0.0,0.0,0.0,0.0,0.0,0.0,0.0,0.0,0.0,0.0,0.0,0.0,0.0,0.0,0.0,0.0,0.0,0.0,0.0,0.0,0.0,0.0,0.0,0.0,0.0,0.0,0.0,0.0,0.0,0.0,0.0,0.0,0.0,0.0,0.0,0.0,0.0,0.0,0.0,0.0,0.0,0.0,0.0,0.0,0.0,0.0,0.0,0.0,0.0,0.0,0.0,0.0,0.0,0.0,0.0,0.0,0.0,0.0,0.0,0.0,0.0,0.0,0.0,0.0,0.0,0.0,0.0,0.0,0.0,0.0
0.0,0.0,0.0,0.0,0.0,0.0,0.0,0.0,0.0,0.0,0.0,0.0,0.0,0.0,0.0,0.0,0.0,0.0,0.0,0.0,0.0,0.0,0.0,0.0,0.0,0.0,0.0,0.0,0.0,0.0,0.0,0.0,0.0,0.0,0.0,0.0,0.0,0.0,0.0,0.0,0.0,0.0,0.0,0.0,0.0,0.0,0.0,0.0,0.0,0.0,0.0,0.0,0.0,0.0,0.0,0.0,0.0,0.0,0.0,0.0,0.0,0.0,0.0,0.0,0.0,0.0,0.0,0.0,0.0,0.0,0.0,0.0,0.0,0.0,0.0,0.0,0.0,0.0,0.0,0.0,0.0,0.0,0.0,0.0,0.0,0.0,0.0,0.0,0.0,0.0,0.0,0.0,0.0,0.0,0.0,0.0
0.0,0.0,0.0,0.0,0.0,0.0,0.0,481.50813743722557,0.0,0.0,0.0,0.0,0.0,0.0,0.0,0.0,674.5,838.4,838.4,838.4,838.3999999999997,674.5,0.0,0.0,0.0,0.0,0.0,0.0,0.0,0.0,0.0,274.5,0.0,0.0,0.0,0.0,0.0,0.0,0.0,0.0,674.5,988.6,1388.6,1287.6919338394314,887.6919338394314,674.5,0.0,155.83302441656082,0.0,0.0,0.0,0.0,0.0,0.0,133.62328396904527,562.8186292064142,0.0,0.0,0.0,0.0,0.0,0.0,0.0,0.0,674.5,1238.4,1388.6,1388.6,1238.4,778.7686089167579,104.2686089167579,274.5,0.0,0.0,0.0,0.0,0.0,438.4,838.3999999999995,838.4,838.4,552.1937844654178,274.4999999999998,0.0,0.0,0.0,0.0,163.89999999999998,992.2500182134363,1388.6,1388.6,1388.6,1388.6,988.6,530.2323889152126,838.4
428.2284331317227,548.2284331317227,668.2284331317227,788.2284331317227,908.2284331317227,1028.2284331317228,1148.2284331317226,1641.9999999999998,1241.9999999999998,1242.0,1122.0,1002.0,882.0,882.0,1002.0,1122.0,1641.9999999999998,1847.4999999999975,1847.4999999999998,1847.4999999999995,1847.4999999999998,1641.9999999999998,1242.0,1242.0,402.0,522.0,642.0,762.0,882.0,1002.0,1122.0,1394.0133030708826,1122.0,1002.0,882.0,762.0,762.0,882.0,1002.0,1122.0,1641.9999999999998,1847.4999999999998,1847.5,1847.4999999999995,1847.4999999999998,1641.9999999999998,1241.9999999999995,1242.0,522.0,642.0,762.0,882.0,1002.0,1122.0,1241.9999999999998,1641.9999999999998,1242.0,1122.0,1002.0,882.0,762.0,882.0,1002.0,1122.0,1641.9999999999998,1847.4999999999995,1847.5,1847.4999999999998,1847.5,1847.4999999999995,1447.5,1817.6202739900068,933.8720740882843,1053.8720740882843,1173.872074088284,1242.0,1241.9999999999998,1567.2707075406647,1847.5,1847.4999999999998,1847.4999999999995,1719.429164414961,1319.4291644149612,1121.9999999999998,1002.0,1002.0,1122.0,1447.5,1847.4999999999995,1847.4999999999998,1847.5,1847.4999999999998,1847.4999999999995,1847.5,1847.5,1847.5
0.0,0.0,0.0,0.0,0.0,0.0,0.0,0.0,0.0,0.0,0.0,0.0,0.0,0.0,0.0,0.0,0.0,0.0,0.0,0.0,0.0,0.0,0.0,0.0,0.0,0.0,0.0,0.0,0.0,0.0,0.0,0.0,0.0,0.0,0.0,0.0,0.0,0.0,0.0,0.0,0.0,0.0,0.0,0.0,0.0,0.0,0.0,0.0,0.0,0.0,0.0,0.0,0.0,0.0,0.0,0.0,0.0,0.0,0.0,0.0,0.0,0.0,0.0,0.0,0.0,0.0,0.0,0.0,0.0,0.0,0.0,0.0,0.0,0.0,0.0,0.0,0.0,0.0,0.0,0.0,0.0,0.0,0.0,0.0,0.0,0.0,0.0,0.0,0.0,0.0,0.0,0.0,0.0,0.0,0.0,0.0
0.0,0.0,0.0,0.0,0.0,0.0,0.0,0.0,0.0,0.0,0.0,0.0,0.0,0.0,0.0,0.0,0.0,0.0,391.83145271502184,0.0,0.0,0.0,0.0,0.0,0.0,0.0,0.0,0.0,0.0,0.0,0.0,0.0,0.0,0.0,0.0,0.0,0.0,0.0,0.0,0.0,0.0,200.30894209927766,578.0,577.9999999999986,178.0,0.0,0.0,0.0,0.0,0.0,0.0,0.0,0.0,0.0,0.0,0.0,0.0,0.0,0.0,0.0,0.0,0.0,0.0,0.0,0.0,689.0,1227.0,1227.0,507.2798711775213,0.0,0.0,0.0,0.0,0.0,0.0,0.0,0.0,0.0,0.0,0.0,0.0,0.0,0.0,0.0,0.0,0.0,0.0,0.0,399.9999999999998,1073.1262686642322,1378.6105411145095,1227.0,1227.0,279.4633026070129,0.0,0.0
0.0,0.0,0.0,0.0,0.0,0.0,0.0,0.0,0.0,0.0,0.0,0.0,0.0,0.0,0.0,0.0,0.0,0.0,0.0,0.0,0.0,0.0,0.0,0.0,0.0,0.0,0.0,0.0,0.0,0.0,0.0,0.0,0.0,0.0,0.0,0.0,0.0,0.0,0.0,0.0,0.0,0.0,0.0,0.0,0.0,0.0,0.0,0.0,0.0,0.0,0.0,0.0,0.0,0.0,0.0,0.0,0.0,0.0,0.0,0.0,0.0,0.0,0.0,0.0,0.0,0.0,0.0,0.0,0.0,0.0,0.0,0.0,0.0,0.0,0.0,0.0,0.0,0.0,0.0,0.0,0.0,0.0,0.0,0.0,0.0,0.0,0.0,0.0,0.0,0.0,0.0,0.0,0.0,0.0,0.0,0.0
1322.9,1442.9,1562.9,1682.9,1802.9,1922.9,2042.9,2162.8999999999996,2162.8999999999996,2162.9,2042.9,1922.9,1802.9,1802.9,1922.9,2042.9,2855.9,3375.9,3375.9,3375.9,3177.52000247684,2377.5200024768396,2162.9,2162.9,1233.6425676380493,1353.6425676380493,1473.6425676380493,1593.6425676380493,1713.6425676380493,1833.6425676380493,1953.6425676380493,2073.6425676380486,1953.6425676380493,1833.6425676380493,1713.6425676380493,1593.6425676380493,1682.9,1802.9,1922.9,2042.9,2575.8999999999996,3375.9,3375.9,3375.8999999999996,3375.9,2723.5156290696295,2162.8999999999996,2162.8999999999996,1442.9,1562.9,1682.9,1802.9,1922.9,2042.9,2162.9,2162.899999999999,2162.9,2042.9,1922.9,1802.9,1682.9,1802.9,1922.9,2042.9,2855.9,3375.8999999999996,3659.8122746709805,3375.899999999999,3375.9,2855.9,2162.9,2162.9,1682.9,1802.9,1922.9,2042.9,2162.899999999999,2162.8999999999996,2584.490747607253,3082.9,2501.189290684509,2162.9,2162.9,2042.9,1922.9,1922.9,2042.9,2234.401308315581,3034.401308315581,3953.899999999999,4753.9,4353.9,3553.9,3375.9,2575.8999999999996,2682.9
0.0,0.0,0.0,0.0,0.0,0.0,0.0,0.0,0.0,0.0,0.0,0.0,0.0,0.0,0.0,0.0,24.394407115926356,272.5,272.4999999999999,272.5,272.4999999999998,0.0,0.0,0.0,0.0,0.0,0.0,0.0,0.0,0.0,0.0,0.0,0.0,0.0,0.0,0.0,0.0,0.0,0.0,0.0,0.0,272.49999999999966,272.4999999999999,272.4999999999998,272.5,0.0,0.0,0.0,0.0,0.0,0.0,0.0,0.0,0.0,0.0,0.0,0.0,0.0,0.0,0.0,0.0,0.0,0.0,0.0,155.35109282293087,393.21850517706025,787.5,693.3573978756747,293.3573978756746,48.12553162964116,0.0,0.0,0.0,0.0,0.0,0.0,0.0,0.0,272.49999999999943,272.5,0.0,0.0,0.0,0.0,0.0,0.0,0.0,0.0,272.4999999999998,868.5,1383.5,1261.3068456980677,746.3068456980678,272.5,0.0,157.02430908953528
0.0,70.0,190.0,310.0,430.0,550.0,670.0,670.0,670.0,670.0,550.0,430.0,310.0,310.0,430.0,550.0,742.2,1542.2,2120.2,1790.6513802491233,1342.087487984656,670.0,670.0,670.0,0.0,0.0,70.0,190.0,310.0,430.0,550.0,670.0,550.0,430.0,310.0,190.0,190.0,310.0,430.0,550.0,1108.8392545902093,1908.8392545902093,2120.2,2120.2,1699.290930614164,899.2909306141639,670.0,670.0,0.0,70.0,190.0,310.0,430.0,550.0,670.0,670.0,670.0,550.0,430.0,310.0,190.0,310.0,430.0,550.0,1248.0,2048.0,2320.2,2120.2,2048.0,1248.0,670.0,670.0,430.0,550.0,669.9999999999998,670.0,670.0,670.0,670.0,676.797769825318,670.0,670.0,670.0,550.0,430.0,430.0,550.0,742.2,1542.2,2120.2,2397.2,2320.2,2244.348724650375,1542.1999999999996,742.2,670.0
0.0,0.0,0.0,0.0,0.0,0.0,0.0,0.0,0.0,0.0,0.0,0.0,0.0,0.0,0.0,0.0,0.0,0.0,0.0,0.0,0.0,0.0,0.0,0.0,0.0,0.0,0.0,0.0,0.0,0.0,0.0,0.0,0.0,0.0,0.0,0.0,0.0,0.0,0.0,0.0,0.0,0.0,0.0,0.0,0.0,0.0,0.0,0.0,0.0,0.0,0.0,0.0,0.0,0.0,0.0,0.0,0.0,0.0,0.0,0.0,0.0,0.0,0.0,0.0,0.0,0.0,0.0,0.0,0.0,0.0,0.0,0.0,0.0,0.0,0.0,0.0,0.0,0.0,0.0,0.0,0.0,0.0,0.0,0.0,0.0,0.0,0.0,0.0,0.0,0.0,0.0,0.0,0.0,0.0,0.0,0.0
0.0,0.0,0.0,0.0,0.0,0.0,0.0,0.0,0.0,0.0,0.0,0.0,0.0,0.0,0.0,0.0,0.0,0.0,0.0,0.0,0.0,0.0,0.0,0.0,0.0,0.0,0.0,0.0,0.0,0.0,0.0,0.0,0.0,0.0,0.0,0.0,0.0,0.0,0.0,0.0,0.0,0.0,0.0,0.0,0.0,0.0,0.0,0.0,0.0,0.0,0.0,0.0,0.0,0.0,0.0,0.0,0.0,0.0,0.0,0.0,0.0,0.0,0.0,0.0,0.0,0.0,0.0,0.0,0.0,0.0,0.0,0.0,0.0,0.0,0.0,0.0,0.0,0.0,0.0,0.0,0.0,0.0,0.0,0.0,0.0,0.0,0.0,0.0,0.0,0.0,0.0,0.0,0.0,0.0,0.0,0.0
0.0,0.0,0.0,0.0,0.0,0.0,0.0,0.0,0.0,0.0,0.0,0.0,0.0,0.0,0.0,0.0,0.0,0.0,0.0,0.0,0.0,0.0,0.0,0.0,0.0,0.0,0.0,0.0,0.0,0.0,0.0,0.0,0.0,0.0,0.0,0.0,0.0,0.0,0.0,0.0,0.0,0.0,0.0,0.0,0.0,0.0,0.0,0.0,0.0,0.0,0.0,0.0,0.0,0.0,0.0,0.0,0.0,0.0,0.0,0.0,0.0,0.0,0.0,0.0,0.0,0.0,0.0,0.0,0.0,0.0,0.0,0.0,0.0,0.0,0.0,0.0,0.0,0.0,0.0,0.0,0.0,0.0,0.0,0.0,0.0,0.0,0.0,0.0,0.0,0.0,0.0,0.0,0.0,0.0,0.0,0.0
0.0,0.0,0.0,0.0,0.0,0.0,0.0,0.0,0.0,0.0,0.0,0.0,0.0,0.0,0.0,0.0,0.0,0.0,0.0,0.0,0.0,0.0,0.0,0.0,0.0,0.0,0.0,0.0,0.0,0.0,0.0,0.0,0.0,0.0,0.0,0.0,0.0,0.0,0.0,0.0,0.0,0.0,0.0,0.0,0.0,0.0,0.0,0.0,0.0,0.0,0.0,0.0,0.0,0.0,0.0,0.0,0.0,0.0,0.0,0.0,0.0,0.0,0.0,0.0,0.0,0.0,0.0,0.0,0.0,0.0,0.0,0.0,0.0,0.0,0.0,0.0,0.0,0.0,0.0,0.0,0.0,0.0,0.0,0.0,0.0,0.0,0.0,0.0,0.0,0.0,0.0,0.0,0.0,0.0,0.0,0.0
0.0,0.0,0.0,0.0,0.0,0.0,0.0,0.0,0.0,0.0,0.0,0.0,0.0,0.0,0.0,0.0,0.0,0.0,0.0,0.0,0.0,0.0,0.0,0.0,0.0,0.0,0.0,0.0,0.0,0.0,0.0,0.0,0.0,0.0,0.0,0.0,0.0,0.0,0.0,0.0,0.0,0.0,0.0,0.0,0.0,0.0,0.0,0.0,0.0,0.0,0.0,0.0,0.0,0.0,0.0,0.0,0.0,0.0,0.0,0.0,0.0,0.0,0.0,0.0,0.0,0.0,0.0,0.0,0.0,0.0,0.0,0.0,0.0,0.0,0.0,0.0,0.0,0.0,0.0,0.0,0.0,0.0,0.0,0.0,0.0,0.0,0.0,0.0,0.0,0.0,0.0,0.0,0.0,0.0,0.0,0.0
0.0,0.0,0.0,0.0,0.0,0.0,0.0,0.0,0.0,0.0,0.0,0.0,0.0,0.0,0.0,0.0,0.0,0.0,0.0,0.0,0.0,0.0,0.0,0.0,0.0,0.0,0.0,0.0,0.0,0.0,0.0,0.0,0.0,0.0,0.0,0.0,0.0,0.0,0.0,0.0,0.0,0.0,0.0,0.0,0.0,0.0,0.0,0.0,0.0,0.0,0.0,0.0,0.0,0.0,0.0,0.0,0.0,0.0,0.0,0.0,0.0,0.0,0.0,0.0,0.0,0.0,0.0,0.0,0.0,0.0,0.0,0.0,0.0,0.0,0.0,0.0,0.0,0.0,0.0,0.0,0.0,0.0,0.0,0.0,0.0,0.0,0.0,0.0,0.0,0.0,0.0,0.0,0.0,0.0,0.0,0.0
0.0,0.0,0.0,0.0,0.0,0.0,0.0,0.0,674.5,838.4,838.4,1238.3999999999996,838.4,674.5,0.0,438.4,988.6,1388.6,1388.6,1238.4,838.4,674.5,0.0,0.0,0.0,0.0,0.0,0.0,0.0,0.0,0.0,0.0,674.4999999999998,838.4,847.992595925704,1247.9925959257039,847.992595925704,674.5,0.0,383.000758246009,988.6,1388.6,1388.6,1388.6,988.5999999999998,674.4999999999998,0.0,0.0,0.0,0.0,0.0,0.0,0.0,0.0,0.0,192.34098444416907,838.3999999999997,838.3999999999995,988.6,1388.6,1238.3999999999996,729.2819741692397,54.78197416924013,660.8324699181605,1238.4,1388.6,1388.6,1388.6,988.5999999999998,1074.5,0.0,0.0,274.5,0.0,0.0,0.0,0.0,108.30232092829306,674.5,838.3999999999995,887.5057514756846,1287.5057514756845,1388.6,1388.6,1366.1864273187082,1052.470002909519,702.4038214923803,907.897066072889,1307.897066072889,1401.1,1401.1,1388.6,1388.6,1238.3999999999996,838.4,838.3999999999997
786.3713320498035,666.3713320498035,546.371332049804,666.371332049804,786.371332049804,906.371332049804,1026.371332049804,1146.3713320498036,1641.9999999999998,1847.4999999999998,1847.4999999999995,1847.4999999999998,1847.4999999999995,1844.8024146500347,1444.8024146500352,1717.889740146609,1847.4999999999995,1847.499999999999,1847.5,1847.4999999999998,1847.4999999999995,1641.9999999999993,1212.2340426742658,1092.234042674266,576.604484215838,456.60448421583806,557.3141836987331,677.3141836987331,797.3141836987331,917.3141836987331,1037.3141836987331,1157.314183698733,1641.9999999999995,1847.499999999999,1847.4999999999995,1847.4999999999995,1847.5,1641.9999999999986,1241.999999999999,1447.4999999999995,1847.4999999999995,1847.4999999999995,1847.499999999999,1847.5,1847.4999999999995,1641.9999999999998,1241.9999999999995,1241.9999999999995,821.3666880362578,701.3666880362582,642.0,762.0,882.0,1002.0,1122.0,1447.5,1847.4999999999995,1847.4999999999995,1847.4999999999995,1847.5,1847.4999999999995,1847.4999999999995,1447.499999999999,1847.4999999999995,1847.4999999999995,1847.4999999999995,1847.4999999999995,1847.5,1847.4999999999995,1737.7021388657606,1337.7021388657606,1241.9999999999995,1339.4699246561956,1242.0,1241.999999999999,1241.999999999999,1241.9999999999995,1374.8637044306722,1774.8637044306722,1847.4999999999977,1847.4999999999995,1847.4999999999995,1847.4999999999995,2247.4999999999995,1847.4999999999995,1847.499999999999,1847.499999999999,1847.4999999999995,2237.4999999999995,2637.4999999999995,2637.4999999999995,2247.5,1847.4999999999995,1847.4999999999995,1847.4999999999995,1847.5
0.0,0.0,0.0,0.0,0.0,0.0,0.0,0.0,0.0,0.0,0.0,0.0,0.0,0.0,0.0,0.0,0.0,0.0,0.0,0.0,0.0,0.0,0.0,0.0,0.0,0.0,0.0,0.0,0.0,0.0,0.0,0.0,0.0,0.0,0.0,0.0,0.0,0.0,0.0,0.0,0.0,0.0,0.0,0.0,0.0,0.0,0.0,0.0,0.0,0.0,0.0,0.0,0.0,0.0,0.0,0.0,0.0,0.0,0.0,0.0,0.0,0.0,0.0,0.0,0.0,0.0,0.0,0.0,0.0,0.0,0.0,0.0,0.0,0.0,0.0,0.0,0.0,0.0,0.0,0.0,0.0,0.0,0.0,0.0,0.0,0.0,0.0,0.0,0.0,0.0,0.0,0.0,0.0,0.0,0.0,0.0
0.0,0.0,0.0,0.0,0.0,0.0,0.0,0.0,0.0,0.0,0.0,689.0,0.0,0.0,0.0,0.0,178.0,867.0,867.0,689.0,0.0,0.0,0.0,0.0,0.0,0.0,0.0,0.0,0.0,0.0,0.0,0.0,0.0,0.0,178.0,1227.0,178.0,0.0,0.0,0.0,201.56252815233796,1227.0,1227.0,1227.0,178.0,142.97731755113134,0.0,0.0,0.0,0.0,0.0,0.0,0.0,0.0,0.0,0.0,0.0,0.0,399.99999999999955,1226.999999999999,689.0,0.0,0.0,0.0,399.99999999999955,1402.5,1402.5,1256.8625162305268,289.2066173595925,689.0,0.0,0.0,0.0,0.0,0.0,0.0,0.0,0.0,0.0,0.0,178.0,866.9999999999995,1226.9999999999982,1663.4,1227.0,688.9999999999982,0.0,178.0,1227.0,1696.6,1696.6,1663.4,1083.786263538604,1070.8101876658554,21.810187665855892,0.0
0.0,0.0,0.0,0.0,0.0,0.0,0.0,0.0,0.0,0.0,0.0,0.0,0.0,0.0,0.0,0.0,0.0,0.0,0.0,0.0,0.0,0.0,0.0,0.0,0.0,0.0,0.0,0.0,0.0,0.0,0.0,0.0,0.0,0.0,0.0,0.0,0.0,0.0,0.0,0.0,0.0,0.0,0.0,0.0,0.0,0.0,0.0,0.0,0.0,0.0,0.0,0.0,0.0,0.0,0.0,0.0,0.0,0.0,0.0,0.0,0.0,0.0,0.0,0.0,0.0,0.0,0.0,0.0,0.0,0.0,0.0,0.0,0.0,0.0,0.0,0.0,0.0,0.0,0.0,0.0,0.0,0.0,0.0,0.0,0.0,0.0,0.0,0.0,0.0,0.0,0.0,0.0,0.0,0.0,0.0,0.0
1670.859459624779,1550.859459624779,1442.9,1562.9,1682.9,1802.9,1922.9,2042.9,2377.482882084929,2854.4420429671195,3254.4420429671195,3375.9,3375.9,2855.9,2162.9,2282.9,3082.9,3375.899999999999,3375.9,3375.9,2975.9,2962.9,2042.9,1922.9,1442.9,1322.9,1442.9,1562.9,1682.9,1802.9,1922.9,2042.9,2499.941328182677,2975.899999999999,3375.9,3375.9,3375.9,2855.8999999999983,2162.899999999999,2575.9,3375.9,3375.899999999999,3421.105704554485,3375.899999999999,3215.044409568425,2962.9,2162.9,2162.9,1572.8985731157884,1452.8985731157884,1562.9,1682.9,1802.9,1922.9,2042.9,2162.9,2685.600768169855,3205.600768169856,3375.9,4175.9,3375.9,2962.8999999999983,2162.8999999999983,2575.899999999999,3725.257301229217,4525.257301229217,4793.9,4215.9,3415.899999999999,2962.9,2162.9,2162.899999999999,2162.9,2162.8999999999983,2162.9,2162.9,2162.9,2162.9,2162.899999999999,2682.9001423148275,3375.9,3415.9,3993.9,4919.154793596266,4346.038525544209,3546.038525544211,2975.9,3415.8999999999983,4087.5701746033537,5263.199999999995,5263.199999999993,4946.189925250337,3993.8999999999983,3415.9,2658.626527169557,2162.9
0.0,0.0,0.0,0.0,0.0,0.0,0.0,0.0,0.0,10.175483467500044,272.4999999999998,568.8270433736616,272.5,9.111495899359909,0.0,0.0,272.4999999999998,600.967247266866,620.64981219575,272.5,147.64601251641034,272.5,0.0,0.0,0.0,0.0,0.0,0.0,0.0,0.0,0.0,0.0,0.0,135.3639621810978,272.5,672.5,272.5,65.46679723066211,0.0,0.0,272.5,672.5,787.5,672.4999999999998,272.5,272.4999999999998,0.0,0.0,0.0,0.0,0.0,0.0,0.0,0.0,0.0,0.0,172.57914479475357,272.5,305.5271723831438,1105.5271723831438,305.5271723831438,272.5,0.0,0.0,583.5,1383.5,1383.5,1187.5,387.5,318.99314407922975,0.0,0.0,0.0,0.0,0.0,0.0,0.0,0.0,0.0,0.0,272.5,387.5,983.5,1891.9,1187.5,571.6820298020958,53.10057633988339,272.5,868.5,1904.3,1904.3,1891.9,983.4999999999995,672.4999999999995,0.0,0.0
310.0,190.0,70.0,190.0,310.0,430.0,550.0,670.0,670.0,742.2,1320.2,2120.2,1649.5369674687674,849.5369674687674,670.0,742.2,1365.0285779264887,2120.2,2120.2,2120.2,1320.2,964.3509474745317,670.0,550.0,310.0,190.0,70.0,190.0,310.0,430.0,550.0,670.0,670.0,742.2,1400.9579469029106,2320.2,1908.5476470694798,1108.5476470694803,670.0,742.2,1542.2,2320.2,2320.2,2254.574027604107,1320.2,1470.0,669.9999999999995,669.9999999999995,455.1945072255903,335.1945072255903,215.19450722559034,335.1945072255903,455.1945072255903,430.0,550.0,669.9999999999995,710.1436397297409,1288.143639729741,2088.1436397297402,2390.869549711897,2120.2,1405.1782924853467,918.4645903511557,780.4274836816803,1580.4274836816808,2397.2,2397.2,2397.2,2048.0,1470.0,670.0,670.0,883.0818803720194,670.0,670.0,670.0,982.087829464348,670.0,670.0,1211.8166917937306,2011.8166917937306,2120.2,2204.455197687781,2868.2999999999993,2320.2,2120.2,1445.7955813774777,1719.6747630490124,2320.199999999999,3004.199999999999,3004.199999999999,2868.2999999999993,2120.199999999999,2320.2,1320.2,742.2
0.0,0.0,0.0,0.0,0.0,0.0,0.0,0.0,0.0,0.0,0.0,0.0,0.0,0.0,0.0,0.0,0.0,0.0,0.0,0.0,0.0,0.0,0.0,0.0,0.0,0.0,0.0,0.0,0.0,0.0,0.0,0.0,0.0,0.0,0.0,0.0,0.0,0.0,0.0,0.0,0.0,0.0,0.0,0.0,0.0,0.0,0.0,0.0,0.0,0.0,0.0,0.0,0.0,0.0,0.0,0.0,0.0,0.0,0.0,0.0,0.0,0.0,0.0,0.0,0.0,0.0,0.0,0.0,0.0,0.0,0.0,0.0,0.0,0.0,0.0,0.0,0.0,0.0,0.0,0.0,0.0,0.0,0.0,0.0,0.0,0.0,0.0,0.0,0.0,0.0,0.0,0.0,0.0,0.0,0.0,0.0
0.0,0.0,0.0,0.0,0.0,0.0,0.0,0.0,0.0,0.0,0.0,0.0,0.0,0.0,0.0,0.0,0.0,0.0,0.0,0.0,0.0,0.0,0.0,0.0,0.0,0.0,0.0,0.0,0.0,0.0,0.0,0.0,0.0,0.0,0.0,0.0,0.0,0.0,0.0,0.0,0.0,0.0,0.0,0.0,0.0,0.0,0.0,0.0,0.0,0.0,0.0,0.0,0.0,0.0,0.0,0.0,0.0,0.0,0.0,0.0,0.0,0.0,0.0,0.0,0.0,0.0,0.0,0.0,0.0,0.0,0.0,0.0,0.0,0.0,0.0,0.0,0.0,0.0,0.0,0.0,0.0,0.0,0.0,0.0,0.0,0.0,0.0,0.0,0.0,0.0,0.0,0.0,0.0,0.0,0.0,0.0
0.0,0.0,0.0,0.0,0.0,0.0,0.0,0.0,0.0,0.0,0.0,0.0,0.0,0.0,0.0,0.0,0.0,0.0,0.0,0.0,0.0,0.0,0.0,0.0,0.0,0.0,0.0,0.0,0.0,0.0,0.0,0.0,0.0,0.0,0.0,0.0,0.0,0.0,0.0,0.0,0.0,0.0,0.0,0.0,0.0,0.0,0.0,0.0,0.0,0.0,0.0,0.0,0.0,0.0,0.0,0.0,0.0,0.0,0.0,0.0,0.0,0.0,0.0,0.0,0.0,0.0,0.0,0.0,0.0,0.0,0.0,0.0,0.0,0.0,0.0,0.0,0.0,0.0,0.0,0.0,0.0,0.0,0.0,0.0,0.0,0.0,0.0,0.0,0.0,0.0,0.0,0.0,0.0,0.0,0.0,0.0
0.0,0.0,0.0,0.0,0.0,0.0,0.0,0.0,0.0,0.0,0.0,0.0,0.0,0.0,0.0,0.0,0.0,0.0,0.0,0.0,0.0,0.0,0.0,0.0,0.0,0.0,0.0,0.0,0.0,0.0,0.0,0.0,0.0,0.0,0.0,0.0,0.0,0.0,0.0,0.0,0.0,0.0,0.0,0.0,0.0,0.0,0.0,0.0,0.0,0.0,0.0,0.0,0.0,0.0,0.0,0.0,0.0,0.0,0.0,0.0,0.0,0.0,0.0,0.0,0.0,0.0,0.0,0.0,0.0,0.0,0.0,0.0,0.0,0.0,0.0,0.0,0.0,0.0,0.0,0.0,0.0,0.0,0.0,0.0,0.0,0.0,0.0,0.0,0.0,0.0,0.0,0.0,0.0,0.0,0.0,0.0
0.0,0.0,0.0,0.0,0.0,0.0,0.0,0.0,0.0,0.0,0.0,0.0,0.0,0.0,0.0,0.0,0.0,0.0,0.0,0.0,0.0,0.0,0.0,0.0,0.0,0.0,0.0,0.0,0.0,0.0,0.0,0.0,0.0,0.0,0.0,0.0,0.0,0.0,0.0,0.0,0.0,0.0,0.0,0.0,0.0,0.0,0.0,0.0,0.0,0.0,0.0,0.0,0.0,0.0,0.0,0.0,0.0,0.0,0.0,0.0,0.0,0.0,0.0,0.0,0.0,0.0,0.0,0.0,0.0,0.0,0.0,0.0,0.0,0.0,0.0,0.0,0.0,0.0,0.0,0.0,0.0,0.0,0.0,0.0,0.0,0.0,0.0,0.0,0.0,0.0,0.0,0.0,0.0,0.0,0.0,0.0
0.0,0.0,0.0,0.0,0.0,0.0,0.0,0.0,0.0,0.0,0.0,0.0,0.0,0.0,0.0,0.0,0.0,0.0,0.0,0.0,0.0,0.0,0.0,0.0,0.0,0.0,0.0,0.0,0.0,0.0,0.0,0.0,0.0,0.0,0.0,0.0,0.0,0.0,0.0,0.0,0.0,0.0,0.0,0.0,0.0,0.0,0.0,0.0,0.0,0.0,0.0,0.0,0.0,0.0,0.0,0.0,0.0,0.0,0.0,0.0,0.0,0.0,0.0,0.0,0.0,0.0,0.0,0.0,0.0,0.0,0.0,0.0,0.0,0.0,0.0,0.0,0.0,0.0,0.0,0.0,0.0,0.0,0.0,0.0,0.0,0.0,0.0,0.0,0.0,0.0,0.0,0.0,0.0,0.0,0.0,0.0
0.0,0.0,0.0,0.0,0.0,0.0,0.0,0.0,0.0,0.0,0.0,0.0,0.0,0.0,0.0,0.0,0.0,387.1928865987687,787.1928865987687,387.1928865987685,274.5,0.0,0.0,0.0,0.0,0.0,0.0,0.0,0.0,0.0,0.0,0.0,0.0,0.0,0.0,0.0,0.0,0.0,0.0,0.0,0.0,674.5,838.3999999999997,838.3999999999997,674.5,0.0,0.0,0.0,0.0,0.0,0.0,0.0,0.0,0.0,0.0,0.0,0.0,0.0,0.0,0.0,0.0,0.0,0.0,0.0,0.0,674.5,838.3999999999997,838.3999999999997,674.5,0.0,0.0,274.5,274.5,0.0,0.0,0.0,0.0,0.0,0.0,0.0,0.0,0.0,0.0,0.0,0.0,0.0,0.0,0.0,579.3819419046358,838.4,1238.3999999999996,838.3999999999997,1069.0114310196925,480.02453876987204,438.4,838.3999999999997
926.7027931252326,806.7027931252326,686.7027931252326,566.7027931252326,446.7027931252326,326.7027931252326,206.70279312523257,110.01933995766598,42.0,162.0,282.0,402.0,522.0,642.0,762.0,882.0,1002.0,1521.2846797118052,1847.4999999999995,1590.0718113402668,1499.0163650208121,1122.0,1002.0,1121.9999999999998,719.9999999999998,600.0,480.0,360.0,240.0,120.0,0.0,0.0,42.0,162.0,282.0,402.0,522.0,642.0,762.0,882.0,1002.0,1521.9999999999995,1847.4999999999998,1847.4999999999998,1641.9999999999995,1242.0,1241.9999999999995,1241.9999999999998,882.0,762.0,642.0,522.0,402.0,282.0,162.0,42.0,162.0,282.0,402.0,522.0,642.0,762.0,882.0,1002.0,1122.0,1641.9999999999998,1847.4999999999998,1847.5,1642.0,1241.9999999999998,1242.0,1292.154248664783,1298.334146887227,1122.0,1002.0,882.0,762.0,642.0,522.0,627.7361186640362,507.7361186640362,402.0,522.0,642.0,762.0,882.0,1002.0,1122.0,1641.9999999999995,1847.5,1847.4999999999995,1847.5,1847.4999999999995,1847.4999999999998,1561.024386821186,1847.5
0.0,0.0,0.0,0.0,0.0,0.0,0.0,0.0,0.0,0.0,0.0,0.0,0.0,0.0,0.0,0.0,0.0,0.0,0.0,0.0,0.0,0.0,0.0,0.0,0.0,0.0,0.0,0.0,0.0,0.0,0.0,0.0,0.0,0.0,0.0,0.0,0.0,0.0,0.0,0.0,0.0,0.0,0.0,0.0,0.0,0.0,0.0,0.0,0.0,0.0,0.0,0.0,0.0,0.0,0.0,0.0,0.0,0.0,0.0,0.0,0.0,0.0,0.0,0.0,0.0,0.0,0.0,0.0,0.0,0.0,0.0,0.0,0.0,0.0,0.0,0.0,0.0,0.0,0.0,0.0,0.0,0.0,0.0,0.0,0.0,0.0,0.0,0.0,0.0,0.0,0.0,0.0,0.0,0.0,0.0,0.0
0.0,0.0,0.0,0.0,0.0,0.0,0.0,0.0,0.0,0.0,0.0,0.0,0.0,0.0,0.0,0.0,0.0,0.0,0.0,0.0,0.0,0.0,0.0,0.0,0.0,0.0,0.0,0.0,0.0,0.0,0.0,0.0,0.0,0.0,0.0,0.0,0.0,0.0,0.0,0.0,0.0,0.0,0.0,0.0,0.0,0.0,0.0,0.0,0.0,0.0,0.0,0.0,0.0,0.0,0.0,0.0,0.0,0.0,0.0,0.0,0.0,0.0,0.0,0.0,0.0,0.0,0.0,0.0,0.0,0.0,0.0,0.0,0.0,0.0,0.0,0.0,0.0,0.0,0.0,0.0,0.0,0.0,0.0,0.0,0.0,0.0,0.0,0.0,0.0,343.2265184571605,725.2570081967704,71.3700114595195,400.0,0.0,0.0,0.0
0.0,0.0,0.0,0.0,0.0,0.0,0.0,0.0,0.0,0.0,0.0,0.0,0.0,0.0,0.0,0.0,0.0,0.0,0.0,0.0,0.0,0.0,0.0,0.0,0.0,0.0,0.0,0.0,0.0,0.0,0.0,0.0,0.0,0.0,0.0,0.0,0.0,0.0,0.0,0.0,0.0,0.0,0.0,0.0,0.0,0.0,0.0,0.0,0.0,0.0,0.0,0.0,0.0,0.0,0.0,0.0,0.0,0.0,0.0,0.0,0.0,0.0,0.0,0.0,0.0,0.0,0.0,0.0,0.0,0.0,0.0,0.0,0.0,0.0,0.0,0.0,0.0,0.0,0.0,0.0,0.0,0.0,0.0,0.0,0.0,0.0,0.0,0.0,0.0,0.0,0.0,0.0,0.0,0.0,0.0,0.0
1442.8999999999996,1322.8999999999996,1202.8999999999996,1082.8999999999996,962.8999999999996,842.9000000000001,722.9000000000001,842.9000000000001,962.9000000000001,1082.9,1202.9,1322.9,1442.9,1562.9,1682.9,1802.9,1922.9,2042.9,2162.9,2162.9,2162.9,2042.9,1922.9,1953.8090598237247,1351.0156214454466,1231.0156214454466,1111.0156214454466,991.0156214454466,871.0156214454466,751.0156214454466,722.9000000000001,842.9000000000001,962.9000000000001,1082.9,1202.9,1322.9,1442.9,1562.9,1682.9,1802.9,1922.9,2042.9,2547.7772614685773,2162.9,2162.9,2162.9,2047.0823734373516,2162.9,1671.1815893094522,1551.1815893094522,1431.1815893094522,1311.1815893094522,1191.1815893094522,1071.1815893094522,951.1815893094522,962.9000000000001,1082.9,1202.9,1322.9,1442.9,1562.9,1682.9,1802.9,1922.9,2042.9,2962.9,3375.9,2975.9,2962.9,2162.9,2162.9,2162.9,2162.8999999999996,2042.8999999999996,1922.9,1802.9,1682.9,1562.9,1442.9,1322.9,1202.9,1202.9,1322.9,1442.9,1562.9,1682.9,1802.9,1922.9,2455.9,3375.9,3375.9,3375.9,3375.9,2575.9,2162.9,2436.800745975769
0.0,0.0,0.0,0.0,0.0,0.0,0.0,0.0,0.0,0.0,0.0,0.0,0.0,0.0,0.0,0.0,0.0,0.0,0.0,0.0,0.0,0.0,0.0,0.0,0.0,0.0,0.0,0.0,0.0,0.0,0.0,0.0,0.0,0.0,0.0,0.0,0.0,0.0,0.0,0.0,0.0,0.0,0.0,0.0,0.0,0.0,0.0,0.0,0.0,0.0,0.0,0.0,0.0,0.0,0.0,0.0,0.0,0.0,0.0,0.0,0.0,0.0,0.0,0.0,0.0,272.5,272.5,116.32562367538594,272.5,0.0,0.0,0.0,0.0,0.0,0.0,0.0,0.0,0.0,0.0,0.0,0.0,0.0,0.0,0.0,0.0,0.0,0.0,0.0,0.0,272.4999999999998,272.5,272.4999999999998,272.4999999999998,0.0,0.0,0.0
670.0,550.0,430.0,310.0,190.0,70.0,0.0,120.0,0.0,0.0,0.0,0.0,70.0,190.0,310.0,430.0,550.0,670.0,670.0,670.0,670.0,550.0,430.0,550.0,670.0,550.0,430.0,310.0,190.0,70.0,0.0,0.0,0.0,0.0,0.0,0.0,70.0,190.0,310.0,430.0,550.0,670.0,670.0,670.0,670.0,670.0,670.0,670.0,670.0,550.0,430.0,310.0,190.0,70.0,0.0,0.0,0.0,0.0,0.0,16.911261086149807,136.9112610861498,256.9112610861498,376.9112610861498,496.9112610861498,616.9112610861498,742.9840699269175,1069.9999999999995,670.0,1069.999999999999,670.0,670.0,670.0,670.0,550.0,430.0,310.0,190.0,70.0,0.0,120.0,120.0,0.0,0.0,70.0,190.0,310.0,430.0,550.0,742.2,1542.2,2120.2,1720.2,1470.0,669.9999999999995,669.9999999999995,670.0
0.0,0.0,0.0,0.0,0.0,0.0,0.0,0.0,0.0,0.0,0.0,0.0,0.0,0.0,0.0,0.0,0.0,0.0,0.0,0.0,0.0,0.0,0.0,0.0,0.0,0.0,0.0,0.0,0.0,0.0,0.0,0.0,0.0,0.0,0.0,0.0,0.0,0.0,0.0,0.0,0.0,0.0,0.0,0.0,0.0,0.0,0.0,0.0,0.0,0.0,0.0,0.0,0.0,0.0,0.0,0.0,0.0,0.0,0.0,0.0,0.0,0.0,0.0,0.0,0.0,0.0,0.0,0.0,0.0,0.0,0.0,0.0,0.0,0.0,0.0,0.0,0.0,0.0,0.0,0.0,0.0,0.0,0.0,0.0,0.0,0.0,0.0,0.0,0.0,0.0,0.0,0.0,0.0,0.0,0.0,0.0
0.0,0.0,0.0,0.0,0.0,0.0,0.0,0.0,0.0,0.0,0.0,0.0,0.0,0.0,0.0,0.0,0.0,0.0,0.0,0.0,0.0,0.0,0.0,0.0,0.0,0.0,0.0,0.0,0.0,0.0,0.0,0.0,0.0,0.0,0.0,0.0,0.0,0.0,0.0,0.0,0.0,0.0,0.0,0.0,0.0,0.0,0.0,0.0,0.0,0.0,0.0,0.0,0.0,0.0,0.0,0.0,0.0,0.0,0.0,0.0,0.0,0.0,0.0,0.0,0.0,0.0,0.0,0.0,0.0,0.0,0.0,0.0,0.0,0.0,0.0,0.0,0.0,0.0,0.0,0.0,0.0,0.0,0.0,0.0,0.0,0.0,0.0,0.0,0.0,0.0,0.0,0.0,0.0,0.0,0.0,0.0
0.0,0.0,0.0,0.0,0.0,0.0,0.0,0.0,0.0,0.0,0.0,0.0,0.0,0.0,0.0,0.0,0.0,0.0,0.0,0.0,0.0,0.0,0.0,0.0,0.0,0.0,0.0,0.0,0.0,0.0,0.0,0.0,0.0,0.0,0.0,0.0,0.0,0.0,0.0,0.0,0.0,0.0,0.0,0.0,0.0,0.0,0.0,0.0,0.0,0.0,0.0,0.0,0.0,0.0,0.0,0.0,0.0,0.0,0.0,0.0,0.0,0.0,0.0,0.0,0.0,0.0,0.0,0.0,0.0,0.0,0.0,0.0,0.0,0.0,0.0,0.0,0.0,0.0,0.0,0.0,0.0,0.0,0.0,0.0,0.0,0.0,0.0,0.0,0.0,0.0,0.0,0.0,0.0,0.0,0.0,0.0
0.0,0.0,0.0,0.0,0.0,0.0,0.0,0.0,0.0,0.0,0.0,0.0,0.0,0.0,0.0,0.0,0.0,0.0,0.0,0.0,0.0,0.0,0.0,0.0,0.0,0.0,0.0,0.0,0.0,0.0,0.0,0.0,0.0,0.0,0.0,0.0,0.0,0.0,0.0,0.0,0.0,0.0,0.0,0.0,0.0,0.0,0.0,0.0,0.0,0.0,0.0,0.0,0.0,0.0,0.0,0.0,0.0,0.0,0.0,0.0,0.0,0.0,0.0,0.0,0.0,0.0,0.0,0.0,0.0,0.0,0.0,0.0,0.0,0.0,0.0,0.0,0.0,0.0,0.0,0.0,0.0,0.0,0.0,0.0,0.0,0.0,0.0,0.0,0.0,0.0,0.0,0.0,0.0,0.0,0.0,0.0
0.0,0.0,0.0,0.0,0.0,0.0,0.0,0.0,0.0,0.0,0.0,0.0,0.0,0.0,0.0,0.0,0.0,0.0,0.0,0.0,0.0,0.0,0.0,0.0,0.0,0.0,0.0,0.0,0.0,0.0,0.0,0.0,0.0,0.0,0.0,0.0,0.0,0.0,0.0,0.0,0.0,0.0,0.0,0.0,0.0,0.0,0.0,0.0,0.0,0.0,0.0,0.0,0.0,0.0,0.0,0.0,0.0,0.0,0.0,0.0,0.0,0.0,0.0,0.0,0.0,0.0,0.0,0.0,0.0,0.0,0.0,0.0,0.0,0.0,0.0,0.0,0.0,0.0,0.0,0.0,0.0,0.0,0.0,0.0,0.0,0.0,0.0,0.0,0.0,0.0,0.0,0.0,0.0,0.0,0.0,0.0
0.0,0.0,0.0,0.0,0.0,0.0,0.0,0.0,0.0,0.0,0.0,0.0,0.0,0.0,0.0,0.0,0.0,0.0,0.0,0.0,0.0,0.0,0.0,0.0,0.0,0.0,0.0,0.0,0.0,0.0,0.0,0.0,0.0,0.0,0.0,0.0,0.0,0.0,0.0,0.0,0.0,0.0,0.0,0.0,0.0,0.0,0.0,0.0,0.0,0.0,0.0,0.0,0.0,0.0,0.0,0.0,0.0,0.0,0.0,0.0,0.0,0.0,0.0,0.0,0.0,0.0,0.0,0.0,0.0,0.0,0.0,0.0,0.0,0.0,0.0,0.0,0.0,0.0,0.0,0.0,0.0,0.0,0.0,0.0,0.0,0.0,0.0,0.0,0.0,0.0,0.0,0.0,0.0,0.0,0.0,0.0
1388.6,1388.6,1388.6,1388.6,1388.6,1388.6,1388.6,1388.6,1388.6,1388.6,1401.1,1401.1,1401.1,1401.1,1801.1,2201.1,2247.1,2247.1,2138.8188104804844,1738.8188104804844,1401.1,1388.6,1388.6,1388.6,1388.6,1388.6,1388.6,1388.6,1388.6,1388.6,1388.6,1388.6,1388.6,1388.6,1401.1,1401.1,1401.1,1801.1,2201.1,2453.4,2453.399999999999,2453.4,2453.4,2378.7094226322947,1847.1,1447.1,1388.6,1388.6,1388.6,1401.1,1388.6,1388.6,1388.6,1388.6,1388.6,1388.6,1401.1,1401.1,1401.1,1801.1,2201.1,2402.1529447041603,2453.4,2453.4,2453.3999999999996,2453.4,2453.4,2453.4,2389.469317297823,1825.9693172978232,1425.9693172978232,1401.1,1401.1,1401.1,1401.1,1401.1,1401.1,1401.1,1401.1,1801.0999999999995,2201.1,2410.6,2453.4,2453.4,2453.4,2453.4,2453.4,2453.4,2453.3999999999996,2453.4,2453.4,2453.4,2453.4,2321.2097119333657,2169.376116032684,1856.2096164551522
1847.4999999999998,1847.4999999999995,1847.5,1847.4999999999998,1847.4999999999998,1847.5,1847.499999999999,1847.4999999999995,1847.4999999999998,2239.2316963911035,2637.499999999999,2857.4999999999995,3016.4682181171556,3506.7045780732306,3631.9,3631.8999999999996,3631.899999999999,3631.8999999999996,3532.7,3412.699999999999,2871.4999999999995,2247.4999999999995,1847.4999999999995,1847.4999999999998,1847.5,1847.4999999999998,1847.4999999999998,1847.5,1847.5,1847.4999999999995,1847.4999999999995,1847.4999999999993,2177.042822181491,2577.042822181491,2857.499999999999,3377.499999999999,3511.499999999999,3474.8594162141167,3631.8999999999996,3717.6,3717.6,3717.6,3717.6,3717.599999999999,3511.8999999999996,3068.181402020333,2722.9933539046615,2223.7933539046617,2394.457444499178,2637.4999999999995,2637.5,2247.5,1847.4999999999998,1847.5,1847.5,2247.499999999999,2857.4999999999995,3292.49277424728,3532.7,3631.8999999999996,3631.899999999999,3669.099999999999,3717.6,3717.6,3717.6,3717.6,3717.6,3717.599999999999,3717.6,3601.7650619062406,3465.9788700856325,2947.76506190624,3196.7,3097.4999999999986,2977.4999999999995,2965.155564188336,2637.4999999999995,2637.4999999999995,2757.4999999999995,3377.5,3532.7,3669.0999999999995,3717.6,3717.6,3717.599999999999,3717.599999999999,3717.6,3717.6,3717.599999999999,3717.6,3717.6,3717.599999999999,3717.6,3714.978405116541,3631.899999999999,3631.8999999999996
0.0,0.0,0.0,0.0,0.0,0.0,0.0,0.0,0.0,0.0,0.0,0.0,0.0,0.0,0.0,0.0,0.0,0.0,0.0,0.0,0.0,0.0,0.0,0.0,0.0,0.0,0.0,0.0,0.0,0.0,0.0,0.0,0.0,0.0,0.0,0.0,0.0,0.0,0.0,131.7,131.7,131.7,131.7,131.7,0.0,0.0,0.0,0.0,0.0,0.0,0.0,0.0,0.0,0.0,0.0,0.0,0.0,0.0,0.0,0.0,0.0,0.0,131.7,131.7,131.7,131.7,131.7,131.7,74.77145435163717,0.0,0.0,0.0,0.0,0.0,0.0,0.0,0.0,0.0,0.0,0.0,0.0,0.0,131.7,131.7,131.7,131.7,131.7,131.7,131.7,131.7,131.7,131.7,131.7,131.7,0.0,0.0
1227.0,1226.9999999999995,1227.0,1226.9999999999995,867.0,867.0,867.0,1227.0,1663.4,1663.3999999999996,1714.896834442832,1874.5999999999995,1874.6,1874.6,1874.6,1895.0,1895.0,1895.0,1895.0,1874.6,1874.6,1663.3999999999996,1663.4,1227.0,1227.0,1663.3999999999996,1661.5858937914422,1402.5,1227.0,1227.0,1227.0,1402.5,1663.4,1663.3999999999996,1874.6,1874.6,1874.6,1874.6,1895.0,1934.5,1934.4999999999995,1956.6,1934.5,1934.5,1874.6,1874.5999999999995,1663.3999999999996,1663.4,1663.4,1874.6,1663.4,1663.4,1274.0639591085098,1227.0,1227.0,1663.4,1874.6,1874.6,1874.6,1895.0,1895.0,1916.1,2091.1999999999994,2491.2000000000003,2491.2000000000003,2491.2000000000003,2491.2000000000003,2491.2000000000003,2060.5633316313465,1874.6,1874.6,1874.6,1874.6,1874.6,1874.6,1874.6,1696.5999999999995,1696.6,1696.6,1874.6,1916.1,1916.1,1956.6,2356.6,2491.1999999999994,2491.2000000000003,2491.2000000000003,2491.2000000000003,2491.2000000000003,2491.2000000000003,2491.2000000000003,2491.2000000000003,2491.2000000000003,2491.2000000000003,2249.1617559999404,1956.6
0.0,0.0,0.0,0.0,0.0,0.0,0.0,0.0,0.0,0.0,0.0,0.0,0.0,0.0,0.0,0.0,0.0,0.0,0.0,0.0,0.0,0.0,0.0,0.0,0.0,0.0,0.0,0.0,0.0,0.0,0.0,0.0,0.0,0.0,0.0,0.0,0.0,0.0,0.0,0.0,0.0,0.0,0.0,0.0,0.0,0.0,0.0,0.0,0.0,0.0,0.0,0.0,0.0,0.0,0.0,0.0,0.0,0.0,0.0,0.0,0.0,0.0,0.0,0.0,0.0,0.0,0.0,0.0,0.0,0.0,0.0,0.0,0.0,0.0,0.0,0.0,0.0,0.0,0.0,0.0,0.0,0.0,0.0,0.0,0.0,0.0,0.0,0.0,0.0,0.0,0.0,0.0,0.0,0.0,0.0,0.0
4209.278372501907,4609.278372501907,4209.278372501907,3946.1673971663154,3375.9,3375.8999999999996,3593.9,4393.9,4839.799999999999,4839.799999999999,5263.200000000001,5334.200000000001,5334.200000000001,5364.250068400978,5986.850068400978,5990.199999999999,5990.200000000001,6193.449287581427,5990.200000000001,5944.794117512049,5334.200000000001,5185.107639411783,4839.799999999999,4640.913514567971,4793.9,4839.799999999999,4839.799999999999,4793.9,3993.9,3415.9,3993.9,4806.717216559538,4839.799999999999,5192.799999999999,5334.200000000001,5374.938367466057,5357.525614796254,5537.9467789972805,6582.34677899728,6770.749973071501,6987.5,7115.333582578799,6920.8333332,6737.5,5639.171243597076,5334.200000000001,5192.799999999999,4839.799999999999,4839.799999999999,5263.199999999999,5114.753056162774,5149.471881159228,4793.9,4756.467739325647,4793.9,4945.142256678442,5334.200000000001,5334.200000000001,5819.720189187179,6070.838199287428,6302.006330004206,6759.664408615754,8145.977202341077,8491.7,8474.95902516315,8295.213356103726,8257.892095024374,8020.564871019821,6832.8,5609.099999999998,5334.200000000001,5263.200000000001,5334.199999999999,5334.199999999999,5334.200000000001,5334.200000000001,5235.699999999999,5245.830358608078,5235.700000000001,5708.221283907684,6653.5,7000.981724530974,8009.136192749411,8465.900000000003,8471.007052396551,8473.494172030145,8487.7,8487.699999999999,8487.699999999999,8483.67326561998,8241.692569842702,8076.243663999195,8202.185451461222,7599.929929985933,7083.5,6718.9461901221475
1142.3262330293878,1383.4999999999986,1240.1725505378417,1187.4999999999989,716.617528932672,316.6175289326721,798.7053757220774,1269.5878467894054,1454.9855309483298,1891.8999999999999,1904.3,1904.3,1904.3,1904.3,1904.3,1904.3,1904.3,1904.3,1904.3,1904.3,1904.3,1891.9,1383.5,1383.5,1383.5,1673.620405971434,1383.5,1383.5,983.5,787.5,983.4999999999998,1383.4999999999998,1875.5504642083838,1891.9,1904.3,1904.2999999999997,1904.3,1904.3,1904.3,1904.3,1904.3,1904.3,1904.3,1904.3,1904.3,1904.3,1891.9,1475.2758776603785,1891.8999999999999,1904.3,1891.9,1891.9,1383.5,1383.5,1383.4999999999998,1891.9,1904.3,1904.3,1904.3,1904.3,1904.3,1904.3,1914.3,1914.3,1914.3,1914.2999999999995,1914.3,1914.3,1904.3,1904.3,1904.3,1904.3,1904.3,1904.3,1904.3,1904.3,1904.3,1904.3,1904.2999999999952,1904.3,1904.3,1904.3,1914.3,1914.3,1914.3,1914.3,1914.3,1914.3,1914.3,1914.2999999999995,1914.2999999999995,1914.3,1914.3,1914.3,1914.3,1904.2999999999997
2320.2,2397.2,2320.2,2320.2,2120.2,2120.2,2120.2,2441.7999999999993,3032.8999999999996,3152.8999999999996,3408.7999999999993,3899.6421551624453,4284.9845166745035,4358.643033202418,4686.518596484159,4627.274722414384,4747.967079916754,4640.028031678339,4448.5068433584365,4511.619466523503,4020.784194059136,3392.8999999999996,3272.3312429316047,2604.7999999999993,2357.2967433154117,2868.2999999999993,2482.2,2456.693121842802,2229.0859463237816,2120.2,2240.2,2722.2,3228.2999999999993,3348.2999999999993,3942.7970006585147,4462.797000658515,4982.797000658515,5129.2,5251.9,5190.711476896714,5190.903789833022,5124.776216341794,4874.388904457518,4851.432433154644,4712.423545975169,4288.799999999999,3632.8999999999996,3512.8999999999996,2868.3,3004.2,2868.2999999999993,2868.2999999999993,2517.2,2560.2,2680.2,3348.2999999999993,3641.1476969335617,4161.147696933562,4681.147696933561,5131.899999999999,5251.9,5321.2,5455.299999999998,5311.012094859929,5433.779942211472,5315.402339808978,5123.939462791026,5125.429116771949,4987.342635166945,4928.799999999999,4408.799999999999,3760.5218217697516,4687.438260564313,5087.438260564312,4842.260371394207,4408.799999999999,3787.7999999999993,3667.7999999999993,3787.7999999999993,4408.799999999999,4931.499999999999,5321.2,5520.740415860417,5834.5077029436425,5779.366666399998,5822.633332799999,5879.362948368328,5839.251520630113,5893.34144521377,5907.158994861123,5617.305970988492,5469.248841104048,5502.742673604076,5293.799999999998,4922.113005623881,4399.41300562388
0.0,0.0,0.0,0.0,0.0,0.0,0.0,0.0,0.0,0.0,0.0,0.0,0.0,0.0,0.0,0.0,0.0,0.0,0.0,0.0,0.0,0.0,0.0,0.0,0.0,0.0,0.0,0.0,0.0,0.0,0.0,0.0,0.0,0.0,0.0,0.0,0.0,0.0,0.0,0.0,0.0,0.0,0.0,0.0,0.0,0.0,0.0,0.0,0.0,0.0,0.0,0.0,0.0,0.0,0.0,0.0,0.0,0.0,0.0,0.0,0.0,0.0,0.0,0.0,0.0,0.0,0.0,0.0,0.0,0.0,0.0,0.0,0.0,0.0,0.0,0.0,0.0,0.0,0.0,0.0,0.0,0.0,0.0,0.0,0.0,0.0,0.0,0.0,0.0,0.0,0.0,0.0,0.0,0.0,0.0,0.0
0.0,0.0,0.0,0.0,0.0,0.0,0.0,0.0,0.0,0.0,0.0,0.0,0.0,0.0,0.0,0.0,0.0,0.0,0.0,0.0,0.0,0.0,0.0,0.0,0.0,0.0,0.0,0.0,0.0,0.0,0.0,0.0,0.0,0.0,0.0,0.0,0.0,0.0,0.0,0.0,0.0,0.0,0.0,0.0,0.0,0.0,0.0,0.0,0.0,0.0,0.0,0.0,0.0,0.0,0.0,0.0,0.0,0.0,0.0,0.0,0.0,0.0,0.0,0.0,0.0,0.0,0.0,0.0,0.0,0.0,0.0,0.0,0.0,0.0,0.0,0.0,0.0,0.0,0.0,0.0,0.0,0.0,0.0,0.0,0.0,0.0,0.0,0.0,0.0,0.0,0.0,0.0,0.0,0.0,0.0,0.0
0.0,0.0,0.0,0.0,0.0,0.0,0.0,0.0,0.0,0.0,0.0,0.0,0.0,0.0,0.0,0.0,0.0,0.0,0.0,0.0,0.0,0.0,0.0,0.0,0.0,0.0,0.0,0.0,0.0,0.0,0.0,0.0,0.0,0.0,0.0,0.0,0.0,0.0,0.0,0.0,0.0,0.0,0.0,0.0,0.0,0.0,0.0,0.0,0.0,0.0,0.0,0.0,0.0,0.0,0.0,0.0,0.0,0.0,0.0,0.0,0.0,0.0,0.0,0.0,0.0,0.0,0.0,0.0,0.0,0.0,0.0,0.0,0.0,0.0,0.0,0.0,0.0,0.0,0.0,0.0,0.0,0.0,0.0,0.0,0.0,0.0,0.0,0.0,0.0,0.0,0.0,0.0,0.0,0.0,0.0,0.0
0.0,0.0,0.0,0.0,0.0,0.0,0.0,0.0,0.0,0.0,0.0,0.0,0.0,0.0,0.0,0.0,0.0,0.0,0.0,0.0,0.0,0.0,0.0,0.0,0.0,0.0,0.0,0.0,0.0,0.0,0.0,0.0,0.0,0.0,0.0,0.0,0.0,0.0,0.0,0.0,0.0,0.0,0.0,0.0,0.0,0.0,0.0,0.0,0.0,0.0,0.0,0.0,0.0,0.0,0.0,0.0,0.0,0.0,0.0,0.0,0.0,0.0,0.0,0.0,0.0,0.0,0.0,0.0,0.0,0.0,0.0,0.0,0.0,0.0,0.0,0.0,0.0,0.0,0.0,0.0,0.0,0.0,0.0,0.0,0.0,0.0,0.0,0.0,0.0,0.0,0.0,0.0,0.0,0.0,0.0,0.0
0.0,0.0,0.0,0.0,0.0,0.0,0.0,0.0,0.0,0.0,0.0,0.0,0.0,0.0,0.0,0.0,0.0,0.0,0.0,0.0,0.0,0.0,0.0,0.0,0.0,0.0,0.0,0.0,0.0,0.0,0.0,0.0,0.0,0.0,0.0,0.0,0.0,0.0,0.0,0.0,0.0,0.0,0.0,0.0,0.0,0.0,0.0,0.0,0.0,0.0,0.0,0.0,0.0,0.0,0.0,0.0,0.0,0.0,0.0,0.0,0.0,0.0,0.0,0.0,0.0,0.0,0.0,0.0,0.0,0.0,0.0,0.0,0.0,0.0,0.0,0.0,0.0,0.0,0.0,0.0,0.0,0.0,0.0,0.0,0.0,0.0,0.0,0.0,0.0,0.0,0.0,0.0,0.0,0.0,0.0,0.0
0.0,0.0,0.0,0.0,0.0,0.0,0.0,0.0,0.0,0.0,0.0,0.0,0.0,0.0,0.0,0.0,0.0,0.0,0.0,0.0,0.0,0.0,0.0,0.0,0.0,0.0,0.0,0.0,0.0,0.0,0.0,0.0,0.0,0.0,0.0,0.0,0.0,0.0,0.0,0.0,0.0,0.0,0.0,0.0,0.0,0.0,0.0,0.0,0.0,0.0,0.0,0.0,0.0,0.0,0.0,0.0,0.0,0.0,0.0,0.0,0.0,0.0,0.0,0.0,0.0,0.0,0.0,0.0,0.0,0.0,0.0,0.0,0.0,0.0,0.0,0.0,0.0,0.0,0.0,0.0,0.0,0.0,0.0,0.0,0.0,0.0,0.0,0.0,0.0,0.0,0.0,0.0,0.0,0.0,0.0,0.0
838.3999999999999,838.3999999999999,838.4,838.3999999999999,838.4,838.3999999999999,838.3999999999999,838.4,838.3999999999999,838.4,838.4,838.3999999999997,838.4,1238.3999999999996,1388.6,1388.6,1388.6,1388.6,1388.6,988.6,838.3999999999997,838.3999999999997,214.56433934231214,0.0,838.4,838.3999999999997,838.4,838.3999999999997,838.4,838.4,838.4,838.4,838.4,838.4,838.3999999999997,838.4,838.3999999999997,1238.4,1388.6,1388.6,1388.6,1388.6,1388.6,1388.6,988.5999999999998,838.3999999999997,438.4,0.0,838.4,988.5999999999998,1388.6,1388.6,1388.6,1238.4,838.4,838.4,838.4,838.4,838.3999999999995,838.4,1083.5387136112868,1388.6,1388.6,1388.6,1388.6,1388.6,1388.6,1388.6,1238.3999999999996,838.3999999999997,675.0266311994637,8.745734890280104,1377.7434272540927,1388.6,1388.6,1388.6,1388.6,1388.6,1388.6,1388.6,1388.6,1388.6,1388.6,1388.6,1388.6,1388.6,1388.6,1388.6,1401.1,1401.1,1388.6,1388.6,1388.6,988.5999999999998,838.4,838.4
1847.5,1847.5,1847.5,1847.4999999999998,1847.5,1847.5,1847.5,1847.5,1847.4999999999998,1847.4999999999998,1847.4999999999993,1847.4999999999998,1847.4999999999995,1847.5,1847.5,1847.4999999999998,1847.4999999999998,1847.5,1847.4999999999998,1847.4999999999998,1847.4999999999998,1847.5,1447.4999999999998,1242.0,1847.5,1847.5,1847.5,1847.4999999999998,1847.5,1847.4999999999998,1847.4999999999995,1847.4999999999998,1847.4999999999998,1847.4999999999998,1847.4999999999995,1847.4999999999998,1847.5,1847.4999999999998,1847.4999999999998,1847.5,1847.4999999999998,1847.4999999999998,1847.5,1847.4999999999998,1847.4999999999998,1847.4999999999998,1589.2027130050283,1242.0,1847.4999999999998,1847.4999999999998,1847.4999999999998,1847.4999999999998,1847.4999999999993,1847.4999999999995,1847.4999999999998,1847.4999999999995,1847.5,1847.5,1847.5,1847.4999999999998,1847.4999999999998,1847.4999999999998,1847.4999999999998,1847.4999999999998,2201.431786011569,2292.7462615716154,1892.7462615716163,1847.5,1847.5,1847.5,1847.4999999999998,1447.4999999999998,1847.4999999999998,1847.4999999999995,1847.5,1847.4999999999995,1847.5,1847.499999999999,1847.4999999999995,1847.5,1847.5,1847.4999999999998,1847.5,1847.5,1847.4999999999998,1847.4999999999995,2015.0101440127742,2415.010144012774,2737.499999999999,2737.499999999999,2429.265391072897,2029.265391072898,1847.5,1847.4999999999998,1847.4999999999998,1847.4999999999984
0.0,0.0,0.0,0.0,0.0,0.0,0.0,0.0,0.0,0.0,0.0,0.0,0.0,0.0,0.0,0.0,0.0,0.0,0.0,0.0,0.0,0.0,0.0,0.0,0.0,0.0,0.0,0.0,0.0,0.0,0.0,0.0,0.0,0.0,0.0,0.0,0.0,0.0,0.0,0.0,0.0,0.0,0.0,0.0,0.0,0.0,0.0,0.0,0.0,0.0,0.0,0.0,0.0,0.0,0.0,0.0,0.0,0.0,0.0,0.0,0.0,0.0,0.0,0.0,0.0,0.0,0.0,0.0,0.0,0.0,0.0,0.0,0.0,0.0,0.0,0.0,0.0,0.0,0.0,0.0,0.0,0.0,0.0,0.0,0.0,0.0,0.0,0.0,0.0,0.0,0.0,0.0,0.0,0.0,0.0,0.0
0.0,0.0,0.0,0.0,0.0,0.0,0.0,0.0,0.0,0.0,0.0,0.0,178.0,580.5384773928586,866.9999999999995,1226.9999999999995,1226.9999999999995,1227.0,1226.999999999999,396.2427585665158,0.0,0.0,0.0,0.0,0.0,0.0,167.32630810251703,377.20016948313196,377.1810936895349,140.72146383603217,0.0,0.0,0.0,0.0,0.0,0.0,178.0,684.1223348693535,1080.6652117526046,1226.9999999999995,1402.4999999999995,1533.8734058596565,1227.0,644.8315775031908,178.0,0.0,0.0,0.0,0.0,239.58921293704083,704.011316599383,867.0,867.0,761.9211852212557,178.0,0.0,0.0,0.0,0.0,0.0,400.0,962.0709747966309,1204.1796765140537,1402.4999999999998,1663.3999999999996,1663.4,1402.5,867.0,399.9999999999991,0.0,0.0,0.0,578.0,907.9385914900497,1226.9999999999995,1226.9999999999995,1226.9999999999993,1226.9999999999995,866.9999999999998,866.9999999999993,866.9999999999993,866.9999999999998,866.9999999999995,866.9999999999995,1227.0,1226.9999999999995,1462.6455425413264,1663.3999999999996,1874.6,1874.6,1663.4,1227.0,1144.9672149394855,178.0,0.0,0.0
0.0,0.0,0.0,0.0,0.0,0.0,0.0,0.0,0.0,0.0,0.0,0.0,0.0,0.0,0.0,0.0,0.0,0.0,0.0,0.0,0.0,0.0,0.0,0.0,0.0,0.0,0.0,0.0,0.0,0.0,0.0,0.0,0.0,0.0,0.0,0.0,0.0,0.0,0.0,0.0,0.0,0.0,0.0,0.0,0.0,0.0,0.0,0.0,0.0,0.0,0.0,0.0,0.0,0.0,0.0,0.0,0.0,0.0,0.0,0.0,0.0,0.0,0.0,0.0,0.0,0.0,0.0,0.0,0.0,0.0,0.0,0.0,0.0,0.0,0.0,0.0,0.0,0.0,0.0,0.0,0.0,0.0,0.0,0.0,0.0,0.0,0.0,0.0,0.0,0.0,0.0,0.0,0.0,0.0,0.0,0.0
2822.8425158657765,3222.8425158657765,3375.9,3375.9,3375.9,3375.9,3375.9,3331.7484760611933,3375.9,3375.9,3375.9,3375.9,3375.9,3375.9,3375.9,3603.5034615686536,4006.215261867791,4139.054844191633,3553.8999999999996,3375.9,3162.900270413275,2472.9602736279503,2162.9,2162.9,3123.196090396192,3375.9,3375.9,3375.9,3375.9,3375.9,3375.8999999999996,3375.9,3375.9,3375.8999999999996,3375.9,3375.9,3375.9,3375.8999999999996,3415.9,4215.9,4839.799999999999,4839.799999999999,4184.444614990844,3415.9,3375.9,2816.643455296479,2162.9,2162.9,3375.9,3375.9,3375.9,3375.9,3375.9,3375.8999999999996,3375.9,3375.9,3375.9,3375.9,3375.8999999999996,3375.8999999999996,3375.9,3415.9,3993.9,4799.360313247499,4839.799999999999,5192.799999999999,4832.415179789751,3993.9,3415.9,2975.9,2282.9,2162.9,3375.9,3375.9,3573.635880893723,3730.536765324465,3712.275467565652,3455.112753066812,3375.9,3375.9,3375.9,3375.9,3375.9,3375.899999999999,3593.9,4393.9,4839.799999999999,5192.799999999999,5334.200000000001,5334.199999999999,5192.799999999999,4449.618161395158,3649.618161395158,3375.9,3375.9,3145.0923327548185
194.38142920433302,272.5,272.4999999999999,272.4999999999998,272.4999999999999,272.5,272.5,272.5,272.4999999999998,272.5,272.5,272.5,272.5,272.5,620.4725759646115,983.5,1383.5,1187.4999999999984,672.5,272.5,272.5,0.0,0.0,0.0,272.5,272.5,272.4999999999998,272.4999999999999,272.4999999999999,272.5,272.5,272.4999999999999,272.4999999999998,272.5,272.5,272.5,272.5,272.5,672.4999999999999,1045.4646913852675,1383.5,1383.4999999999998,983.5,387.4999999999998,272.5,0.0,0.0,0.0,272.4999999999998,272.5,272.5,295.19993496414713,284.0640914787009,272.5,272.5,272.5,272.4999999999998,272.5,272.5,272.5,272.5,672.5,983.5,1383.5,1891.8999999999999,1891.9,1383.5,761.0385320245308,272.4999999999998,150.43992197435495,0.0,0.0,272.5,672.5,787.5,787.4999999999999,787.4999999999982,787.4999999999997,402.5100444180968,272.49999999999955,272.5,380.2150911249388,272.4999999999998,520.3222048339535,790.3470590504535,1190.3470590504542,1383.5,1891.9,1904.3,1904.2999999999984,1891.9,1383.4999999999982,868.5,272.5,272.5,272.5
670.0,670.0,1381.7934208116803,1612.7543252742453,1624.4818640923938,1437.2620004101145,728.2421388345178,670.0,1025.4275809380474,1283.6032086468426,1276.389564679188,1553.9191404672015,2021.2978666955692,2120.2,2120.2,2320.2,2320.2,2320.2,2121.899397675446,2048.0,1470.0,670.0,670.0,670.0,742.2,1418.579545388307,2120.2,2120.2,2120.2,2120.2,1322.2840892644472,891.7012358956407,1085.7988677583016,1182.8519091200244,1022.2839017724723,1313.0763752995388,1886.7247814660088,2120.2,2120.2,2320.2,2482.2,2482.2,2320.2,2120.2,1610.8928125434188,810.8928125434187,670.0,670.0,1675.6974181304347,2120.2,2120.2,2120.2,2120.2,2120.2,2043.6342084332184,1650.9644791210426,1807.322613476698,1858.4954869724165,1611.366273139331,1927.5386331309433,2120.2,2120.2,2120.2,2482.2,2868.2999999999993,2868.2999999999993,2482.2,2120.2,2082.124119109521,1282.1241191095214,704.1241191095215,670.0,2120.2,2120.2,2320.2,2320.2,2320.2,2320.2,2120.2,2120.2,2120.2,2120.2,2120.2,2120.2,2148.110780026049,2320.2,2482.2,2868.2999999999993,3004.2,3115.5177420419386,2868.2999999999993,2397.2,2120.2,2037.1474674737872,1459.1474674737872,670.0
0.0,0.0,0.0,0.0,0.0,0.0,0.0,0.0,0.0,0.0,0.0,0.0,0.0,0.0,0.0,0.0,0.0,0.0,0.0,0.0,0.0,0.0,0.0,0.0,0.0,0.0,0.0,0.0,0.0,0.0,0.0,0.0,0.0,0.0,0.0,0.0,0.0,0.0,0.0,0.0,0.0,0.0,0.0,0.0,0.0,0.0,0.0,0.0,0.0,0.0,0.0,0.0,0.0,0.0,0.0,0.0,0.0,0.0,0.0,0.0,0.0,0.0,0.0,0.0,0.0,0.0,0.0,0.0,0.0,0.0,0.0,0.0,0.0,0.0,0.0,0.0,0.0,0.0,0.0,0.0,0.0,0.0,0.0,0.0,0.0,0.0,0.0,0.0,0.0,0.0,0.0,0.0,0.0,0.0,0.0,0.0
0.0,0.0,0.0,0.0,0.0,0.0,0.0,0.0,0.0,0.0,0.0,0.0,0.0,0.0,0.0,0.0,0.0,0.0,0.0,0.0,0.0,0.0,0.0,0.0,0.0,0.0,0.0,0.0,0.0,0.0,0.0,0.0,0.0,0.0,0.0,0.0,0.0,0.0,0.0,0.0,0.0,0.0,0.0,0.0,0.0,0.0,0.0,0.0,0.0,0.0,0.0,0.0,0.0,0.0,0.0,0.0,0.0,0.0,0.0,0.0,0.0,0.0,0.0,0.0,0.0,0.0,0.0,0.0,0.0,0.0,0.0,0.0,0.0,0.0,0.0,0.0,0.0,0.0,0.0,0.0,0.0,0.0,0.0,0.0,0.0,0.0,0.0,0.0,0.0,0.0,0.0,0.0,0.0,0.0,0.0,0.0
0.0,0.0,0.0,0.0,0.0,0.0,0.0,0.0,0.0,0.0,0.0,0.0,0.0,0.0,0.0,0.0,0.0,0.0,0.0,0.0,0.0,0.0,0.0,0.0,0.0,0.0,0.0,0.0,0.0,0.0,0.0,0.0,0.0,0.0,0.0,0.0,0.0,0.0,0.0,0.0,0.0,0.0,0.0,0.0,0.0,0.0,0.0,0.0,0.0,0.0,0.0,0.0,0.0,0.0,0.0,0.0,0.0,0.0,0.0,0.0,0.0,0.0,0.0,0.0,0.0,0.0,0.0,0.0,0.0,0.0,0.0,0.0,0.0,0.0,0.0,0.0,0.0,0.0,0.0,0.0,0.0,0.0,0.0,0.0,0.0,0.0,0.0,0.0,0.0,0.0,0.0,0.0,0.0,0.0,0.0,0.0
0.0,0.0,0.0,0.0,0.0,0.0,0.0,0.0,0.0,0.0,0.0,0.0,0.0,0.0,0.0,0.0,0.0,0.0,0.0,0.0,0.0,0.0,0.0,0.0,0.0,0.0,0.0,0.0,0.0,0.0,0.0,0.0,0.0,0.0,0.0,0.0,0.0,0.0,0.0,0.0,0.0,0.0,0.0,0.0,0.0,0.0,0.0,0.0,0.0,0.0,0.0,0.0,0.0,0.0,0.0,0.0,0.0,0.0,0.0,0.0,0.0,0.0,0.0,0.0,0.0,0.0,0.0,0.0,0.0,0.0,0.0,0.0,0.0,0.0,0.0,0.0,0.0,0.0,0.0,0.0,0.0,0.0,0.0,0.0,0.0,0.0,0.0,0.0,0.0,0.0,0.0,0.0,0.0,0.0,0.0,0.0
0.0,0.0,0.0,0.0,0.0,0.0,0.0,0.0,0.0,0.0,0.0,0.0,0.0,0.0,0.0,0.0,0.0,0.0,0.0,0.0,0.0,0.0,0.0,0.0,0.0,0.0,0.0,0.0,0.0,0.0,0.0,0.0,0.0,0.0,0.0,0.0,0.0,0.0,0.0,0.0,0.0,0.0,0.0,0.0,0.0,0.0,0.0,0.0,0.0,0.0,0.0,0.0,0.0,0.0,0.0,0.0,0.0,0.0,0.0,0.0,0.0,0.0,0.0,0.0,0.0,0.0,0.0,0.0,0.0,0.0,0.0,0.0,0.0,0.0,0.0,0.0,0.0,0.0,0.0,0.0,0.0,0.0,0.0,0.0,0.0,0.0,0.0,0.0,0.0,0.0,0.0,0.0,0.0,0.0,0.0,0.0
0.0,0.0,0.0,0.0,0.0,0.0,0.0,0.0,0.0,0.0,0.0,0.0,0.0,0.0,0.0,0.0,0.0,0.0,0.0,0.0,0.0,0.0,0.0,0.0,0.0,0.0,0.0,0.0,0.0,0.0,0.0,0.0,0.0,0.0,0.0,0.0,0.0,0.0,0.0,0.0,0.0,0.0,0.0,0.0,0.0,0.0,0.0,0.0,0.0,0.0,0.0,0.0,0.0,0.0,0.0,0.0,0.0,0.0,0.0,0.0,0.0,0.0,0.0,0.0,0.0,0.0,0.0,0.0,0.0,0.0,0.0,0.0,0.0,0.0,0.0,0.0,0.0,0.0,0.0,0.0,0.0,0.0,0.0,0.0,0.0,0.0,0.0,0.0,0.0,0.0,0.0,0.0,0.0,0.0,0.0,0.0
0.0,0.0,0.0,0.0,0.0,0.0,0.0,0.0,0.0,0.0,0.0,0.0,0.0,0.0,0.0,0.0,0.0,0.0,0.0,0.0,0.0,0.0,0.0,0.0,0.0,0.0,0.0,0.0,0.0,0.0,0.0,0.0,0.0,0.0,0.0,0.0,0.0,0.0,0.0,0.0,0.0,0.0,0.0,0.0,0.0,0.0,0.0,0.0,0.0,0.0,0.0,0.0,0.0,0.0,0.0,0.0,0.0,0.0,0.0,0.0,0.0,0.0,0.0,0.0,0.0,0.0,0.0,0.0,0.0,0.0,0.0,0.0,0.0,0.0,0.0,0.0,0.0,0.0,0.0,0.0,0.0,0.0,0.0,0.0,0.0,0.0,0.0,0.0,0.0,0.0,0.0,0.0,0.0,0.0,0.0,0.0
0.0,0.0,0.0,0.0,0.0,0.0,0.0,0.0,0.0,0.0,0.0,0.0,0.0,0.0,0.0,0.0,0.0,0.0,0.0,0.0,0.0,0.0,0.0,0.0,0.0,0.0,0.0,0.0,0.0,0.0,0.0,0.0,0.0,0.0,0.0,0.0,0.0,0.0,0.0,0.0,0.0,0.0,0.0,0.0,0.0,0.0,0.0,0.0,0.0,0.0,0.0,0.0,0.0,0.0,0.0,0.0,0.0,0.0,0.0,0.0,0.0,0.0,0.0,0.0,0.0,0.0,0.0,0.0,0.0,0.0,0.0,0.0,0.0,0.0,0.0,0.0,0.0,0.0,0.0,0.0,0.0,0.0,0.0,0.0,0.0,0.0,0.0,0.0,0.0,0.0,0.0,0.0,0.0,0.0,0.0,0.0
0.0,0.0,0.0,0.0,0.0,0.0,0.0,0.0,0.0,0.0,0.0,0.0,0.0,0.0,0.0,0.0,0.0,0.0,0.0,0.0,0.0,0.0,0.0,0.0,0.0,0.0,0.0,0.0,0.0,0.0,0.0,0.0,0.0,0.0,0.0,0.0,0.0,0.0,0.0,0.0,0.0,0.0,0.0,0.0,0.0,0.0,0.0,0.0,0.0,0.0,0.0,0.0,0.0,0.0,0.0,0.0,0.0,0.0,0.0,0.0,0.0,0.0,0.0,0.0,0.0,0.0,0.0,0.0,0.0,0.0,0.0,0.0,0.0,0.0,0.0,0.0,0.0,0.0,0.0,0.0,0.0,0.0,0.0,0.0,0.0,0.0,0.0,0.0,0.0,0.0,0.0,0.0,0.0,0.0,0.0,0.0
0.0,0.0,0.0,0.0,0.0,0.0,0.0,0.0,0.0,0.0,0.0,0.0,0.0,0.0,0.0,0.0,0.0,0.0,0.0,0.0,0.0,0.0,0.0,0.0,0.0,0.0,0.0,0.0,0.0,0.0,0.0,0.0,0.0,0.0,0.0,0.0,0.0,0.0,0.0,0.0,0.0,0.0,0.0,0.0,0.0,0.0,0.0,0.0,0.0,0.0,0.0,0.0,0.0,0.0,0.0,0.0,0.0,0.0,0.0,0.0,0.0,0.0,0.0,0.0,0.0,0.0,0.0,0.0,0.0,0.0,0.0,0.0,0.0,0.0,0.0,0.0,0.0,0.0,0.0,0.0,0.0,0.0,0.0,0.0,0.0,0.0,0.0,0.0,0.0,0.0,0.0,0.0,0.0,0.0,0.0,0.0
0.0,0.0,0.0,0.0,0.0,0.0,0.0,0.0,0.0,0.0,0.0,0.0,0.0,0.0,0.0,0.0,0.0,0.0,0.0,0.0,0.0,0.0,0.0,0.0,0.0,0.0,0.0,0.0,0.0,0.0,0.0,0.0,0.0,0.0,0.0,0.0,0.0,0.0,0.0,0.0,0.0,0.0,0.0,0.0,0.0,0.0,0.0,0.0,0.0,0.0,0.0,0.0,0.0,0.0,0.0,0.0,0.0,0.0,0.0,0.0,0.0,0.0,0.0,0.0,0.0,0.0,0.0,0.0,0.0,0.0,0.0,0.0,0.0,0.0,0.0,0.0,0.0,0.0,0.0,0.0,0.0,0.0,0.0,0.0,0.0,0.0,0.0,0.0,0.0,0.0,0.0,0.0,0.0,0.0,0.0,0.0
-8.881784197001252e-16,-8.881784197001252e-16,-8.881784197001252e-16,0.0,-8.881784197001252e-16,8.881784197001252e-16,-8.881784197001252e-16,-8.881784197001252e-16,-8.881784197001252e-16,-8.881784197001252e-16,-8.881784197001252e-16,8.881784197001252e-16,-8.881784197001252e-16,-8.881784197001252e-16,8.881784197001252e-16,-8.881784197001252e-16,-8.881784197001252e-16,-8.881784197001252e-16,-8.881784197001252e-16,-8.881784197001252e-16,-8.881784197001252e-16,-8.881784197001252e-16,-8.881784197001252e-16,-8.881784197001252e-16,-8.881784197001252e-16,-8.881784197001252e-16,-8.881784197001252e-16,8.881784197001252e-16,-8.881784197001252e-16,-8.881784197001252e-16,8.881784197001252e-16,8.881784197001252e-16,-8.881784197001252e-16,0.0,0.0,0.0,-8.881784197001252e-16,0.0,-8.881784197001252e-16,-8.881784197001252e-16,-8.881784197001252e-16,0.0,-8.881784197001252e-16,-8.881784197001252e-16,-8.881784197001252e-16,8.881784197001252e-16,8.881784197001252e-16,-8.881784197001252e-16,-8.881784197001252e-16,-8.881784197001252e-16,-8.881784197001252e-16,-8.881784197001252e-16,0.0,-8.881784197001252e-16,-8.881784197001252e-16,-8.881784197001252e-16,-8.881784197001252e-16,8.881784197001252e-16,-8.881784197001252e-16,0.0,-8.881784197001252e-16,-8.881784197001252e-16,-8.881784197001252e-16,-8.881784197001252e-16,-8.881784197001252e-16,-8.881784197001252e-16,0.0,-8.881784197001252e-16,8.881784197001252e-16,-8.881784197001252e-16,-8.881784197001252e-16,-8.881784197001252e-16,-8.881784197001252e-16,-8.881784197001252e-16,-8.881784197001252e-16,-8.881784197001252e-16,-8.881784197001252e-16,-8.881784197001252e-16,-8.881784197001252e-16,0.0,-8.881784197001252e-16,8.881784197001252e-16,0.0,0.0,-8.881784197001252e-16,-8.881784197001252e-16,-8.881784197001252e-16,-8.881784197001252e-16,-8.881784197001252e-16,-8.881784197001252e-16,-8.881784197001252e-16,-8.881784197001252e-16,-8.881784197001252e-16,-8.881784197001252e-16,-8.881784197001252e-16,-8.881784197001252e-16
0.0,0.0,0.0,0.0,0.0,0.0,0.0,0.0,0.0,0.0,0.0,0.0,0.0,0.0,0.0,0.0,0.0,0.0,0.0,0.0,0.0,0.0,0.0,0.0,0.0,0.0,0.0,0.0,0.0,0.0,0.0,0.0,0.0,0.0,0.0,0.0,0.0,0.0,0.0,0.0,0.0,0.0,0.0,0.0,0.0,0.0,0.0,0.0,0.0,0.0,0.0,0.0,0.0,0.0,0.0,0.0,0.0,0.0,0.0,0.0,0.0,0.0,0.0,0.0,0.0,0.0,0.0,0.0,0.0,0.0,0.0,0.0,0.0,0.0,0.0,0.0,0.0,0.0,0.0,0.0,0.0,0.0,0.0,0.0,0.0,0.0,0.0,0.0,0.0,0.0,0.0,0.0,0.0,0.0,0.0,0.0
0.0,0.0,0.0,0.0,0.0,0.0,0.0,0.0,0.0,0.0,0.0,0.0,0.0,0.0,0.0,0.0,0.0,0.0,0.0,0.0,0.0,0.0,0.0,0.0,0.0,0.0,0.0,0.0,0.0,0.0,0.0,0.0,0.0,0.0,0.0,0.0,0.0,0.0,0.0,0.0,0.0,0.0,0.0,0.0,0.0,0.0,0.0,0.0,0.0,0.0,0.0,0.0,0.0,0.0,0.0,0.0,0.0,0.0,0.0,0.0,0.0,0.0,0.0,0.0,0.0,0.0,0.0,0.0,0.0,0.0,0.0,0.0,0.0,0.0,0.0,0.0,0.0,0.0,0.0,0.0,0.0,0.0,0.0,0.0,0.0,0.0,0.0,0.0,0.0,0.0,0.0,0.0,0.0,0.0,0.0,0.0
0.0,0.0,0.0,0.0,0.0,0.0,0.0,0.0,0.0,0.0,0.0,0.0,0.0,0.0,0.0,0.0,0.0,0.0,0.0,0.0,0.0,0.0,0.0,0.0,0.0,0.0,0.0,0.0,0.0,0.0,0.0,0.0,0.0,0.0,0.0,0.0,0.0,0.0,0.0,0.0,0.0,0.0,0.0,0.0,0.0,0.0,0.0,0.0,0.0,0.0,0.0,0.0,0.0,0.0,0.0,0.0,0.0,0.0,0.0,0.0,0.0,0.0,0.0,0.0,0.0,0.0,0.0,0.0,0.0,0.0,0.0,0.0,0.0,0.0,0.0,0.0,0.0,0.0,0.0,0.0,0.0,0.0,0.0,0.0,0.0,0.0,0.0,0.0,0.0,0.0,0.0,0.0,0.0,0.0,0.0,0.0
0.0,0.0,0.0,0.0,0.0,0.0,0.0,0.0,0.0,0.0,0.0,0.0,0.0,0.0,0.0,0.0,0.0,0.0,0.0,0.0,0.0,0.0,0.0,0.0,0.0,0.0,0.0,0.0,0.0,0.0,0.0,0.0,0.0,0.0,0.0,0.0,0.0,0.0,0.0,0.0,0.0,0.0,0.0,0.0,0.0,0.0,0.0,0.0,0.0,0.0,0.0,0.0,0.0,0.0,0.0,0.0,0.0,0.0,0.0,0.0,0.0,0.0,0.0,0.0,0.0,0.0,0.0,0.0,0.0,0.0,0.0,0.0,0.0,0.0,0.0,0.0,0.0,0.0,0.0,0.0,0.0,0.0,0.0,0.0,0.0,0.0,0.0,0.0,0.0,0.0,0.0,0.0,0.0,0.0,0.0,0.0
0.0,0.0,0.0,0.0,0.0,0.0,0.0,0.0,0.0,0.0,0.0,0.0,0.0,0.0,0.0,0.0,0.0,0.0,0.0,0.0,0.0,0.0,0.0,0.0,0.0,0.0,0.0,0.0,0.0,0.0,0.0,0.0,0.0,0.0,0.0,0.0,0.0,0.0,0.0,0.0,0.0,0.0,0.0,0.0,0.0,0.0,0.0,0.0,0.0,0.0,0.0,0.0,0.0,0.0,0.0,0.0,0.0,0.0,0.0,0.0,0.0,0.0,0.0,0.0,0.0,0.0,0.0,0.0,0.0,0.0,0.0,0.0,0.0,0.0,0.0,0.0,0.0,0.0,0.0,0.0,0.0,0.0,0.0,0.0,0.0,0.0,0.0,0.0,0.0,0.0,0.0,0.0,0.0,0.0,0.0,0.0
0.0,0.0,0.0,0.0,0.0,0.0,0.0,0.0,0.0,0.0,0.0,0.0,0.0,0.0,0.0,0.0,0.0,0.0,0.0,0.0,0.0,0.0,0.0,0.0,0.0,0.0,0.0,0.0,0.0,0.0,0.0,0.0,0.0,0.0,0.0,0.0,0.0,0.0,0.0,0.0,0.0,0.0,0.0,0.0,0.0,0.0,0.0,0.0,0.0,0.0,0.0,0.0,0.0,0.0,0.0,0.0,0.0,0.0,0.0,0.0,0.0,0.0,0.0,0.0,0.0,0.0,0.0,0.0,0.0,0.0,0.0,0.0,0.0,0.0,0.0,0.0,0.0,0.0,0.0,0.0,0.0,0.0,0.0,0.0,0.0,0.0,0.0,0.0,0.0,0.0,0.0,0.0,0.0,0.0,0.0,0.0
0.0,0.0,0.0,0.0,0.0,0.0,0.0,0.0,0.0,0.0,0.0,0.0,0.0,0.0,0.0,0.0,0.0,0.0,0.0,0.0,0.0,0.0,0.0,0.0,0.0,0.0,0.0,0.0,0.0,0.0,0.0,0.0,0.0,0.0,0.0,0.0,0.0,0.0,0.0,0.0,0.0,0.0,0.0,0.0,0.0,0.0,0.0,0.0,0.0,0.0,0.0,0.0,0.0,0.0,0.0,0.0,0.0,0.0,0.0,0.0,0.0,0.0,0.0,0.0,0.0,0.0,0.0,0.0,0.0,0.0,0.0,0.0,0.0,0.0,0.0,0.0,0.0,0.0,0.0,0.0,0.0,0.0,0.0,0.0,0.0,0.0,0.0,0.0,0.0,0.0,0.0,0.0,0.0,0.0,0.0,0.0
0.0,0.0,0.0,0.0,0.0,0.0,0.0,0.0,0.0,0.0,0.0,0.0,0.0,0.0,0.0,0.0,0.0,0.0,0.0,0.0,0.0,0.0,0.0,0.0,0.0,0.0,0.0,0.0,0.0,0.0,0.0,0.0,0.0,0.0,0.0,0.0,0.0,0.0,0.0,0.0,0.0,0.0,0.0,0.0,0.0,0.0,0.0,0.0,0.0,0.0,0.0,0.0,0.0,0.0,0.0,0.0,0.0,0.0,0.0,0.0,0.0,0.0,0.0,0.0,0.0,0.0,0.0,0.0,0.0,0.0,0.0,0.0,0.0,0.0,0.0,0.0,0.0,0.0,0.0,0.0,0.0,0.0,0.0,0.0,0.0,0.0,0.0,0.0,0.0,0.0,0.0,0.0,0.0,0.0,0.0,0.0
1388.6,1388.6,1388.6,1388.6,1388.6,1388.6,1388.6,1388.6,1388.6,1388.6,1388.6,1388.6,1388.6,1388.6,1388.6,1388.6,1401.1,1401.1,1388.6,1388.6,1250.4441564597805,850.4441564597805,838.4,838.4,1388.6,1388.6,1388.6,1388.6,1388.6,1388.6,1388.6,1388.6,1388.6,1388.6,1388.6,1388.6,1388.6,1388.6,1388.6,1388.6,1401.1,1401.1,1401.1,1388.6,1388.6,1388.6,988.5999999999998,838.4,1388.6,1388.6,1388.6,1388.6,1388.6,1388.6,1388.6,1388.6,1388.6,1388.6,1388.6,1388.6,1388.6,1388.6,1401.1,1401.1,1401.1,1801.1,1401.1,1388.6,1388.6,1388.6,1238.3999999999996,838.4,1401.1,1401.1,1401.1,1401.1,1401.1,1401.1,1401.1,1401.1,1401.1,1401.1,1401.1,1401.1,1401.1,1401.0999999999995,1447.1,1847.1,2410.6,2364.6,1964.6,1388.6,1388.6,1388.6,1388.6,988.5999999999996
1847.4999999999998,1847.5,1847.5,1847.4999999999998,1847.5,1847.5,1847.4999999999998,1847.4999999999998,1847.4999999999998,1847.4999999999995,1847.4999999999998,1847.4999999999995,1847.4999999999998,1847.5,1847.4999999999995,2237.5,2637.4999999999995,2637.5,2247.5,1847.4999999999998,1847.4999999999993,1847.4999999999998,1847.4999999999998,1847.4999999999995,1847.4999999999998,1847.4999999999998,1847.5,1847.4999999999995,1847.5,1847.4999999999995,1847.4999999999998,1847.4999999999998,1847.5,1847.4999999999998,1847.5,1847.5,1847.4999999999998,1847.5,2077.055732359505,2477.055732359505,2637.4999999999995,2986.691823972933,2637.5,2237.4999999999995,1847.4999999999977,1847.5,1847.4999999999998,1847.5,2383.1198091715482,2637.5,2502.1167363302457,2258.219908085924,1986.581244787437,1847.4999999999993,1847.4999999999995,1847.5,1847.5,1847.5,1847.5,1847.4999999999998,1847.5,2247.499999999999,2637.4999999999995,3008.8529442335653,3412.7,3412.7,3278.7,2237.499999999999,1847.5,1847.5,1847.5,1847.5,2857.5,2737.5,2737.5,2737.5,2737.5,2697.4931854185656,2637.5,2637.4999999999995,2676.616756320903,2637.5,2637.5,2637.5,2637.5,2857.499999999999,3367.7076211703857,3491.27689388972,3669.0999999999995,3569.8999999999996,3435.8999999999996,2757.499999999999,2237.4999999999995,1847.5,1847.5,1847.5
0.0,0.0,0.0,0.0,0.0,0.0,0.0,0.0,0.0,0.0,0.0,0.0,0.0,0.0,0.0,0.0,0.0,0.0,0.0,0.0,0.0,0.0,0.0,0.0,0.0,0.0,0.0,0.0,0.0,0.0,0.0,0.0,0.0,0.0,0.0,0.0,0.0,0.0,0.0,0.0,0.0,0.0,0.0,0.0,0.0,0.0,0.0,0.0,0.0,0.0,0.0,0.0,0.0,0.0,0.0,0.0,0.0,0.0,0.0,0.0,0.0,0.0,0.0,0.0,0.0,0.0,0.0,0.0,0.0,0.0,0.0,0.0,0.0,0.0,0.0,0.0,0.0,0.0,0.0,0.0,0.0,0.0,0.0,0.0,0.0,0.0,0.0,0.0,0.0,0.0,0.0,0.0,0.0,0.0,0.0,0.0
1226.9999999999995,1226.9999999999993,1226.9999999999995,1226.9999999999998,1226.9999999999993,1226.9999999999995,1226.9999999999998,1226.9999999999995,1226.9999999999995,1226.9999999999993,1226.9999999999995,1226.9999999999995,1226.9999999999995,1226.9999999999995,1616.355747857061,1663.3999999999996,1696.6,1696.6,1663.3999999999996,1227.0,867.0,178.0,0.0,0.0,1402.5,1663.3999999999992,1548.538784031547,1402.4999999999993,1247.0980468193516,1226.9999999999995,1226.9999999999998,1226.9999999999998,1227.0,1226.9999999999993,1226.9999999999993,1226.9999999999995,1226.9999999999995,1593.4245402259148,1663.3999999999987,1663.4,1874.5999999999995,1874.6,1874.5999999999995,1227.0,866.9999999999995,867.0,351.85129498274046,0.0,1663.4,1663.3999999999987,1663.3999999999996,1663.3999999999996,1663.3999999999992,1663.3999999999996,1663.3999999999992,1663.3999999999992,1663.3999999999996,1663.3999999999996,1663.3999999999992,1663.3999999999987,1663.3999999999992,1663.3999999999987,1696.6,1874.6,1874.6,1894.032081454946,1874.6,1663.4,1227.0,879.2732105983296,689.0,0.0,1874.6,1874.5999999999995,1874.6,1874.6,1874.5999999999995,1874.6,1874.6,1874.5999999999995,1874.6,1874.5999999999995,1874.5999999999995,1874.5999999999995,1874.6,1874.5999999999995,1874.5999999999995,1874.6,1916.1,1916.1,1916.1,1696.6,1331.754155049332,1226.999999999999,1226.9999999999995,216.54139907822236
0.0,0.0,0.0,0.0,0.0,0.0,0.0,0.0,0.0,0.0,0.0,0.0,0.0,0.0,0.0,0.0,0.0,0.0,0.0,0.0,0.0,0.0,0.0,0.0,0.0,0.0,0.0,0.0,0.0,0.0,0.0,0.0,0.0,0.0,0.0,0.0,0.0,0.0,0.0,0.0,0.0,0.0,0.0,0.0,0.0,0.0,0.0,0.0,0.0,0.0,0.0,0.0,0.0,0.0,0.0,0.0,0.0,0.0,0.0,0.0,0.0,0.0,0.0,0.0,0.0,0.0,0.0,0.0,0.0,0.0,0.0,0.0,0.0,0.0,0.0,0.0,0.0,0.0,0.0,0.0,0.0,0.0,0.0,0.0,0.0,0.0,0.0,0.0,0.0,0.0,0.0,0.0,0.0,0.0,0.0,0.0
4013.83678371706,4014.5912880806045,3953.9,3953.9,3953.9,3916.1628331759157,3807.496370831708,3953.9,3953.9,3953.9,3953.9,3953.9,4318.626138589257,4718.626138589257,4839.799999999999,4839.799999999999,5220.784300848888,5263.200000000001,4903.864332911877,4173.960181961311,3415.9,3375.9,3148.225992759498,2748.225992759498,4793.9,4839.799999999999,4839.799999999999,4793.9,4793.9,4672.297057637236,4444.905892997017,4498.182541280931,4608.6870726397565,4208.6870726397565,4277.9623810466055,4677.9623810466055,4772.875842072253,4839.799999999999,4839.799999999999,5192.799999999999,5263.200000000001,5334.200000000001,5263.199999999999,4472.799493135606,3672.7994931356056,3375.9,3375.899999999999,2932.753676077079,4839.799999999999,4965.9497624297255,4839.799999999999,4839.799999999999,4839.799999999999,4839.799999999999,4839.799999999999,4839.799999999999,4839.799999999999,4839.799999999999,4839.799999999999,4839.799999999999,4839.799999999999,4857.977519287977,5261.805727829351,5334.200000000001,5734.200000000001,5990.200000000001,5823.269068205339,4839.799999999999,4184.9876509556825,3415.9,3375.9,3259.850702326503,5334.200000000001,5334.200000000001,5334.200000000001,5334.199999999999,5334.200000000001,5263.200000000001,5263.200000000001,5263.200000000001,5263.200000000001,5263.200000000001,5263.200000000001,5263.200000000001,5263.200000000001,5334.200000000001,5334.200000000001,5609.1,6745.285393756333,6997.969343923879,6609.612868598336,5219.0999999999985,4753.9,3953.899999999999,3375.9,3375.9
1383.5,1383.5,1273.711437158812,1109.2812245434657,920.3014918774588,787.5,787.5,853.1860672724656,1153.6458310508458,975.4340345563758,1080.180976406646,1133.3444623184746,1316.2552096005281,1383.5,1383.5,1392.3720990631498,1904.3,1904.3,1891.8999999999999,983.5,387.5,272.4999999999998,272.4999999999998,0.0,1383.4999999999998,1383.4999999999998,1383.5,1383.5,1383.4999999999998,1383.5,1383.5,1383.4999999999995,1383.5,1383.5,1383.5,1383.5,1383.5,1383.5,1567.3726503934422,1891.9,1904.3,1904.3,1904.3,1383.5,890.6110453790403,294.6110453790403,272.5,0.0,1891.8999999999999,1891.9,1891.8999999999999,1891.9,1891.9,1775.5692720809188,1489.3143751967675,1494.956150936213,1553.3957189450257,1383.4999999999998,1383.5,1383.5,1622.402181482747,1891.9,1904.3,1904.3,1904.3,1904.3,1904.3,1496.7179256932823,983.5,787.5,533.8925272686456,272.5,1904.3,1904.3,1904.3,1904.3,1904.2999999999997,1904.2999999999986,1904.2999999999981,1904.3,1904.3,1904.3,1904.3,1904.3,1904.3,1904.2999999999997,1904.3,1904.3,1904.2999999999988,1904.3,1904.3,1901.634788886197,1383.5,983.5,672.5,272.5
2320.2,2320.2,2320.2,2320.2,2320.2,2320.2,2320.2,2320.2,2320.2,2320.2,2320.2,2320.2,2320.2,2320.2,2482.2,2868.3,2903.1999999999994,3004.2,2868.3,2320.2,2120.2,1853.7331832691475,1185.3474176137724,670.0,2421.078654459705,2579.5781987063647,2482.2,2471.984694640093,2397.2,2320.2,2320.2,2320.2,2320.2,2320.2,2320.2,2320.2,2320.2,2482.2,2868.2999999999993,2868.2999999999993,3004.2,3524.2,3004.2,2397.2,2120.2,2120.2,2120.2,1320.2,2868.2999999999993,2868.3,2868.3,2868.3,2868.3,2868.3,2868.3,2868.3,2868.3,2753.159704639317,2868.3,2482.2,2868.2999999999993,2868.2999999999993,3023.2,3644.2,4164.2,4166.9,3644.2,2988.2999999999993,2320.2,2120.2,2120.2,1320.2,3708.590028269865,3522.8019197247595,3402.8019197247595,3282.8019197247604,3162.8019197247595,3042.8019197247595,3004.2,3004.2,3085.3766713898704,3205.3766713898704,3325.3766713898704,3445.3766713898704,3565.3766713898704,3944.5519077390563,4464.551907739056,4984.551907739056,5237.77667138987,5117.77667138987,4597.77667138987,3949.3766713898704,2958.3766713898704,2761.3766713898704,2453.6318901645354,2321.3766713898704
0.0,0.0,0.0,0.0,0.0,0.0,0.0,0.0,0.0,0.0,0.0,0.0,0.0,0.0,0.0,0.0,0.0,0.0,0.0,0.0,0.0,0.0,0.0,0.0,0.0,0.0,0.0,0.0,0.0,0.0,0.0,0.0,0.0,0.0,0.0,0.0,0.0,0.0,0.0,0.0,0.0,0.0,0.0,0.0,0.0,0.0,0.0,0.0,0.0,0.0,0.0,0.0,0.0,0.0,0.0,0.0,0.0,0.0,0.0,0.0,0.0,0.0,0.0,0.0,0.0,0.0,0.0,0.0,0.0,0.0,0.0,0.0,0.0,0.0,0.0,0.0,0.0,0.0,0.0,0.0,0.0,0.0,0.0,0.0,0.0,0.0,0.0,0.0,0.0,0.0,0.0,0.0,0.0,0.0,0.0,0.0
0.0,0.0,0.0,0.0,0.0,0.0,0.0,0.0,0.0,0.0,0.0,0.0,0.0,0.0,0.0,0.0,0.0,0.0,0.0,0.0,0.0,0.0,0.0,0.0,0.0,0.0,0.0,0.0,0.0,0.0,0.0,0.0,0.0,0.0,0.0,0.0,0.0,0.0,0.0,0.0,0.0,0.0,0.0,0.0,0.0,0.0,0.0,0.0,0.0,0.0,0.0,0.0,0.0,0.0,0.0,0.0,0.0,0.0,0.0,0.0,0.0,0.0,0.0,0.0,0.0,0.0,0.0,0.0,0.0,0.0,0.0,0.0,0.0,0.0,0.0,0.0,0.0,0.0,0.0,0.0,0.0,0.0,0.0,0.0,0.0,0.0,0.0,0.0,0.0,0.0,0.0,0.0,0.0,0.0,0.0,0.0
0.0,0.0,0.0,0.0,0.0,0.0,0.0,0.0,0.0,0.0,0.0,0.0,0.0,0.0,0.0,0.0,0.0,0.0,0.0,0.0,0.0,0.0,0.0,0.0,0.0,0.0,0.0,0.0,0.0,0.0,0.0,0.0,0.0,0.0,0.0,0.0,0.0,0.0,0.0,0.0,0.0,0.0,0.0,0.0,0.0,0.0,0.0,0.0,0.0,0.0,0.0,0.0,0.0,0.0,0.0,0.0,0.0,0.0,0.0,0.0,0.0,0.0,0.0,0.0,0.0,0.0,0.0,0.0,0.0,0.0,0.0,0.0,0.0,0.0,0.0,0.0,0.0,0.0,0.0,0.0,0.0,0.0,0.0,0.0,0.0,0.0,0.0,0.0,0.0,0.0,0.0,0.0,0.0,0.0,0.0,0.0
0.0,0.0,0.0,0.0,0.0,0.0,0.0,0.0,0.0,0.0,0.0,0.0,0.0,0.0,0.0,0.0,0.0,0.0,0.0,0.0,0.0,0.0,0.0,0.0,0.0,0.0,0.0,0.0,0.0,0.0,0.0,0.0,0.0,0.0,0.0,0.0,0.0,0.0,0.0,0.0,0.0,0.0,0.0,0.0,0.0,0.0,0.0,0.0,0.0,0.0,0.0,0.0,0.0,0.0,0.0,0.0,0.0,0.0,0.0,0.0,0.0,0.0,0.0,0.0,0.0,0.0,0.0,0.0,0.0,0.0,0.0,0.0,0.0,0.0,0.0,0.0,0.0,0.0,0.0,0.0,0.0,0.0,0.0,0.0,0.0,0.0,0.0,0.0,0.0,0.0,0.0,0.0,0.0,0.0,0.0,0.0
0.0,0.0,0.0,0.0,0.0,0.0,0.0,0.0,0.0,0.0,0.0,0.0,0.0,0.0,0.0,0.0,0.0,0.0,0.0,0.0,0.0,0.0,0.0,0.0,0.0,0.0,0.0,0.0,0.0,0.0,0.0,0.0,0.0,0.0,0.0,0.0,0.0,0.0,0.0,0.0,0.0,0.0,0.0,0.0,0.0,0.0,0.0,0.0,0.0,0.0,0.0,0.0,0.0,0.0,0.0,0.0,0.0,0.0,0.0,0.0,0.0,0.0,0.0,0.0,0.0,0.0,0.0,0.0,0.0,0.0,0.0,0.0,0.0,0.0,0.0,0.0,0.0,0.0,0.0,0.0,0.0,0.0,0.0,0.0,0.0,0.0,0.0,0.0,0.0,0.0,0.0,0.0,0.0,0.0,0.0,0.0
0.0,0.0,0.0,0.0,0.0,0.0,0.0,0.0,0.0,0.0,0.0,0.0,0.0,0.0,0.0,0.0,0.0,0.0,0.0,0.0,0.0,0.0,0.0,0.0,0.0,0.0,0.0,0.0,0.0,0.0,0.0,0.0,0.0,0.0,0.0,0.0,0.0,0.0,0.0,0.0,0.0,0.0,0.0,0.0,0.0,0.0,0.0,0.0,0.0,0.0,0.0,0.0,0.0,0.0,0.0,0.0,0.0,0.0,0.0,0.0,0.0,0.0,0.0,0.0,0.0,0.0,0.0,0.0,0.0,0.0,0.0,0.0,0.0,0.0,0.0,0.0,0.0,0.0,0.0,0.0,0.0,0.0,0.0,0.0,0.0,0.0,0.0,0.0,0.0,0.0,0.0,0.0,0.0,0.0,0.0,0.0
