0.0,0.0,0.0,0.0,0.0,0.0,0.0,0.0,0.0,3943.469013310898,0.0,0.0,0.0,0.0,0.0,0.0,0.0,7660.987323974505,5528.670389329205,2159.6355713146054,2350.3587772414407,0.0,0.0,0.0,0.0,2629.625133538297,0.0,0.0,0.0,0.0,7691.761890217547,0.0,8505.51856679777,484.25704242555963,0.0,2723.223214155417,0.0,1145.2516959250534,0.0,0.0,0.0,0.0,0.0,1653.228389370594,8505.51856679777,0.0,4239.723735434857,0.0,0.0,0.0,4415.003197890762,0.0,0.0,0.0,0.0,2250.2638339836317,4341.045898718736,3190.0438876216563,900.9665223120783,0.0,0.0,12.828420590911922,770.4469000348934,0.0,0.0,0.0,0.0,0.0,0.0,0.0,0.0,0.0,0.0,0.0,0.0,0.0,8505.51856679777,1534.0476339537759,8505.51856679777,8505.51856679777,0.0,0.0,0.0,0.0,8505.51856679777,8261.73363132714,3238.426680730416,0.0,0.0,0.0,8505.51856679777,2636.3922636058846,0.0,0.0,4455.235856565802,8505.51856679777
752.9521374371816,0.0,0.0,0.0,0.0,0.0,752.9521374371816,0.0,752.9521374371816,542.8259595477352,752.9521374371816,0.0,0.0,0.0,0.0,0.0,0.0,0.0,0.0,0.0,752.9521374371816,0.0,752.9521374371816,752.9521374371816,752.9521374371816,0.0,752.9521374371816,0.0,752.9521374371816,0.0,0.0,0.0,0.0,0.0,0.0,0.0,752.9521374371816,0.0,0.0,0.0,0.0,0.0,0.0,0.0,504.0116969001923,0.0,0.0,0.0,0.0,377.25711759416373,0.0,752.9521374371816,0.0,0.0,0.0,149.82078692691513,0.0,169.67553158082882,0.0,95.42551843085432,0.0,752.9521374371816,0.0,0.0,380.38131309645496,0.0,0.0,752.9521374371816,752.9521374371816,0.0,0.0,0.0,752.9521374371816,0.0,0.0,0.0,414.2889316478356,514.3353789243515,752.9521374371816,631.4004429697505,0.0,0.0,0.0,0.0,0.0,0.0,631.4004429697505,752.9521374371816,0.0,711.3783668180517,110.05095925357806,0.0,0.0,0.0,184.85439530753533,752.9521374371816
0.0,2503.2547547206555,0.0,0.0,1855.8296313954945,1257.4809652094755,121.95350481508297,0.0,0.0,0.0,0.0,0.0,0.0,0.0,0.0,0.0,0.0,0.0,0.0,247.56436705479564,1491.8116273541634,1276.1080870134,835.9356474188295,2.3050276473208386,0.0,610.9956444955694,182.59444710857912,0.0,0.0,1336.109236463497,0.0,0.0,0.0,0.0,0.0,0.0,0.0,0.0,0.0,0.0,0.0,0.0,0.0,251.2333447233454,1562.2764397353612,1306.1885978424725,815.0055233212454,0.0,4188.920725030569,1954.4264468132528,0.0,4140.735043379249,0.0,0.0,3628.3944333142235,34.592778460799224,0.0,0.0,0.0,0.0,0.0,0.0,0.0,0.0,0.0,0.0,0.0,619.8751664188443,1569.5499863683435,837.3002391716614,4.546337004009285,0.0,1081.791157273061,1388.762831102412,1220.2472407139032,526.5480681207412,0.0,0.0,0.0,707.3460128901388,0.0,0.0,0.0,0.0,0.0,0.0,0.0,0.0,0.0,0.0,0.0,750.733470819245,2234.702626108068,1509.8576216517413,537.713702054574,0.0
0.0,342.74337483415826,763.5693100151899,0.0,0.0,0.0,0.0,209.94084468666128,938.6395744827589,0.0,0.0,0.0,0.0,0.0,0.0,0.0,0.0,0.0,0.0,0.0,0.0,1410.801279779486,1784.2486773681728,1784.2486773681728,113.46820845596757,0.0,409.23141583769666,808.8776830296353,0.0,0.0,0.0,0.0,634.1978932459409,0.0,0.0,0.0,0.0,0.0,0.0,0.0,0.0,0.0,0.0,161.29353650216677,1142.645504230816,0.0,1784.2486773681724,1784.2486773681724,0.0,599.8432148481922,0.0,0.0,294.13195253258084,0.0,0.0,252.96758790152063,629.5540078795916,0.0,0.0,0.0,0.0,0.0,0.0,0.0,0.0,0.0,0.0,0.0,0.0,1336.9724006809674,0.0,0.0,0.0,0.0,1201.911862485095,0.0,0.0,0.0,0.0,0.0,5851.767810560893,0.0,0.0,0.0,4494.847560905688,0.0,2649.4402148626145,0.0,0.0,2399.055905965876,0.0,0.0,0.0,3832.0334390117437,0.0,0.0
8368.62105311552,965.3294685790073,2632.5911516201054,0.0,0.0,0.0,0.0,0.0,0.0,2065.949481550497,0.0,2122.2511636256654,65.45394463746032,0.0,107.13419527937758,0.0,0.0,0.0,882.983111386062,8368.62105311552,3608.286715930546,5308.565644728248,8368.62105311552,6494.891661725702,0.0,10693.391423914663,0.0,3989.496077238186,2753.298314060891,0.0,0.0,10693.391423914663,0.0,2923.103464643624,3112.3327814855506,1385.1069255126663,298.6681242909439,0.0,671.428088864817,0.0,0.0,0.0,1564.3202823657662,3074.7687527344356,2462.393215846716,4387.6790996199,6865.64035919515,5749.777998064791,4838.558301371745,0.0,10693.39142391467,0.0,0.0,0.0,0.0,0.0,582.6323561050183,0.0,2194.3170269408433,0.0,0.0,0.0,0.0,0.0,0.0,71.01089214949613,1080.4643292848032,3357.1414756334902,2711.472754156123,3729.5562085492256,5892.377394207835,6278.438749280885,7960.0097792798315,0.0,5575.183681634646,0.0,0.0,0.0,0.0,0.0,0.0,0.0,0.0,0.0,0.0,7125.2073622325515,0.0,0.0,6545.009779602981,0.0,0.0,0.0,0.0,3929.644102430524,4891.582128462666,4517.402198879278
0.0,0.0,0.0,0.0,0.0,0.0,0.0,0.0,0.0,0.0,0.0,0.0,0.0,0.0,0.0,0.0,0.0,0.0,0.0,0.0,0.0,0.0,0.0,0.0,0.0,0.0,0.0,0.0,0.0,0.0,0.0,0.0,0.0,0.0,0.0,0.0,0.0,0.0,0.0,0.0,0.0,0.0,0.0,0.0,0.0,0.0,0.0,0.0,0.0,0.0,0.0,0.0,0.0,0.0,0.0,0.0,0.0,0.0,0.0,0.0,0.0,0.0,0.0,0.0,0.0,0.0,0.0,0.0,0.0,0.0,0.0,0.0,0.0,0.0,0.0,0.0,0.0,0.0,0.0,0.0,0.0,0.0,0.0,0.0,0.0,0.0,0.0,0.0,0.0,0.0,0.0,0.0,0.0,0.0,0.0,0.0
0.0,1497.3810028500138,0.0,0.0,270.20767960169917,0.0,130.8800275308798,294.18455573040563,80.30606650053187,0.0,0.0,0.0,0.0,0.0,0.0,0.0,0.0,0.0,0.0,244.88921480053898,1154.9417530317396,989.9344652908342,1103.546612431269,1215.039076940086,0.0,409.3252267531858,0.0,0.0,819.2638256610389,0.0,0.0,0.0,468.0005518027566,0.0,289.73417344863117,0.0,0.0,0.0,0.0,0.0,0.0,0.0,0.0,577.5238669383008,0.0,550.6047678352807,1687.1591522271847,975.7683283204146,0.0,0.0,758.0346751314785,0.0,0.0,0.0,845.7674090801036,0.0,1595.3670197242493,0.0,253.40351410750586,0.0,0.0,0.0,0.0,0.0,0.0,0.0,0.0,855.3654373525163,1061.7613138306476,1414.3186991829346,49.873319022176844,0.0,0.0,525.6281579873394,0.0,0.0,0.0,0.0,0.0,2550.4053505210213,0.0,0.0,1035.6936013818852,0.0,0.0,0.0,0.0,0.0,476.4448195246342,132.15606154670476,0.0,2632.3001644586484,2632.3001644586484,180.74963666366637,2632.3001644586484,0.0
0.0,0.0,0.0,0.0,0.0,0.0,0.0,0.0,0.0,0.0,0.0,0.0,0.0,0.0,0.0,0.0,0.0,0.0,0.0,0.0,0.0,0.0,0.0,0.0,628.9304856922209,0.0,0.0,0.0,1876.5374840941254,0.0,0.0,1879.5733711584062,2413.7331056789035,0.0,2413.7331056789035,0.0,0.0,475.7703097636692,1135.6031724248683,0.0,1371.9512345460662,0.0,0.0,0.0,0.0,0.0,0.0,0.0,2493.2778934335806,0.0,0.0,0.0,0.0,2493.2778934335806,0.0,0.0,0.0,2493.2778934335806,678.0277265186778,0.0,0.0,0.0,0.0,0.0,0.0,0.0,0.0,0.0,2493.2778934335806,2451.551492964328,0.0,0.0,0.0,2493.2778934335806,0.0,0.0,0.0,2493.2778934335806,869.4248276259672,50.83951117915704,0.0,764.3013374996626,2493.2778934335806,0.0,0.0,0.0,1603.8432897645525,0.0,0.0,0.0,0.0,0.0,1655.5983004139498,0.0,2493.2778934335806,2493.2778934335806
16331.332521541177,0.0,0.0,16331.332521541177,0.0,0.0,8239.420300551941,0.0,0.0,0.0,0.0,8688.957875582502,6693.188876925281,12796.504558783517,3757.4455291926256,0.0,0.0,0.0,0.0,0.0,4753.5093894639895,10650.851451804227,6103.488502768747,7414.285315881541,16331.332521541177,0.0,9396.540383995007,0.0,0.0,8588.175860094214,0.0,8671.896848789054,839.8858801018288,0.0,5231.732131296115,0.0,4175.600491735572,727.1820300566233,943.7504485791071,0.0,1945.6688171532094,0.0,4809.51904034563,0.0,0.0,14521.647192930632,3089.1382820182603,10991.841647193616,0.0,12384.654097627212,0.0,20848.533147078782,0.0,0.0,14798.577950602774,0.0,0.0,2331.7967100437018,20848.533147078782,7326.349341475834,0.0,357.73743923898195,0.0,0.0,0.0,0.0,3888.60589497856,0.0,4397.3398797654845,9839.491118145193,10947.663920689845,12242.281267690214,0.0,0.0,0.0,0.0,0.0,0.0,3187.2787327238666,0.0,0.0,20848.533147078782,11976.094879469123,0.0,0.0,20848.533147078782,0.0,9544.044151816495,1263.8649701456188,20848.533147078782,4523.475566081174,0.0,20848.533147078782,14052.529868102572,4281.461320647555,20848.533147078782
0.0,0.0,0.0,0.0,0.0,0.0,0.0,0.0,0.0,0.0,0.0,0.0,0.0,0.0,0.0,0.0,0.0,0.0,0.0,0.0,0.0,0.0,0.0,0.0,0.0,0.0,0.0,0.0,0.0,0.0,0.0,0.0,0.0,0.0,0.0,0.0,0.0,0.0,0.0,0.0,0.0,0.0,0.0,0.0,0.0,0.0,0.0,0.0,0.0,0.0,0.0,0.0,0.0,0.0,0.0,0.0,0.0,0.0,0.0,0.0,0.0,0.0,0.0,0.0,0.0,0.0,0.0,0.0,0.0,0.0,0.0,0.0,0.0,0.0,0.0,0.0,0.0,0.0,0.0,0.0,0.0,0.0,0.0,0.0,0.0,0.0,0.0,0.0,0.0,0.0,0.0,0.0,0.0,0.0,0.0,0.0
0.0,0.0,0.0,0.0,0.0,0.0,0.0,0.0,0.0,0.0,0.0,0.0,0.0,0.0,0.0,0.0,0.0,0.0,0.0,0.0,0.0,0.0,0.0,0.0,0.0,0.0,0.0,0.0,0.0,0.0,0.0,0.0,0.0,0.0,0.0,0.0,0.0,0.0,0.0,0.0,0.0,0.0,0.0,0.0,0.0,0.0,0.0,0.0,0.0,0.0,0.0,0.0,0.0,0.0,0.0,0.0,0.0,0.0,0.0,0.0,0.0,0.0,0.0,0.0,0.0,0.0,0.0,0.0,0.0,0.0,0.0,0.0,0.0,0.0,0.0,0.0,0.0,0.0,0.0,0.0,0.0,0.0,0.0,0.0,0.0,0.0,0.0,0.0,0.0,0.0,0.0,0.0,0.0,0.0,0.0,0.0
0.0,0.0,0.0,0.0,0.0,0.0,0.0,0.0,0.0,0.0,0.0,0.0,0.0,0.0,0.0,0.0,0.0,0.0,0.0,0.0,0.0,0.0,0.0,0.0,0.0,0.0,0.0,0.0,0.0,0.0,0.0,0.0,0.0,0.0,0.0,0.0,0.0,0.0,0.0,0.0,0.0,0.0,0.0,0.0,0.0,0.0,0.0,0.0,0.0,0.0,0.0,0.0,0.0,0.0,0.0,0.0,0.0,0.0,0.0,0.0,0.0,0.0,0.0,0.0,0.0,0.0,0.0,0.0,0.0,0.0,0.0,0.0,0.0,0.0,0.0,0.0,0.0,0.0,0.0,0.0,0.0,0.0,0.0,0.0,0.0,0.0,0.0,0.0,0.0,0.0,0.0,0.0,0.0,0.0,0.0,0.0
0.0,0.0,0.0,0.0,0.0,0.0,0.0,0.0,0.0,0.0,0.0,0.0,0.0,0.0,0.0,0.0,0.0,0.0,0.0,0.0,0.0,0.0,0.0,0.0,0.0,0.0,0.0,0.0,0.0,0.0,0.0,0.0,0.0,0.0,0.0,0.0,0.0,0.0,0.0,0.0,0.0,0.0,0.0,0.0,0.0,0.0,0.0,0.0,0.0,0.0,0.0,0.0,0.0,0.0,0.0,0.0,0.0,0.0,0.0,0.0,0.0,0.0,0.0,0.0,0.0,0.0,0.0,0.0,0.0,0.0,0.0,0.0,0.0,0.0,0.0,0.0,0.0,0.0,0.0,0.0,0.0,0.0,0.0,0.0,0.0,0.0,0.0,0.0,0.0,0.0,0.0,0.0,0.0,0.0,0.0,0.0
0.0,0.0,0.0,0.0,0.0,0.0,0.0,0.0,0.0,0.0,0.0,0.0,0.0,0.0,0.0,0.0,0.0,0.0,0.0,0.0,0.0,0.0,0.0,0.0,0.0,0.0,0.0,0.0,0.0,0.0,0.0,0.0,0.0,0.0,0.0,0.0,0.0,0.0,0.0,0.0,0.0,0.0,0.0,0.0,0.0,0.0,0.0,0.0,0.0,0.0,0.0,0.0,0.0,0.0,0.0,0.0,0.0,0.0,0.0,0.0,0.0,0.0,0.0,0.0,0.0,0.0,0.0,0.0,0.0,0.0,0.0,0.0,0.0,0.0,0.0,0.0,0.0,0.0,0.0,0.0,0.0,0.0,0.0,0.0,0.0,0.0,0.0,0.0,0.0,0.0,0.0,0.0,0.0,0.0,0.0,0.0
0.0,0.0,0.0,0.0,0.0,0.0,0.0,0.0,0.0,0.0,0.0,0.0,0.0,0.0,0.0,0.0,0.0,0.0,0.0,0.0,0.0,0.0,0.0,0.0,0.0,0.0,0.0,0.0,0.0,0.0,0.0,0.0,0.0,0.0,0.0,0.0,0.0,0.0,0.0,0.0,0.0,0.0,0.0,0.0,0.0,0.0,0.0,0.0,0.0,0.0,0.0,0.0,0.0,0.0,0.0,0.0,0.0,0.0,0.0,0.0,0.0,0.0,0.0,0.0,0.0,0.0,0.0,0.0,0.0,0.0,0.0,0.0,0.0,0.0,0.0,0.0,0.0,0.0,0.0,0.0,0.0,0.0,0.0,0.0,0.0,0.0,0.0,0.0,0.0,0.0,0.0,0.0,0.0,0.0,0.0,0.0
0.0,0.0,0.0,0.0,0.0,0.0,0.0,0.0,0.0,0.0,0.0,0.0,0.0,0.0,0.0,0.0,0.0,0.0,0.0,0.0,0.0,0.0,0.0,0.0,0.0,0.0,0.0,0.0,0.0,0.0,0.0,0.0,0.0,0.0,0.0,0.0,0.0,0.0,0.0,0.0,0.0,0.0,0.0,0.0,0.0,0.0,0.0,0.0,0.0,0.0,0.0,0.0,0.0,0.0,0.0,0.0,0.0,0.0,0.0,0.0,0.0,0.0,0.0,0.0,0.0,0.0,0.0,0.0,0.0,0.0,0.0,0.0,0.0,0.0,0.0,0.0,0.0,0.0,0.0,0.0,0.0,0.0,0.0,0.0,0.0,0.0,0.0,0.0,0.0,0.0,0.0,0.0,0.0,0.0,0.0,0.0
0.0,0.0,0.0,0.0,0.0,0.0,0.0,0.0,0.0,0.0,0.0,0.0,0.0,0.0,0.0,0.0,0.0,0.0,0.0,0.0,0.0,0.0,0.0,0.0,0.0,0.0,0.0,0.0,0.0,0.0,0.0,0.0,0.0,0.0,0.0,0.0,0.0,0.0,0.0,0.0,0.0,0.0,0.0,0.0,0.0,0.0,0.0,0.0,0.0,0.0,0.0,0.0,0.0,0.0,0.0,0.0,0.0,0.0,0.0,0.0,0.0,0.0,0.0,0.0,0.0,0.0,0.0,0.0,0.0,0.0,0.0,0.0,0.0,0.0,0.0,0.0,0.0,0.0,0.0,0.0,0.0,0.0,0.0,0.0,0.0,0.0,0.0,0.0,0.0,0.0,0.0,0.0,0.0,0.0,0.0,0.0
0.0,0.0,0.0,0.0,0.0,0.0,0.0,0.0,593.1809616759002,4359.350170860028,3961.7833747149257,5528.644182657275,5284.913813599497,762.970919955127,4907.499437248316,2922.660660960509,184.99582334983336,0.0,0.0,0.0,0.0,0.0,0.0,0.0,0.0,0.0,0.0,0.0,0.0,0.0,0.0,0.0,2499.566807705997,6631.198915177161,3631.063897030287,2392.220965706075,2501.439869339206,4253.480265226527,4113.773276426509,1977.9554389837385,1292.5768754691971,0.0,0.0,0.0,0.0,0.0,0.0,0.0,0.0,0.0,0.0,0.0,0.0,0.0,0.0,0.0,0.0,4646.964591089838,4151.980328576028,3738.4679345724408,2958.084647777594,4013.406932028897,1480.0406708742637,608.4306199876224,477.64026454712865,0.0,0.0,0.0,0.0,0.0,0.0,0.0,0.0,0.0,0.0,0.0,0.0,0.0,0.0,0.0,8505.51856679777,7014.086312345355,1425.1642166187648,4694.279887136094,0.0,1055.9474615564154,0.0,8505.51856679777,0.0,0.0,0.0,0.0,0.0,0.0,0.0,0.0
0.0,0.0,0.0,0.0,0.0,0.0,0.0,0.0,0.0,0.0,542.8259595477352,0.0,0.0,752.9521374371816,752.9521374371816,752.9521374371816,0.0,0.0,0.0,0.0,0.0,0.0,0.0,0.0,0.0,0.0,0.0,0.0,0.0,0.0,0.0,0.0,752.9521374371816,0.0,0.0,752.9521374371816,0.0,0.0,311.35104043182736,752.9521374371816,0.0,0.0,0.0,0.0,0.0,0.0,0.0,0.0,0.0,0.0,0.0,0.0,0.0,0.0,0.0,0.0,0.0,752.9521374371816,752.9521374371816,380.38131309645496,0.0,0.0,0.0,0.0,0.0,0.0,0.0,0.0,0.0,0.0,0.0,0.0,0.0,0.0,0.0,0.0,0.0,0.0,0.0,0.0,0.0,0.0,752.9521374371816,752.9521374371816,631.4004429697505,0.0,752.9521374371816,0.0,0.0,0.0,0.0,0.0,0.0,0.0,0.0,0.0
0.0,0.0,0.0,0.0,0.0,0.0,0.0,0.0,0.0,0.0,0.0,0.0,0.0,0.0,0.0,0.0,0.0,0.0,0.0,0.0,0.0,0.0,215.93744879916443,0.0,0.0,0.0,0.0,0.0,0.0,0.0,0.0,0.0,0.0,0.0,0.0,0.0,0.0,0.0,0.0,0.0,0.0,0.0,0.0,0.0,0.0,0.0,667.5178634262948,360.5804210152624,0.0,0.0,0.0,0.0,0.0,0.0,0.0,0.0,0.0,0.0,0.0,0.0,0.0,0.0,0.0,0.0,0.0,0.0,0.0,0.0,0.0,0.0,2242.455257008432,1313.2664093348446,0.0,0.0,0.0,0.0,0.0,855.8892636890876,0.0,1658.549500217546,618.8728186289906,226.2128638092976,91.4624808483971,363.89420694779295,318.5241611859669,530.4297989242292,140.17194743266163,59.163298757339575,0.0,143.39181726319154,0.0,0.0,826.4906532873347,2078.9965361035865,4700.204810664199,3755.9999859701265
0.0,0.0,0.0,0.0,0.0,0.0,0.0,0.0,873.4663048697524,1784.2486773681724,1552.4947217976267,1105.4869676942037,645.3347815047623,664.1464913128822,13.886901473708804,0.0,0.0,0.0,0.0,0.0,0.0,0.0,0.0,0.0,0.0,0.0,0.0,0.0,0.0,0.0,0.0,0.0,422.6118573186758,1662.7686447839178,1499.2165731046016,1652.048422711977,853.8999964174869,0.0,0.0,0.0,0.0,0.0,0.0,0.0,0.0,0.0,0.0,0.0,0.0,0.0,0.0,0.0,0.0,0.0,0.0,0.0,0.0,402.0751489401184,151.00577592044422,1784.2486773681724,1215.9491036498302,0.0,285.94796960536024,630.6491614199409,0.0,0.0,0.0,0.0,0.0,0.0,0.0,0.0,0.0,0.0,0.0,0.0,0.0,0.0,0.0,0.0,6704.6617417065945,6704.6617417065945,6704.6617417065945,6704.6617417065945,6704.6617417065945,5068.730806950107,6704.6617417065945,6704.6617417065945,80.57115937706865,0.0,0.0,0.0,0.0,0.0,0.0,0.0
0.0,0.0,0.0,0.0,0.0,0.0,0.0,0.0,0.0,0.0,4793.5350327083515,222.11846245838686,1027.2993975110103,5838.903547637514,3201.4953395919506,6979.01588647383,6986.763907077308,2089.923507901728,0.0,0.0,0.0,0.0,0.0,0.0,0.0,0.0,0.0,0.0,0.0,0.0,0.0,0.0,0.0,0.0,5149.85189332199,1479.9874337029694,2318.68653830627,5064.167262177849,4709.935384721105,7720.798009975024,7440.781168652113,3332.4478880362394,0.0,0.0,0.0,0.0,0.0,0.0,0.0,0.0,0.0,0.0,0.0,0.0,0.0,0.0,0.0,0.0,4202.665008292431,513.3465059267448,1327.825274028787,4054.9649334896967,3701.7967227838835,6707.880314943484,6038.886639535469,2353.211855076823,0.0,0.0,0.0,0.0,0.0,0.0,0.0,0.0,0.0,0.0,0.0,0.0,0.0,0.0,0.0,0.0,947.0938062582169,0.0,0.0,4049.9318887849,3929.5425000847044,7036.80708739934,6193.968420180355,0.0,0.0,0.0,0.0,0.0,197.85152891647894,0.0
0.0,0.0,0.0,0.0,0.0,0.0,0.0,0.0,0.0,0.0,0.0,0.0,0.0,0.0,0.0,0.0,0.0,0.0,0.0,0.0,0.0,0.0,0.0,0.0,0.0,0.0,0.0,0.0,0.0,0.0,0.0,0.0,0.0,0.0,0.0,0.0,0.0,0.0,0.0,0.0,0.0,0.0,0.0,0.0,0.0,0.0,0.0,0.0,0.0,0.0,0.0,0.0,0.0,0.0,0.0,0.0,0.0,0.0,0.0,0.0,0.0,0.0,0.0,0.0,0.0,0.0,0.0,0.0,0.0,0.0,0.0,0.0,0.0,0.0,0.0,0.0,0.0,0.0,0.0,0.0,0.0,0.0,0.0,0.0,0.0,0.0,0.0,0.0,0.0,0.0,0.0,0.0,0.0,0.0,0.0,0.0
0.0,0.0,0.0,0.0,0.0,0.0,0.0,0.0,0.0,1687.1591522271847,1687.1591522271847,464.5698947926023,0.0,1506.1518690737726,16.89273554014003,539.6811701769464,376.1875226214555,0.0,0.0,0.0,0.0,0.0,0.0,0.0,0.0,0.0,0.0,0.0,0.0,0.0,0.0,0.0,0.0,1687.1591522271847,1392.5254737963949,109.72199250768978,0.0,1148.0836133634284,835.9089193744154,585.7305615146278,0.0,0.0,0.0,0.0,0.0,0.0,0.0,0.0,0.0,0.0,0.0,0.0,0.0,0.0,0.0,0.0,0.0,1687.1591522271847,1128.8743587704273,417.8356862236432,297.58017262575055,655.406527446587,39.79256444175029,0.0,0.0,0.0,0.0,0.0,0.0,0.0,0.0,0.0,0.0,0.0,0.0,0.0,0.0,0.0,0.0,1361.1534458833512,2432.5045600922035,1479.9950054074457,0.0,122.83710200945119,0.0,1222.267960388546,0.0,0.0,0.0,0.0,0.0,0.0,0.0,0.0,0.0,0.0
0.0,0.0,0.0,0.0,0.0,0.0,0.0,0.0,0.0,0.0,0.0,0.0,0.0,0.0,0.0,0.0,0.0,0.0,0.0,0.0,0.0,0.0,0.0,0.0,0.0,0.0,0.0,0.0,0.0,0.0,0.0,0.0,0.0,0.0,2413.7331056789035,2413.7331056789035,2413.7331056789035,0.0,0.0,1740.1331692103722,0.0,0.0,0.0,0.0,0.0,0.0,0.0,0.0,0.0,0.0,0.0,0.0,0.0,0.0,0.0,0.0,0.0,658.8802405973771,2493.2778934335806,0.0,396.5617324113351,0.0,2493.2778934335806,2493.2778934335806,0.0,0.0,0.0,0.0,0.0,0.0,0.0,0.0,0.0,0.0,0.0,0.0,0.0,0.0,0.0,0.0,0.0,1267.4815985202922,2381.4855907471074,0.0,2493.2778934335806,0.0,0.0,0.0,0.0,176.13339080594943,0.0,0.0,0.0,0.0,0.0,0.0
0.0,0.0,0.0,0.0,0.0,0.0,0.0,0.0,16331.332521541177,16331.332521541177,16331.332521541177,0.0,16331.332521541177,9163.271556309166,16331.332521541177,11350.579874568273,7317.424272408798,0.0,0.0,0.0,0.0,0.0,0.0,0.0,0.0,0.0,0.0,0.0,0.0,0.0,0.0,0.0,16331.332521541177,16331.332521541177,0.0,16331.332521541177,0.0,9101.017355990201,13754.805444701706,0.0,5978.602950405254,0.0,0.0,0.0,0.0,0.0,0.0,0.0,0.0,0.0,0.0,0.0,0.0,0.0,0.0,0.0,20848.533147078782,20848.533147078782,6656.099589346935,20848.533147078782,12880.766477218016,9597.754456153076,12015.69099181407,8536.49402486335,4056.9445462285034,0.0,0.0,0.0,0.0,0.0,0.0,0.0,0.0,0.0,0.0,0.0,0.0,0.0,0.0,1334.2187157446176,17615.123684194452,1300.518963541812,0.0,0.0,0.0,1560.0935976355806,20848.533147078782,20848.533147078782,0.0,0.0,0.0,0.0,0.0,0.0,0.0,0.0
0.0,0.0,0.0,0.0,0.0,0.0,0.0,0.0,0.0,0.0,0.0,0.0,0.0,0.0,0.0,0.0,0.0,0.0,0.0,0.0,0.0,0.0,0.0,0.0,0.0,0.0,0.0,0.0,0.0,0.0,0.0,0.0,0.0,0.0,0.0,0.0,0.0,0.0,0.0,0.0,0.0,0.0,0.0,0.0,0.0,0.0,0.0,0.0,0.0,0.0,0.0,0.0,0.0,0.0,0.0,0.0,0.0,0.0,0.0,0.0,0.0,0.0,0.0,0.0,0.0,0.0,0.0,0.0,0.0,0.0,0.0,0.0,0.0,0.0,0.0,0.0,0.0,0.0,0.0,0.0,0.0,0.0,0.0,0.0,0.0,0.0,0.0,0.0,0.0,0.0,0.0,0.0,0.0,0.0,0.0,0.0
0.0,0.0,0.0,0.0,0.0,0.0,0.0,0.0,0.0,0.0,0.0,0.0,0.0,0.0,0.0,0.0,0.0,0.0,0.0,0.0,0.0,0.0,0.0,0.0,0.0,0.0,0.0,0.0,0.0,0.0,0.0,0.0,0.0,0.0,0.0,0.0,0.0,0.0,0.0,0.0,0.0,0.0,0.0,0.0,0.0,0.0,0.0,0.0,0.0,0.0,0.0,0.0,0.0,0.0,0.0,0.0,0.0,0.0,0.0,0.0,0.0,0.0,0.0,0.0,0.0,0.0,0.0,0.0,0.0,0.0,0.0,0.0,0.0,0.0,0.0,0.0,0.0,0.0,0.0,0.0,0.0,0.0,0.0,0.0,0.0,0.0,0.0,0.0,0.0,0.0,0.0,0.0,0.0,0.0,0.0,0.0
0.0,0.0,0.0,0.0,0.0,0.0,0.0,0.0,0.0,0.0,0.0,0.0,0.0,0.0,0.0,0.0,0.0,0.0,0.0,0.0,0.0,0.0,0.0,0.0,0.0,0.0,0.0,0.0,0.0,0.0,0.0,0.0,0.0,0.0,0.0,0.0,0.0,0.0,0.0,0.0,0.0,0.0,0.0,0.0,0.0,0.0,0.0,0.0,0.0,0.0,0.0,0.0,0.0,0.0,0.0,0.0,0.0,0.0,0.0,0.0,0.0,0.0,0.0,0.0,0.0,0.0,0.0,0.0,0.0,0.0,0.0,0.0,0.0,0.0,0.0,0.0,0.0,0.0,0.0,0.0,0.0,0.0,0.0,0.0,0.0,0.0,0.0,0.0,0.0,0.0,0.0,0.0,0.0,0.0,0.0,0.0
0.0,0.0,0.0,0.0,0.0,0.0,0.0,0.0,0.0,0.0,0.0,0.0,0.0,0.0,0.0,0.0,0.0,0.0,0.0,0.0,0.0,0.0,0.0,0.0,0.0,0.0,0.0,0.0,0.0,0.0,0.0,0.0,0.0,0.0,0.0,0.0,0.0,0.0,0.0,0.0,0.0,0.0,0.0,0.0,0.0,0.0,0.0,0.0,0.0,0.0,0.0,0.0,0.0,0.0,0.0,0.0,0.0,0.0,0.0,0.0,0.0,0.0,0.0,0.0,0.0,0.0,0.0,0.0,0.0,0.0,0.0,0.0,0.0,0.0,0.0,0.0,0.0,0.0,0.0,0.0,0.0,0.0,0.0,0.0,0.0,0.0,0.0,0.0,0.0,0.0,0.0,0.0,0.0,0.0,0.0,0.0
0.0,0.0,0.0,0.0,0.0,0.0,0.0,0.0,0.0,0.0,0.0,0.0,0.0,0.0,0.0,0.0,0.0,0.0,0.0,0.0,0.0,0.0,0.0,0.0,0.0,0.0,0.0,0.0,0.0,0.0,0.0,0.0,0.0,0.0,0.0,0.0,0.0,0.0,0.0,0.0,0.0,0.0,0.0,0.0,0.0,0.0,0.0,0.0,0.0,0.0,0.0,0.0,0.0,0.0,0.0,0.0,0.0,0.0,0.0,0.0,0.0,0.0,0.0,0.0,0.0,0.0,0.0,0.0,0.0,0.0,0.0,0.0,0.0,0.0,0.0,0.0,0.0,0.0,0.0,0.0,0.0,0.0,0.0,0.0,0.0,0.0,0.0,0.0,0.0,0.0,0.0,0.0,0.0,0.0,0.0,0.0
0.0,0.0,0.0,0.0,0.0,0.0,0.0,0.0,0.0,0.0,0.0,0.0,0.0,0.0,0.0,0.0,0.0,0.0,0.0,0.0,0.0,0.0,0.0,0.0,0.0,0.0,0.0,0.0,0.0,0.0,0.0,0.0,0.0,0.0,0.0,0.0,0.0,0.0,0.0,0.0,0.0,0.0,0.0,0.0,0.0,0.0,0.0,0.0,0.0,0.0,0.0,0.0,0.0,0.0,0.0,0.0,0.0,0.0,0.0,0.0,0.0,0.0,0.0,0.0,0.0,0.0,0.0,0.0,0.0,0.0,0.0,0.0,0.0,0.0,0.0,0.0,0.0,0.0,0.0,0.0,0.0,0.0,0.0,0.0,0.0,0.0,0.0,0.0,0.0,0.0,0.0,0.0,0.0,0.0,0.0,0.0
0.0,0.0,0.0,0.0,0.0,0.0,0.0,0.0,0.0,0.0,0.0,0.0,0.0,0.0,0.0,0.0,0.0,0.0,0.0,0.0,0.0,0.0,0.0,0.0,0.0,0.0,0.0,0.0,0.0,0.0,0.0,0.0,0.0,0.0,0.0,0.0,0.0,0.0,0.0,0.0,0.0,0.0,0.0,0.0,0.0,0.0,0.0,0.0,0.0,0.0,0.0,0.0,0.0,0.0,0.0,0.0,0.0,0.0,0.0,0.0,0.0,0.0,0.0,0.0,0.0,0.0,0.0,0.0,0.0,0.0,0.0,0.0,0.0,0.0,0.0,0.0,0.0,0.0,0.0,0.0,0.0,0.0,0.0,0.0,0.0,0.0,0.0,0.0,0.0,0.0,0.0,0.0,0.0,0.0,0.0,0.0
0.0,0.0,0.0,0.0,0.0,0.0,0.0,0.0,0.0,0.0,0.0,0.0,0.0,0.0,0.0,0.0,0.0,0.0,0.0,0.0,0.0,0.0,0.0,0.0,0.0,0.0,0.0,0.0,0.0,0.0,0.0,0.0,0.0,0.0,0.0,0.0,0.0,0.0,0.0,0.0,0.0,0.0,0.0,0.0,0.0,0.0,0.0,0.0,0.0,0.0,0.0,0.0,0.0,0.0,0.0,0.0,0.0,0.0,0.0,0.0,0.0,0.0,0.0,0.0,0.0,0.0,0.0,0.0,0.0,0.0,0.0,0.0,0.0,0.0,0.0,0.0,0.0,0.0,0.0,0.0,0.0,0.0,0.0,0.0,0.0,0.0,0.0,0.0,0.0,0.0,0.0,0.0,0.0,0.0,0.0,0.0
0.0,0.0,0.0,0.0,0.0,0.0,0.0,0.0,0.0,0.0,-1.2297116032624774e-12,0.0,0.0,1.2297116032624774e-12,0.0,0.0,0.0,1958.8759855184264,0.0,902.9387215404425,4910.778950988378,5757.908142141127,5338.864522294772,2510.133186282914,0.0,0.0,0.0,0.0,0.0,0.0,0.0,0.0,0.0,0.0,0.0,0.0,15.335034998801095,0.0,0.0,0.0,0.0,1407.0552668398875,2787.612871769387,3459.9250408512776,3563.9339300243087,4655.126851366742,3760.5127718813683,3643.3322244307437,0.0,0.0,0.0,0.0,0.0,0.0,0.0,0.0,0.0,0.0,0.0,0.0,0.0,784.0885535965409,0.0,0.0,0.0,0.0,1311.233202807922,1893.5075495455226,2938.5545151248266,4707.057616718508,3268.513624484537,3541.1462828817366,0.0,0.0,0.0,0.0,0.0,0.0,0.0,0.0,0.0,0.0,0.0,0.0,721.1626870566936,1830.6409114239398,1987.3946885211092,0.0,0.0,1916.6933891763126,8505.51856679777,0.0,8505.51856679777,8505.51856679777,8505.51856679777,0.0
0.0,0.0,0.0,0.0,0.0,0.0,0.0,0.0,0.0,0.0,0.0,0.0,0.0,0.0,0.0,64.77433454638036,0.0,0.0,0.0,0.0,752.9521374371816,752.9521374371816,595.357504020097,0.0,0.0,0.0,0.0,0.0,0.0,0.0,0.0,0.0,0.0,0.0,0.0,0.0,0.0,0.0,0.0,0.0,0.0,0.0,0.0,0.0,550.2616873203343,0.0,752.9521374371816,752.9521374371816,0.0,0.0,0.0,0.0,0.0,0.0,0.0,0.0,0.0,0.0,0.0,0.0,0.0,0.0,0.0,0.0,0.0,435.6840688422034,752.9521374371816,697.6493816914289,0.0,0.0,0.0,0.0,0.0,0.0,0.0,0.0,0.0,0.0,0.0,0.0,0.0,0.0,0.0,0.0,0.0,0.0,0.0,0.0,0.0,0.0,752.9521374371816,0.0,0.0,0.0,0.0,752.9521374371816
0.0,0.0,0.0,0.0,0.0,0.0,0.0,0.0,0.0,126.12482699410596,231.9415067160345,355.49332599043,393.8945384344765,510.83738692612866,441.8944373825515,0.0,0.0,0.0,0.0,104.79094306883147,492.3272593530212,0.0,706.0169748873006,2690.9988613247046,0.0,0.0,0.0,0.0,0.0,0.0,0.0,0.0,0.0,161.0176113240033,371.69608378582444,540.5070585699409,604.0754021272194,771.7423519753729,581.5834514937145,0.0,0.0,0.0,0.0,104.99348797915192,508.39032796488306,0.0,698.379372230881,3005.490750397403,0.0,0.0,0.0,0.0,143.42155598978235,149.32297133925078,0.0,0.0,0.0,0.0,182.26813993549007,357.07486438745605,422.3277777095423,595.5426068543243,403.5852551624737,0.0,0.0,0.0,0.0,0.0,286.5694774725451,0.0,102.75044584787835,2967.4495171797953,0.0,0.0,0.0,0.0,0.0,0.0,0.0,0.0,0.0,696.3712007952857,780.6744093197357,1096.5042521692933,1163.527665244287,1342.573371286575,1148.725829298191,446.79043430210294,0.0,0.0,242.46045326267767,632.3223088285622,1019.1418287029264,0.0,708.5257592249702,3851.1653723672757
0.0,0.0,0.0,0.0,0.0,0.0,0.0,0.0,0.0,0.0,0.0,0.0,0.0,0.0,0.0,0.0,0.0,0.0,0.0,559.3727531108905,753.9837545491524,1044.8569248479632,1174.6230429535644,1446.4621590542597,0.0,0.0,0.0,0.0,0.0,0.0,0.0,0.0,0.0,0.0,0.0,0.0,0.0,0.0,0.0,0.0,0.0,0.0,0.0,1318.2522730973135,0.0,191.18804324735711,1578.7474017564844,1784.2486773681724,0.0,0.0,0.0,0.0,0.0,0.0,0.0,0.0,0.0,0.0,0.0,0.0,0.0,0.0,0.0,0.0,0.0,0.0,0.0,1784.2486773681724,666.6023875042753,385.60348903799513,585.1822087281319,154.2639068845188,0.0,0.0,0.0,0.0,0.0,0.0,0.0,0.0,0.0,185.78740755009213,0.0,0.0,0.0,0.0,0.0,0.0,0.0,0.0,0.0,6704.6617417065945,2946.4296974808203,6704.6617417065945,0.0,0.0
0.0,0.0,0.0,0.0,0.0,0.0,0.0,0.0,0.0,0.0,0.0,0.0,0.0,0.0,0.0,0.0,0.0,0.0,0.0,0.0,3916.706735332861,5604.15212552821,6709.451358856356,7123.981091302626,0.0,0.0,0.0,0.0,0.0,0.0,0.0,0.0,0.0,0.0,0.0,0.0,0.0,0.0,0.0,0.0,0.0,0.0,0.0,0.0,4464.653884072621,6235.8084878922455,9808.843722781383,8831.502950545475,0.0,0.0,0.0,0.0,0.0,0.0,0.0,0.0,704.9361007504378,2224.070057097804,2208.9626433851877,0.0,0.0,0.0,0.0,0.0,0.0,0.0,0.0,1038.9717779270195,4435.238777589721,2726.625397999266,8426.214474299559,6493.411375446296,0.0,0.0,0.0,0.0,0.0,0.0,0.0,0.0,1910.5453703255075,781.9154191239376,1549.5891898404122,0.0,0.0,0.0,0.0,0.0,0.0,0.0,0.0,2669.1144942272995,0.0,5931.507792796638,3970.6201473891315,7066.071976973673
0.0,0.0,0.0,0.0,0.0,0.0,0.0,0.0,0.0,0.0,0.0,0.0,0.0,0.0,0.0,0.0,0.0,0.0,0.0,0.0,0.0,0.0,0.0,0.0,0.0,0.0,0.0,0.0,0.0,0.0,0.0,0.0,0.0,0.0,0.0,0.0,0.0,0.0,0.0,0.0,0.0,0.0,0.0,0.0,0.0,0.0,0.0,0.0,0.0,0.0,0.0,0.0,0.0,0.0,0.0,0.0,0.0,0.0,0.0,0.0,0.0,0.0,0.0,0.0,0.0,0.0,0.0,0.0,0.0,0.0,0.0,0.0,0.0,0.0,0.0,0.0,0.0,0.0,0.0,0.0,0.0,0.0,0.0,0.0,0.0,0.0,0.0,0.0,0.0,0.0,0.0,0.0,0.0,0.0,0.0,0.0
0.0,0.0,0.0,0.0,0.0,0.0,0.0,0.0,0.0,0.0,0.0,0.0,0.0,0.0,0.0,0.0,0.0,0.0,0.0,0.0,0.0,0.0,85.01096158822548,0.0,0.0,0.0,0.0,0.0,0.0,0.0,0.0,0.0,0.0,0.0,0.0,0.0,0.0,0.0,0.0,0.0,0.0,0.0,0.0,0.0,1156.3368152512746,1623.234138445797,807.7072863649038,1020.0255301650172,0.0,0.0,0.0,0.0,0.0,0.0,0.0,55.35097220670989,763.7684622080882,0.0,26.210257932269958,0.0,0.0,0.0,0.0,0.0,0.0,0.0,0.0,153.09854368335203,0.0,1687.1591522271847,0.0,1541.0610734777385,0.0,0.0,0.0,0.0,0.0,0.0,0.0,215.37581890562097,715.3957380442364,568.8202461284742,0.0,0.0,0.0,0.0,0.0,0.0,0.0,0.0,0.0,2632.3001644586484,0.0,0.0,2632.3001644586484,2486.8661062440165
0.0,0.0,0.0,0.0,0.0,0.0,0.0,0.0,0.0,0.0,0.0,0.0,0.0,0.0,0.0,0.0,0.0,0.0,0.0,0.0,0.0,0.0,0.0,0.0,0.0,0.0,0.0,0.0,0.0,0.0,0.0,0.0,0.0,0.0,0.0,0.0,0.0,0.0,0.0,0.0,0.0,0.0,0.0,496.1228556099642,2413.7331056789035,2413.7331056789035,0.0,1412.4102977175417,0.0,0.0,0.0,0.0,0.0,0.0,0.0,0.0,0.0,0.0,0.0,0.0,0.0,0.0,0.0,0.0,0.0,0.0,0.0,327.6240463715189,2493.2778934335806,2493.2778934335806,0.0,1499.2416591289439,0.0,0.0,0.0,0.0,0.0,0.0,0.0,0.0,0.0,1263.675694701386,0.0,0.0,0.0,0.0,0.0,0.0,0.0,0.0,318.2582183008668,0.0,2383.3896497322175,0.0,2353.0549107724605,0.0
0.0,0.0,0.0,0.0,0.0,0.0,0.0,0.0,0.0,0.0,0.0,3069.372567238552,5004.548839641499,7448.717694236242,8444.163216984096,10144.057453340618,4349.651896366542,0.0,16331.332521541177,0.0,9253.96248249746,10077.162812497076,0.0,0.0,0.0,0.0,0.0,0.0,0.0,0.0,0.0,0.0,0.0,0.0,1396.956219845924,0.0,0.0,7208.451561070048,8364.54171601148,10243.432095278522,0.0,5116.676481807718,6767.265135479997,8823.156025265222,0.0,0.0,11460.222165438447,16331.332521541177,0.0,0.0,0.0,0.0,0.0,0.0,0.0,0.0,0.0,1379.9445520199122,1387.3041322423423,18707.38163648344,0.0,831.2036519988361,0.0,0.0,349.5062542409382,1224.0773006559418,0.0,4657.598394316178,0.0,13076.733359795491,13496.035835686942,14106.201707186872,0.0,0.0,0.0,0.0,0.0,0.0,0.0,0.0,0.0,0.0,0.0,4524.757276729349,0.0,0.0,5653.779416629727,11666.055725642418,20848.533147078782,12258.881261274078,4698.155126369174,17537.85725779319,20848.533147078782,11200.700786609737,0.0,20848.533147078782
0.0,0.0,0.0,0.0,0.0,0.0,0.0,0.0,0.0,0.0,0.0,0.0,0.0,0.0,0.0,0.0,0.0,0.0,0.0,0.0,0.0,0.0,0.0,0.0,0.0,0.0,0.0,0.0,0.0,0.0,0.0,0.0,0.0,0.0,0.0,0.0,0.0,0.0,0.0,0.0,0.0,0.0,0.0,0.0,0.0,0.0,0.0,0.0,0.0,0.0,0.0,0.0,0.0,0.0,0.0,0.0,0.0,0.0,0.0,0.0,0.0,0.0,0.0,0.0,0.0,0.0,0.0,0.0,0.0,0.0,0.0,0.0,0.0,0.0,0.0,0.0,0.0,0.0,0.0,0.0,0.0,0.0,0.0,0.0,0.0,0.0,0.0,0.0,0.0,0.0,0.0,0.0,0.0,0.0,0.0,0.0
0.0,0.0,0.0,0.0,0.0,0.0,0.0,0.0,0.0,0.0,0.0,0.0,0.0,0.0,0.0,0.0,0.0,0.0,0.0,0.0,0.0,0.0,0.0,0.0,0.0,0.0,0.0,0.0,0.0,0.0,0.0,0.0,0.0,0.0,0.0,0.0,0.0,0.0,0.0,0.0,0.0,0.0,0.0,0.0,0.0,0.0,0.0,0.0,0.0,0.0,0.0,0.0,0.0,0.0,0.0,0.0,0.0,0.0,0.0,0.0,0.0,0.0,0.0,0.0,0.0,0.0,0.0,0.0,0.0,0.0,0.0,0.0,0.0,0.0,0.0,0.0,0.0,0.0,0.0,0.0,0.0,0.0,0.0,0.0,0.0,0.0,0.0,0.0,0.0,0.0,0.0,0.0,0.0,0.0,0.0,0.0
0.0,0.0,0.0,0.0,0.0,0.0,0.0,0.0,0.0,0.0,0.0,0.0,0.0,0.0,0.0,0.0,0.0,0.0,0.0,0.0,0.0,0.0,0.0,0.0,0.0,0.0,0.0,0.0,0.0,0.0,0.0,0.0,0.0,0.0,0.0,0.0,0.0,0.0,0.0,0.0,0.0,0.0,0.0,0.0,0.0,0.0,0.0,0.0,0.0,0.0,0.0,0.0,0.0,0.0,0.0,0.0,0.0,0.0,0.0,0.0,0.0,0.0,0.0,0.0,0.0,0.0,0.0,0.0,0.0,0.0,0.0,0.0,0.0,0.0,0.0,0.0,0.0,0.0,0.0,0.0,0.0,0.0,0.0,0.0,0.0,0.0,0.0,0.0,0.0,0.0,0.0,0.0,0.0,0.0,0.0,0.0
0.0,0.0,0.0,0.0,0.0,0.0,0.0,0.0,0.0,0.0,0.0,0.0,0.0,0.0,0.0,0.0,0.0,0.0,0.0,0.0,0.0,0.0,0.0,0.0,0.0,0.0,0.0,0.0,0.0,0.0,0.0,0.0,0.0,0.0,0.0,0.0,0.0,0.0,0.0,0.0,0.0,0.0,0.0,0.0,0.0,0.0,0.0,0.0,0.0,0.0,0.0,0.0,0.0,0.0,0.0,0.0,0.0,0.0,0.0,0.0,0.0,0.0,0.0,0.0,0.0,0.0,0.0,0.0,0.0,0.0,0.0,0.0,0.0,0.0,0.0,0.0,0.0,0.0,0.0,0.0,0.0,0.0,0.0,0.0,0.0,0.0,0.0,0.0,0.0,0.0,0.0,0.0,0.0,0.0,0.0,0.0
0.0,0.0,0.0,0.0,0.0,0.0,0.0,0.0,0.0,0.0,0.0,0.0,0.0,0.0,0.0,0.0,0.0,0.0,0.0,0.0,0.0,0.0,0.0,0.0,0.0,0.0,0.0,0.0,0.0,0.0,0.0,0.0,0.0,0.0,0.0,0.0,0.0,0.0,0.0,0.0,0.0,0.0,0.0,0.0,0.0,0.0,0.0,0.0,0.0,0.0,0.0,0.0,0.0,0.0,0.0,0.0,0.0,0.0,0.0,0.0,0.0,0.0,0.0,0.0,0.0,0.0,0.0,0.0,0.0,0.0,0.0,0.0,0.0,0.0,0.0,0.0,0.0,0.0,0.0,0.0,0.0,0.0,0.0,0.0,0.0,0.0,0.0,0.0,0.0,0.0,0.0,0.0,0.0,0.0,0.0,0.0
0.0,0.0,0.0,0.0,0.0,0.0,0.0,0.0,0.0,0.0,0.0,0.0,0.0,0.0,0.0,0.0,0.0,0.0,0.0,0.0,0.0,0.0,0.0,0.0,0.0,0.0,0.0,0.0,0.0,0.0,0.0,0.0,0.0,0.0,0.0,0.0,0.0,0.0,0.0,0.0,0.0,0.0,0.0,0.0,0.0,0.0,0.0,0.0,0.0,0.0,0.0,0.0,0.0,0.0,0.0,0.0,0.0,0.0,0.0,0.0,0.0,0.0,0.0,0.0,0.0,0.0,0.0,0.0,0.0,0.0,0.0,0.0,0.0,0.0,0.0,0.0,0.0,0.0,0.0,0.0,0.0,0.0,0.0,0.0,0.0,0.0,0.0,0.0,0.0,0.0,0.0,0.0,0.0,0.0,0.0,0.0
0.0,0.0,0.0,0.0,0.0,0.0,0.0,0.0,0.0,0.0,0.0,0.0,0.0,0.0,0.0,0.0,0.0,0.0,0.0,0.0,0.0,0.0,0.0,0.0,0.0,0.0,0.0,0.0,0.0,0.0,0.0,0.0,0.0,0.0,0.0,0.0,0.0,0.0,0.0,0.0,0.0,0.0,0.0,0.0,0.0,0.0,0.0,0.0,0.0,0.0,0.0,0.0,0.0,0.0,0.0,0.0,0.0,0.0,0.0,0.0,0.0,0.0,0.0,0.0,0.0,0.0,0.0,0.0,0.0,0.0,0.0,0.0,0.0,0.0,0.0,0.0,0.0,0.0,0.0,0.0,0.0,0.0,0.0,0.0,0.0,0.0,0.0,0.0,0.0,0.0,0.0,0.0,0.0,0.0,0.0,0.0
0.0,0.0,0.0,0.0,0.0,0.0,0.0,0.0,0.0,0.0,0.0,0.0,0.0,0.0,0.0,0.0,0.0,0.0,0.0,0.0,0.0,0.0,0.0,0.0,0.0,0.0,0.0,0.0,0.0,0.0,0.0,0.0,0.0,0.0,0.0,0.0,0.0,0.0,0.0,0.0,0.0,0.0,0.0,0.0,0.0,0.0,0.0,0.0,0.0,0.0,0.0,0.0,0.0,0.0,0.0,0.0,0.0,0.0,0.0,0.0,0.0,0.0,0.0,0.0,0.0,0.0,0.0,0.0,0.0,0.0,0.0,0.0,0.0,0.0,0.0,0.0,0.0,0.0,0.0,0.0,0.0,0.0,0.0,0.0,0.0,0.0,0.0,0.0,0.0,0.0,0.0,0.0,0.0,0.0,0.0,0.0
0.0,0.0,0.0,0.0,0.0,0.0,0.0,0.0,1.2297116032624774e-12,3920.8720918786166,3217.8431260468747,5735.322887493868,0.0,0.0,0.0,0.0,0.0,2358.2232224420645,6147.238180904642,0.0,0.0,0.0,0.0,0.0,0.0,0.0,0.0,0.0,0.0,0.0,0.0,0.0,0.0,1385.9066675937806,0.0,6178.472228679214,4364.398298767535,895.5443545168126,0.0,525.4271771741568,2314.7375594730634,3867.0882759031647,1581.3362306247116,0.0,782.8943783988612,0.0,0.0,1381.693786032406,0.0,0.0,0.0,0.0,0.0,0.0,0.0,0.0,0.0,0.0,0.0,0.0,3659.753685517579,2652.1178883529124,0.0,2339.9740082700237,2896.056041121475,6112.11116830106,0.0,0.0,0.0,0.0,0.0,0.0,8044.958353560661,0.0,0.0,0.0,0.0,0.0,0.0,0.0,0.0,0.0,637.9802747739494,2933.270678222828,2271.603800777289,4408.0221545954255,0.0,607.9969220267061,1756.9359255022446,344.9446674651278,0.0,0.0,0.0,0.0,0.0,0.0
0.0,0.0,0.0,0.0,0.0,0.0,0.0,0.0,0.0,0.0,0.0,0.0,0.0,0.0,129.42418929901328,510.02781185713326,708.8576403011325,752.9521374371816,0.0,0.0,0.0,0.0,0.0,0.0,0.0,0.0,0.0,0.0,0.0,0.0,0.0,0.0,0.0,0.0,0.0,0.0,0.0,0.0,550.2616873203341,752.9521374371816,0.0,752.9521374371816,0.0,0.0,0.0,0.0,0.0,0.0,0.0,0.0,0.0,0.0,0.0,0.0,0.0,0.0,0.0,0.0,0.0,0.0,169.67553158082882,0.0,0.0,0.0,586.4008013586441,752.9521374371816,0.0,0.0,0.0,0.0,0.0,0.0,752.9521374371816,0.0,0.0,0.0,0.0,0.0,0.0,0.0,0.0,0.0,0.0,0.0,0.0,752.9521374371816,354.5299268883642,0.0,0.0,0.0,0.0,0.0,0.0,0.0,0.0,0.0
0.0,503.30260573101333,1033.5134165156803,722.0243480606938,244.41438441326895,0.0,0.0,0.0,1065.4814543223777,533.918330900504,0.0,0.0,0.0,0.0,0.0,0.0,505.68941611240984,1322.5079671429698,0.0,0.0,918.2713711895219,762.632218209741,2690.9988613247046,1309.6644301826188,181.89382891064798,0.0,498.4592878081162,610.6768540122398,84.92897486913472,0.0,0.0,0.0,1223.4441860400514,687.1454255985449,0.0,0.0,0.0,0.0,0.0,0.0,590.8452856339832,1367.0737910894227,1026.648730291463,0.0,0.0,1776.521593053704,459.66656731837764,3005.490750397403,0.0,494.8526166938305,881.55154507609,932.1476479932244,355.3081862902919,0.0,0.0,0.0,819.7578120957662,460.7817954160901,0.0,0.0,0.0,0.0,0.0,0.0,1035.7052074090122,1345.9529956823708,915.0968788129323,0.0,0.0,3176.0489883590412,1794.7493915711634,1287.0214296972183,0.0,684.8909750718983,1015.1603899893925,1014.7948727755276,420.7119021002401,0.0,0.0,0.0,868.7914001471189,273.3024646663474,0.0,0.0,0.0,0.0,0.0,0.0,928.95977062984,1255.3146220044,792.386224348792,399.80594495505846,620.9443838974568,3157.741836376064,577.7699957294795,3628.7692080840975
0.0,1608.9415268860116,0.0,0.0,0.0,0.0,0.0,0.0,0.0,918.1386050958281,0.0,0.0,0.0,1784.2486773681728,0.0,1687.8430642100575,589.0682878417729,0.0,0.0,0.0,0.0,0.0,0.0,0.0,0.0,0.0,0.0,0.0,0.0,0.0,0.0,0.0,0.0,0.0,1784.2486773681724,0.0,0.0,0.0,0.0,710.4795733806081,0.0,593.4594673523746,1784.2486773681724,0.0,0.0,0.0,0.0,0.0,0.0,0.0,0.0,0.0,0.0,0.0,0.0,0.0,0.0,0.0,0.0,28.569316573632108,843.8821788657813,0.0,54.059201681379925,1784.2486773681724,865.1412950341278,0.0,0.0,0.0,0.0,0.0,0.0,0.0,1284.4937509859762,0.0,0.0,0.0,0.0,0.0,0.0,0.0,0.0,0.0,0.0,1510.8756433919045,6704.6617417065945,900.2547675239607,959.6425709378584,6280.318457333689,0.0,0.0,0.0,0.0,0.0,0.0,0.0,0.0
0.0,944.7923222278342,0.0,0.0,0.0,0.0,0.0,0.0,1.0035619038970218e-12,0.0,262.4099331367699,0.0,0.0,0.0,4605.009678342215,2529.4241385105124,4772.49625530589,0.0,0.0,0.0,0.0,3948.6177478308064,2532.790336873149,4703.543221020707,0.0,0.0,0.0,0.0,0.0,0.0,0.0,0.0,0.0,2409.72405023018,2395.965689373744,786.7728554376347,0.0,5241.611993143174,6785.9811903444215,2393.527596342215,5964.8501750731675,0.0,0.0,0.0,0.0,0.0,3362.375495347227,0.0,0.0,0.0,0.0,0.0,0.0,0.0,0.0,0.0,0.0,0.0,0.0,1748.1007368197381,0.0,620.6708846940953,2835.2587755313375,2757.0101570991706,3458.249436905663,0.0,1931.651839974754,0.0,912.2590212203082,4892.399077099433,2009.7415771502172,1293.496983356698,10693.391423914663,1543.1211183379971,347.3051271329644,0.0,0.0,0.0,0.0,0.0,0.0,0.0,0.0,3326.56476081739,0.0,0.0,4722.564671843365,2732.625127429005,4486.335370836507,0.0,0.0,0.0,0.0,770.2712386201523,0.0,0.0
0.0,0.0,0.0,0.0,0.0,0.0,0.0,0.0,0.0,0.0,0.0,0.0,0.0,0.0,0.0,0.0,0.0,0.0,0.0,0.0,0.0,0.0,0.0,0.0,0.0,0.0,0.0,0.0,0.0,0.0,0.0,0.0,0.0,0.0,0.0,0.0,0.0,0.0,0.0,0.0,0.0,0.0,0.0,0.0,0.0,0.0,0.0,0.0,0.0,0.0,0.0,0.0,0.0,0.0,0.0,0.0,0.0,0.0,0.0,0.0,0.0,0.0,0.0,0.0,0.0,0.0,0.0,0.0,0.0,0.0,0.0,0.0,0.0,0.0,0.0,0.0,0.0,0.0,0.0,0.0,0.0,0.0,0.0,0.0,0.0,0.0,0.0,0.0,0.0,0.0,0.0,0.0,0.0,0.0,0.0,0.0
0.0,0.0,0.0,0.0,0.0,0.0,0.0,0.0,0.0,0.0,0.0,0.0,0.0,0.0,0.0,0.0,0.0,0.0,0.0,1430.063489070502,1687.1591522271847,1591.128481196782,0.0,0.0,0.0,0.0,0.0,0.0,0.0,0.0,0.0,0.0,0.0,0.0,0.0,984.0829525423562,0.0,0.0,0.0,1687.1591522271847,0.0,248.90251323026723,0.0,0.0,0.0,1687.1591522271847,0.0,0.0,0.0,0.0,0.0,0.0,0.0,0.0,0.0,0.0,0.0,0.0,274.5213263722879,1046.4602455226618,0.0,0.0,0.0,0.0,431.90405063093954,1628.433146862386,0.0,0.0,0.0,0.0,0.0,0.0,0.0,0.0,0.0,0.0,0.0,0.0,0.0,0.0,0.0,472.5732962658185,0.0,889.5853439255028,0.0,0.0,0.0,0.0,465.33067731218813,1909.1546451064344,0.0,0.0,0.0,1382.522308092721,0.0,0.0
0.0,0.0,0.0,0.0,0.0,0.0,0.0,0.0,0.0,0.0,0.0,0.0,0.0,0.0,0.0,0.0,0.0,0.0,0.0,0.0,0.0,0.0,0.0,0.0,0.0,0.0,0.0,0.0,0.0,0.0,0.0,0.0,0.0,1380.6887266905057,797.6195806366178,2413.7331056789035,0.0,0.0,0.0,0.0,0.0,0.0,0.0,0.0,0.0,2143.957951679285,0.0,0.0,0.0,0.0,0.0,0.0,0.0,0.0,0.0,0.0,0.0,1272.7056104936955,1567.5957440351758,2493.2778934335806,0.0,0.0,0.0,0.0,0.0,0.0,1479.8422444051719,0.0,0.0,0.0,0.0,0.0,0.0,1263.675694701386,0.0,0.0,0.0,0.0,0.0,0.0,0.0,728.0675590954186,1520.32195137032,354.6475205216909,0.0,2404.242034599062,0.0,0.0,0.0,0.0,47.423713219052125,0.0,0.0,0.0,0.0,0.0
0.0,0.0,0.0,0.0,0.0,0.0,0.0,0.0,0.0,0.0,0.0,2.0071238077940437e-12,9754.89391551768,8117.392744147592,10226.310965906978,15631.235507202995,7417.88446585102,2405.0629571361537,0.0,0.0,0.0,0.0,0.0,0.0,0.0,0.0,0.0,0.0,0.0,0.0,0.0,0.0,0.0,0.0,0.0,0.0,8075.814093506745,6708.569861953575,8611.845595102473,14103.68097207778,6124.185373247964,973.5994667570532,0.0,0.0,0.0,0.0,0.0,0.0,0.0,0.0,0.0,0.0,0.0,0.0,0.0,0.0,0.0,0.0,0.0,0.0,8200.748163042163,6277.005550947366,8634.281175693714,14458.170460982712,6142.131654840189,1624.2322914793433,0.0,0.0,0.0,0.0,0.0,0.0,0.0,0.0,0.0,0.0,0.0,0.0,0.0,0.0,0.0,0.0,0.0,0.0,8076.8127824724725,5502.560332867944,7511.4679523738705,14478.50066336449,7032.916735203438,2843.4788251240293,0.0,0.0,0.0,0.0,0.0,0.0
0.0,0.0,0.0,0.0,0.0,0.0,0.0,0.0,0.0,0.0,0.0,0.0,0.0,0.0,0.0,0.0,0.0,0.0,0.0,0.0,0.0,0.0,0.0,0.0,0.0,0.0,0.0,0.0,0.0,0.0,0.0,0.0,0.0,0.0,0.0,0.0,0.0,0.0,0.0,0.0,0.0,0.0,0.0,0.0,0.0,0.0,0.0,0.0,0.0,0.0,0.0,0.0,0.0,0.0,0.0,0.0,0.0,0.0,0.0,0.0,0.0,0.0,0.0,0.0,0.0,0.0,0.0,0.0,0.0,0.0,0.0,0.0,0.0,0.0,0.0,0.0,0.0,0.0,0.0,0.0,0.0,0.0,0.0,0.0,0.0,0.0,0.0,0.0,0.0,0.0,0.0,0.0,0.0,0.0,0.0,0.0
0.0,0.0,0.0,0.0,0.0,0.0,0.0,0.0,0.0,0.0,0.0,0.0,0.0,0.0,0.0,0.0,0.0,0.0,0.0,0.0,0.0,0.0,0.0,0.0,0.0,0.0,0.0,0.0,0.0,0.0,0.0,0.0,0.0,0.0,0.0,0.0,0.0,0.0,0.0,0.0,0.0,0.0,0.0,0.0,0.0,0.0,0.0,0.0,0.0,0.0,0.0,0.0,0.0,0.0,0.0,0.0,0.0,0.0,0.0,0.0,0.0,0.0,0.0,0.0,0.0,0.0,0.0,0.0,0.0,0.0,0.0,0.0,0.0,0.0,0.0,0.0,0.0,0.0,0.0,0.0,0.0,0.0,0.0,0.0,0.0,0.0,0.0,0.0,0.0,0.0,0.0,0.0,0.0,0.0,0.0,0.0
0.0,0.0,0.0,0.0,0.0,0.0,0.0,0.0,0.0,0.0,0.0,0.0,0.0,0.0,0.0,0.0,0.0,0.0,0.0,0.0,0.0,0.0,0.0,0.0,0.0,0.0,0.0,0.0,0.0,0.0,0.0,0.0,0.0,0.0,0.0,0.0,0.0,0.0,0.0,0.0,0.0,0.0,0.0,0.0,0.0,0.0,0.0,0.0,0.0,0.0,0.0,0.0,0.0,0.0,0.0,0.0,0.0,0.0,0.0,0.0,0.0,0.0,0.0,0.0,0.0,0.0,0.0,0.0,0.0,0.0,0.0,0.0,0.0,0.0,0.0,0.0,0.0,0.0,0.0,0.0,0.0,0.0,0.0,0.0,0.0,0.0,0.0,0.0,0.0,0.0,0.0,0.0,0.0,0.0,0.0,0.0
0.0,0.0,0.0,0.0,0.0,0.0,0.0,0.0,0.0,0.0,0.0,0.0,0.0,0.0,0.0,0.0,0.0,0.0,0.0,0.0,0.0,0.0,0.0,0.0,0.0,0.0,0.0,0.0,0.0,0.0,0.0,0.0,0.0,0.0,0.0,0.0,0.0,0.0,0.0,0.0,0.0,0.0,0.0,0.0,0.0,0.0,0.0,0.0,0.0,0.0,0.0,0.0,0.0,0.0,0.0,0.0,0.0,0.0,0.0,0.0,0.0,0.0,0.0,0.0,0.0,0.0,0.0,0.0,0.0,0.0,0.0,0.0,0.0,0.0,0.0,0.0,0.0,0.0,0.0,0.0,0.0,0.0,0.0,0.0,0.0,0.0,0.0,0.0,0.0,0.0,0.0,0.0,0.0,0.0,0.0,0.0
0.0,0.0,0.0,0.0,0.0,0.0,0.0,0.0,0.0,0.0,0.0,0.0,0.0,0.0,0.0,0.0,0.0,0.0,0.0,0.0,0.0,0.0,0.0,0.0,0.0,0.0,0.0,0.0,0.0,0.0,0.0,0.0,0.0,0.0,0.0,0.0,0.0,0.0,0.0,0.0,0.0,0.0,0.0,0.0,0.0,0.0,0.0,0.0,0.0,0.0,0.0,0.0,0.0,0.0,0.0,0.0,0.0,0.0,0.0,0.0,0.0,0.0,0.0,0.0,0.0,0.0,0.0,0.0,0.0,0.0,0.0,0.0,0.0,0.0,0.0,0.0,0.0,0.0,0.0,0.0,0.0,0.0,0.0,0.0,0.0,0.0,0.0,0.0,0.0,0.0,0.0,0.0,0.0,0.0,0.0,0.0
0.0,0.0,0.0,0.0,0.0,0.0,0.0,0.0,0.0,0.0,0.0,0.0,0.0,0.0,0.0,0.0,0.0,0.0,0.0,0.0,0.0,0.0,0.0,0.0,0.0,0.0,0.0,0.0,0.0,0.0,0.0,0.0,0.0,0.0,0.0,0.0,0.0,0.0,0.0,0.0,0.0,0.0,0.0,0.0,0.0,0.0,0.0,0.0,0.0,0.0,0.0,0.0,0.0,0.0,0.0,0.0,0.0,0.0,0.0,0.0,0.0,0.0,0.0,0.0,0.0,0.0,0.0,0.0,0.0,0.0,0.0,0.0,0.0,0.0,0.0,0.0,0.0,0.0,0.0,0.0,0.0,0.0,0.0,0.0,0.0,0.0,0.0,0.0,0.0,0.0,0.0,0.0,0.0,0.0,0.0,0.0
0.0,0.0,0.0,0.0,0.0,0.0,0.0,0.0,0.0,0.0,0.0,0.0,0.0,0.0,0.0,0.0,0.0,0.0,0.0,0.0,0.0,0.0,0.0,0.0,0.0,0.0,0.0,0.0,0.0,0.0,0.0,0.0,0.0,0.0,0.0,0.0,0.0,0.0,0.0,0.0,0.0,0.0,0.0,0.0,0.0,0.0,0.0,0.0,0.0,0.0,0.0,0.0,0.0,0.0,0.0,0.0,0.0,0.0,0.0,0.0,0.0,0.0,0.0,0.0,0.0,0.0,0.0,0.0,0.0,0.0,0.0,0.0,0.0,0.0,0.0,0.0,0.0,0.0,0.0,0.0,0.0,0.0,0.0,0.0,0.0,0.0,0.0,0.0,0.0,0.0,0.0,0.0,0.0,0.0,0.0,0.0
0.0,0.0,0.0,0.0,0.0,0.0,0.0,0.0,0.0,0.0,0.0,0.0,0.0,0.0,0.0,0.0,0.0,0.0,0.0,0.0,0.0,0.0,0.0,0.0,0.0,0.0,0.0,0.0,0.0,0.0,0.0,0.0,0.0,0.0,0.0,0.0,0.0,0.0,0.0,0.0,0.0,0.0,0.0,0.0,0.0,0.0,0.0,0.0,0.0,0.0,0.0,0.0,0.0,0.0,0.0,0.0,0.0,0.0,0.0,0.0,0.0,0.0,0.0,0.0,0.0,0.0,0.0,0.0,0.0,0.0,0.0,0.0,0.0,0.0,0.0,0.0,0.0,0.0,0.0,0.0,0.0,0.0,0.0,0.0,0.0,0.0,0.0,0.0,0.0,0.0,0.0,0.0,0.0,0.0,0.0,0.0
7660.987323974505,3538.2295757412503,48.64287958831129,3486.352823281496,0.0,0.0,0.0,0.0,0.0,0.0,4350.35478868918,2332.8685447559624,0.0,0.0,0.0,0.0,0.0,0.0,0.0,923.5044391040952,0.0,7660.987323974505,5134.020421712958,7660.987323974505,7906.599353288446,0.0,6015.777353900989,0.0,0.0,0.0,0.0,0.0,0.0,5900.305908025449,0.0,925.9085415452619,0.0,0.0,0.0,0.0,0.0,0.0,0.0,0.0,0.0,6266.46182356817,8505.51856679777,8505.51856679777,8505.51856679777,0.0,4415.003197890761,0.0,0.0,0.0,0.0,0.0,0.0,1983.42379882659,0.0,0.0,0.0,0.0,0.0,0.0,0.0,0.0,0.0,1181.4078930798726,7973.08633168541,0.0,0.0,8505.51856679777,0.0,2509.4268063778545,0.0,0.0,730.7617994630381,0.0,0.0,0.0,0.0,0.0,0.0,0.0,0.0,0.0,0.0,0.0,0.0,0.0,0.0,0.0,0.0,4455.235856565802,0.0,8505.51856679777
752.9521374371816,0.0,0.0,700.42059296482,0.0,0.0,0.0,0.0,0.0,752.9521374371816,0.0,0.0,0.0,0.0,0.0,0.0,0.0,0.0,0.0,0.0,0.0,752.9521374371816,0.0,752.9521374371816,0.0,0.0,514.0414905486742,0.0,0.0,0.0,0.0,0.0,0.0,0.0,0.0,0.0,0.0,0.0,0.0,0.0,0.0,0.0,0.0,0.0,0.0,550.2616873203343,752.9521374371816,752.9521374371816,752.9521374371816,377.25711759416356,0.0,0.0,0.0,0.0,0.0,0.0,0.0,0.0,0.0,0.0,0.0,0.0,0.0,0.0,0.0,0.0,0.0,3.1241955022910908,0.0,752.9521374371816,0.0,752.9521374371816,0.0,0.0,0.0,0.0,752.9521374371816,0.0,0.0,752.9521374371816,0.0,0.0,631.4004429697508,0.0,0.0,0.0,0.0,0.0,0.0,76.34047463237371,0.0,619.630976900049,0.0,752.9521374371816,0.0,752.9521374371816
0.0,0.0,0.0,0.0,0.0,0.0,0.0,0.0,0.0,0.0,0.0,0.0,0.0,0.0,0.0,0.0,0.0,0.0,702.2924142749638,934.5206374694668,1203.9397177367562,962.8671517862787,1813.360183788206,1892.7841591063022,0.0,0.0,0.0,0.0,0.0,0.0,0.0,0.0,0.0,0.0,0.0,0.0,0.0,0.0,0.0,0.0,0.0,0.0,1198.4767691873565,977.3928259992985,1254.8676976111904,976.9481702160996,1873.130843087954,1945.4304116824524,0.0,0.0,94.67051691274528,448.61167991916034,601.6907208160679,0.0,0.0,0.0,0.0,505.07767232697387,553.7977548875123,0.0,0.0,0.0,0.0,0.0,0.0,18.28297038044843,0.0,2946.720534014966,2245.0818964078285,1215.7717670106233,1718.1104195760618,1410.6073041418217,0.0,193.3483520316174,190.50137209158302,501.2698582772532,620.5517328581622,0.0,0.0,0.0,0.0,307.1103321156115,407.2268526748219,0.0,0.0,0.0,0.0,0.0,0.0,559.9546596049397,521.0697926971925,1937.46181025614,3708.6324165425162,2061.1917887117675,0.0,2573.381518212685
0.0,111.07234105377263,1548.6938704515017,0.0,0.0,0.0,0.0,0.0,0.0,0.0,0.0,0.0,0.0,0.0,0.0,0.0,0.0,0.0,0.0,0.0,1784.2486773681724,0.0,1583.9859127745324,1611.0640443731274,0.0,782.9870177248879,0.0,435.1220811424432,0.0,0.0,0.0,0.0,0.0,0.0,669.0710255335616,0.0,0.0,0.0,0.0,0.0,0.0,0.0,0.0,0.0,1535.1963517449,1392.2035190060542,1161.451216434439,783.5853082839346,0.0,893.9751673807731,1784.2486773681724,0.0,0.0,0.0,0.0,0.0,0.0,310.0729725907237,0.0,0.0,0.0,0.0,0.0,0.0,0.0,0.0,0.0,0.0,7.403314786748533,1784.2486773681724,1784.2486773681724,0.0,0.0,2869.694635399901,2363.5257678092785,0.0,0.0,0.0,0.0,0.0,5236.046779609764,0.0,0.0,0.0,0.0,0.0,0.0,0.0,0.0,0.0,0.0,0.0,906.9438180177481,2039.485879463071,6704.6617417065945,6704.6617417065945
5975.1489380830635,0.0,8368.62105311552,0.426368945906244,0.0,0.0,0.0,0.0,642.458462245652,790.3455301957918,536.5535457736278,747.7199775157062,963.7273214772032,401.47639421358485,0.0,0.0,0.0,1021.0722659690734,1714.4295087776786,3169.219239690902,3677.6986149576487,4995.659764501648,4338.001408321036,4438.210508802063,9527.351841687185,7875.846533601812,10693.391423914663,0.0,0.0,0.0,0.0,0.0,10693.391423914663,1127.1508402308352,2871.57668370891,1286.902247629337,1037.3686584724112,1026.7916795280833,0.0,0.0,0.0,1442.612398050003,2438.691900298021,3716.3905238792436,4612.319565838903,5576.0983599959845,5125.4932409263,4798.035652003927,0.0,0.0,2055.018378670117,3725.097072145345,0.0,0.0,0.0,0.0,0.0,112.77861494637354,21.98542446199707,199.06594041214603,436.21694669145745,0.0,0.0,0.0,0.0,0.0,1000.8326528339245,4539.344944627098,3614.122495054389,3955.978045428061,5943.827092308148,4066.3565730102355,7423.668116980734,4242.049979289858,0.0,4393.841247603974,0.0,0.0,0.0,0.0,0.0,0.0,1512.2615908616951,2016.1084820386625,0.0,0.0,0.0,0.0,0.0,0.0,69.10261761251134,0.0,6460.369028766908,10507.830888392535,0.0,0.0
0.0,0.0,0.0,0.0,0.0,0.0,0.0,0.0,0.0,0.0,0.0,0.0,0.0,0.0,0.0,0.0,0.0,0.0,0.0,0.0,0.0,0.0,0.0,0.0,0.0,0.0,0.0,0.0,0.0,0.0,0.0,0.0,0.0,0.0,0.0,0.0,0.0,0.0,0.0,0.0,0.0,0.0,0.0,0.0,0.0,0.0,0.0,0.0,0.0,0.0,0.0,0.0,0.0,0.0,0.0,0.0,0.0,0.0,0.0,0.0,0.0,0.0,0.0,0.0,0.0,0.0,0.0,0.0,0.0,0.0,0.0,0.0,0.0,0.0,0.0,0.0,0.0,0.0,0.0,0.0,0.0,0.0,0.0,0.0,0.0,0.0,0.0,0.0,0.0,0.0,0.0,0.0,0.0,0.0,0.0,0.0
0.0,1569.450374164822,0.0,0.0,0.0,0.0,0.0,0.0,0.0,0.0,171.03296831430453,199.03404792524077,0.0,0.0,0.0,0.0,0.0,0.0,0.0,836.0736576010959,252.604014719619,1687.1591522271847,922.0168986953381,1010.4973992512311,0.0,1151.825942556748,0.0,0.0,0.0,0.0,0.0,0.0,0.0,0.0,0.0,1687.1591522271847,0.0,0.0,0.0,0.0,0.0,0.0,0.0,0.0,1687.1591522271847,1687.1591522271847,0.0,0.0,0.0,845.3296923470681,0.0,0.0,0.0,0.0,0.0,0.0,0.0,0.0,0.0,0.0,0.0,0.0,0.0,0.0,0.0,0.0,0.0,0.0,529.015388414426,1165.144228746664,1687.1591522271847,0.0,2632.3001644586484,1499.591803078332,0.0,0.0,0.0,0.0,0.0,0.0,0.0,556.5883926261996,0.0,0.0,0.0,0.0,0.0,0.0,0.0,0.0,0.0,668.5603524906937,2632.3001644586484,0.0,1818.305753753323,0.0
0.0,0.0,0.0,0.0,0.0,0.0,0.0,0.0,0.0,0.0,0.0,0.0,0.0,0.0,0.0,0.0,0.0,0.0,0.0,0.0,0.0,0.0,0.0,0.0,0.0,2245.33312156177,0.0,0.0,0.0,0.0,0.0,0.0,0.0,0.0,0.0,0.0,0.0,0.0,0.0,0.0,0.0,0.0,0.0,723.2618123243834,0.0,1360.9636865791376,0.0,2148.994251555393,2493.2778934335806,1721.8541609418296,0.0,0.0,0.0,0.0,0.0,0.0,0.0,0.0,0.0,0.0,0.0,0.0,0.0,0.0,0.0,0.0,0.0,0.0,0.0,2123.6576777503556,2493.2778934335806,2493.2778934335806,473.17361572266685,1263.6756947013857,0.0,0.0,0.0,0.0,0.0,0.0,0.0,0.0,0.0,0.0,0.0,0.0,342.2712374118731,0.0,0.0,219.58154301451404,0.0,2493.2778934335806,2493.2778934335806,769.969906213382,0.0,0.0
0.0,6876.4055271824245,8315.531702158203,0.0,0.0,0.0,0.0,0.0,0.0,12261.206858454863,0.0,0.0,0.0,0.0,0.0,0.0,0.0,0.0,0.0,0.0,6417.270482266907,3196.8669219067137,11696.687448622479,16331.332521541177,2154.9418723402123,6028.743193124699,2690.185817500938,2430.494830035749,0.0,0.0,0.0,0.0,0.0,5024.060667347727,3429.2741795247066,0.0,0.0,0.0,0.0,0.0,0.0,0.0,0.0,1663.2948268283833,5958.276175284856,2445.829508901422,9161.239012420172,16331.332521541177,4090.839021843377,8840.648580614872,3544.005517012335,0.0,0.0,0.0,0.0,0.0,0.0,10312.913467083092,4416.59528524148,1993.7994936963562,0.0,0.0,0.0,0.0,0.0,0.0,0.0,0.0,2461.0648022170412,10244.570996545142,14903.683269504818,17727.250228718476,0.0,18808.042286039556,1213.2292845098227,5460.275991026191,0.0,0.0,0.0,0.0,0.0,16926.181609768482,9611.169299761676,3303.5179641020686,6443.758572704972,0.0,0.0,0.0,0.0,0.0,0.0,0.0,0.0,0.0,16273.412398392842,20083.177434732155
0.0,0.0,0.0,0.0,0.0,0.0,0.0,0.0,0.0,0.0,0.0,0.0,0.0,0.0,0.0,0.0,0.0,0.0,0.0,0.0,0.0,0.0,0.0,0.0,0.0,0.0,0.0,0.0,0.0,0.0,0.0,0.0,0.0,0.0,0.0,0.0,0.0,0.0,0.0,0.0,0.0,0.0,0.0,0.0,0.0,0.0,0.0,0.0,0.0,0.0,0.0,0.0,0.0,0.0,0.0,0.0,0.0,0.0,0.0,0.0,0.0,0.0,0.0,0.0,0.0,0.0,0.0,0.0,0.0,0.0,0.0,0.0,0.0,0.0,0.0,0.0,0.0,0.0,0.0,0.0,0.0,0.0,0.0,0.0,0.0,0.0,0.0,0.0,0.0,0.0,0.0,0.0,0.0,0.0,0.0,0.0
0.0,0.0,0.0,0.0,0.0,0.0,0.0,0.0,0.0,0.0,0.0,0.0,0.0,0.0,0.0,0.0,0.0,0.0,0.0,0.0,0.0,0.0,0.0,0.0,0.0,0.0,0.0,0.0,0.0,0.0,0.0,0.0,0.0,0.0,0.0,0.0,0.0,0.0,0.0,0.0,0.0,0.0,0.0,0.0,0.0,0.0,0.0,0.0,0.0,0.0,0.0,0.0,0.0,0.0,0.0,0.0,0.0,0.0,0.0,0.0,0.0,0.0,0.0,0.0,0.0,0.0,0.0,0.0,0.0,0.0,0.0,0.0,0.0,0.0,0.0,0.0,0.0,0.0,0.0,0.0,0.0,0.0,0.0,0.0,0.0,0.0,0.0,0.0,0.0,0.0,0.0,0.0,0.0,0.0,0.0,0.0
0.0,0.0,0.0,0.0,0.0,0.0,0.0,0.0,0.0,0.0,0.0,0.0,0.0,0.0,0.0,0.0,0.0,0.0,0.0,0.0,0.0,0.0,0.0,0.0,0.0,0.0,0.0,0.0,0.0,0.0,0.0,0.0,0.0,0.0,0.0,0.0,0.0,0.0,0.0,0.0,0.0,0.0,0.0,0.0,0.0,0.0,0.0,0.0,0.0,0.0,0.0,0.0,0.0,0.0,0.0,0.0,0.0,0.0,0.0,0.0,0.0,0.0,0.0,0.0,0.0,0.0,0.0,0.0,0.0,0.0,0.0,0.0,0.0,0.0,0.0,0.0,0.0,0.0,0.0,0.0,0.0,0.0,0.0,0.0,0.0,0.0,0.0,0.0,0.0,0.0,0.0,0.0,0.0,0.0,0.0,0.0
0.0,0.0,0.0,0.0,0.0,0.0,0.0,0.0,0.0,0.0,0.0,0.0,0.0,0.0,0.0,0.0,0.0,0.0,0.0,0.0,0.0,0.0,0.0,0.0,0.0,0.0,0.0,0.0,0.0,0.0,0.0,0.0,0.0,0.0,0.0,0.0,0.0,0.0,0.0,0.0,0.0,0.0,0.0,0.0,0.0,0.0,0.0,0.0,0.0,0.0,0.0,0.0,0.0,0.0,0.0,0.0,0.0,0.0,0.0,0.0,0.0,0.0,0.0,0.0,0.0,0.0,0.0,0.0,0.0,0.0,0.0,0.0,0.0,0.0,0.0,0.0,0.0,0.0,0.0,0.0,0.0,0.0,0.0,0.0,0.0,0.0,0.0,0.0,0.0,0.0,0.0,0.0,0.0,0.0,0.0,0.0
0.0,0.0,0.0,0.0,0.0,0.0,0.0,0.0,0.0,0.0,0.0,0.0,0.0,0.0,0.0,0.0,0.0,0.0,0.0,0.0,0.0,0.0,0.0,0.0,0.0,0.0,0.0,0.0,0.0,0.0,0.0,0.0,0.0,0.0,0.0,0.0,0.0,0.0,0.0,0.0,0.0,0.0,0.0,0.0,0.0,0.0,0.0,0.0,0.0,0.0,0.0,0.0,0.0,0.0,0.0,0.0,0.0,0.0,0.0,0.0,0.0,0.0,0.0,0.0,0.0,0.0,0.0,0.0,0.0,0.0,0.0,0.0,0.0,0.0,0.0,0.0,0.0,0.0,0.0,0.0,0.0,0.0,0.0,0.0,0.0,0.0,0.0,0.0,0.0,0.0,0.0,0.0,0.0,0.0,0.0,0.0
0.0,0.0,0.0,0.0,0.0,0.0,0.0,0.0,0.0,0.0,0.0,0.0,0.0,0.0,0.0,0.0,0.0,0.0,0.0,0.0,0.0,0.0,0.0,0.0,0.0,0.0,0.0,0.0,0.0,0.0,0.0,0.0,0.0,0.0,0.0,0.0,0.0,0.0,0.0,0.0,0.0,0.0,0.0,0.0,0.0,0.0,0.0,0.0,0.0,0.0,0.0,0.0,0.0,0.0,0.0,0.0,0.0,0.0,0.0,0.0,0.0,0.0,0.0,0.0,0.0,0.0,0.0,0.0,0.0,0.0,0.0,0.0,0.0,0.0,0.0,0.0,0.0,0.0,0.0,0.0,0.0,0.0,0.0,0.0,0.0,0.0,0.0,0.0,0.0,0.0,0.0,0.0,0.0,0.0,0.0,0.0
0.0,0.0,0.0,0.0,0.0,0.0,0.0,0.0,0.0,0.0,0.0,0.0,0.0,0.0,0.0,0.0,0.0,0.0,0.0,0.0,0.0,0.0,0.0,0.0,0.0,0.0,0.0,0.0,0.0,0.0,0.0,0.0,0.0,0.0,0.0,0.0,0.0,0.0,0.0,0.0,0.0,0.0,0.0,0.0,0.0,0.0,0.0,0.0,0.0,0.0,0.0,0.0,0.0,0.0,0.0,0.0,0.0,0.0,0.0,0.0,0.0,0.0,0.0,0.0,0.0,0.0,0.0,0.0,0.0,0.0,0.0,0.0,0.0,0.0,0.0,0.0,0.0,0.0,0.0,0.0,0.0,0.0,0.0,0.0,0.0,0.0,0.0,0.0,0.0,0.0,0.0,0.0,0.0,0.0,0.0,0.0
0.0,0.0,0.0,0.0,0.0,0.0,0.0,0.0,0.0,0.0,0.0,0.0,0.0,0.0,0.0,0.0,0.0,0.0,0.0,0.0,0.0,0.0,0.0,0.0,0.0,0.0,0.0,0.0,0.0,0.0,0.0,0.0,0.0,0.0,0.0,0.0,0.0,0.0,0.0,0.0,0.0,0.0,0.0,0.0,0.0,0.0,0.0,0.0,0.0,0.0,0.0,0.0,0.0,0.0,0.0,0.0,0.0,0.0,0.0,0.0,0.0,0.0,0.0,0.0,0.0,0.0,0.0,0.0,0.0,0.0,0.0,0.0,0.0,0.0,0.0,0.0,0.0,0.0,0.0,0.0,0.0,0.0,0.0,0.0,0.0,0.0,0.0,0.0,0.0,0.0,0.0,0.0,0.0,0.0,0.0,0.0
0.0,0.0,0.0,0.0,0.0,0.0,0.0,0.0,0.0,0.0,0.0,0.0,0.0,0.0,0.0,0.0,0.0,0.0,0.0,0.0,0.0,0.0,0.0,0.0,0.0,0.0,0.0,0.0,0.0,0.0,0.0,5926.141636763366,5792.183525328926,1211.9451744240419,2118.8172725068453,0.0,0.0,0.0,0.0,0.0,1176.9799112413018,2476.2888559148405,2658.4491918080757,0.0,0.0,0.0,0.0,0.0,0.0,0.0,0.0,0.0,0.0,0.0,0.0,0.0,0.0,0.0,0.0,0.0,0.0,0.0,0.0,0.0,0.0,0.0,0.0,0.0,0.0,0.0,0.0,0.0,0.0,0.0,0.0,0.0,0.0,0.0,0.0,0.0,1969.4357931805312,4774.16305231037,2874.055439342536,929.1229851388077,0.0,0.0,0.0,0.0,1287.111952406422,4704.300602648099,0.0,0.0,0.0,0.0,0.0,0.0
0.0,0.0,0.0,0.0,0.0,0.0,0.0,0.0,0.0,752.9521374371816,0.0,752.9521374371816,0.0,0.0,0.0,0.0,542.8259595477352,752.9521374371816,0.0,0.0,0.0,0.0,0.0,0.0,0.0,0.0,0.0,0.0,0.0,0.0,0.0,0.0,752.9521374371816,752.9521374371816,311.35104043182736,0.0,0.0,0.0,0.0,0.0,752.9521374371816,0.0,0.0,0.0,0.0,0.0,0.0,0.0,0.0,0.0,0.0,0.0,0.0,0.0,0.0,0.0,752.9521374371816,752.9521374371816,380.38131309645496,0.0,0.0,0.0,0.0,0.0,0.0,0.0,0.0,0.0,0.0,0.0,0.0,0.0,0.0,0.0,0.0,0.0,0.0,0.0,0.0,0.0,0.0,752.9521374371816,0.0,0.0,0.0,0.0,0.0,0.0,0.0,631.4004429697503,0.0,0.0,0.0,0.0,0.0,0.0
0.0,0.0,0.0,0.0,314.0920238139545,0.0,0.0,0.0,0.0,0.0,0.0,0.0,0.0,0.0,0.0,0.0,0.0,0.0,0.0,0.0,0.0,0.0,0.0,46.43138560743145,0.0,0.0,0.0,0.0,138.05675568351512,0.0,0.0,0.0,0.0,0.0,0.0,0.0,0.0,0.0,0.0,0.0,0.0,0.0,292.3314275057184,0.0,0.0,0.0,1896.9003275528157,2533.811872970454,0.0,0.0,0.0,0.0,840.5275257479992,0.0,0.0,0.0,0.0,0.0,0.0,0.0,0.0,0.0,0.0,0.0,0.0,0.0,0.0,0.0,0.0,0.0,1077.5424323016682,1369.0949025018929,0.0,0.0,65.47671590264102,40.24132078473824,898.2619594629828,0.0,0.0,0.0,0.0,0.0,0.0,0.0,0.0,0.0,0.0,0.0,0.0,0.0,0.0,0.0,0.0,0.0,3597.0418439882833,3987.538792095225
0.0,0.0,0.0,0.0,0.0,0.0,0.0,0.0,0.0,0.0,0.0,0.0,0.0,0.0,0.0,0.0,0.0,0.0,0.0,0.0,0.0,0.0,0.0,0.0,0.0,0.0,0.0,0.0,0.0,0.0,0.0,0.0,0.0,1784.2486773681724,628.2022114476367,0.0,0.0,0.0,0.0,0.0,0.0,0.0,0.0,0.0,0.0,0.0,0.0,0.0,0.0,0.0,0.0,0.0,0.0,0.0,0.0,0.0,842.0010503717338,700.4781683070408,0.0,0.0,0.0,0.0,0.0,0.0,0.0,0.0,0.0,0.0,0.0,0.0,0.0,0.0,0.0,0.0,0.0,0.0,0.0,0.0,0.0,0.0,0.0,2140.236318602645,3523.172831238332,3086.603097914937,1756.9998178319506,2699.8877094378095,3746.078943982433,3333.8380388404826,1302.1568262545977,0.0,0.0,0.0,0.0,0.0,0.0,0.0
0.0,0.0,0.0,0.0,0.0,0.0,0.0,0.0,0.0,0.0,0.0,0.0,0.0,0.0,0.0,0.0,0.0,0.0,0.0,0.0,0.0,0.0,0.0,0.0,0.0,0.0,0.0,0.0,0.0,0.0,0.0,0.0,0.0,2315.670081745287,0.0,0.0,0.0,0.0,0.0,0.0,0.0,0.0,0.0,0.0,0.0,0.0,0.0,0.0,0.0,0.0,0.0,0.0,0.0,0.0,0.0,0.0,1518.9996650854855,1342.3007687752981,0.0,0.0,0.0,0.0,0.0,0.0,0.0,0.0,0.0,0.0,0.0,0.0,0.0,0.0,0.0,0.0,0.0,0.0,0.0,0.0,0.0,2121.8865353741144,4847.999019457773,5284.236114436789,6541.398036222549,1402.5204744924379,0.0,0.0,0.0,0.0,4350.767974879955,0.0,0.0,0.0,0.0,0.0,0.0,0.0
0.0,0.0,0.0,0.0,0.0,0.0,0.0,0.0,0.0,0.0,0.0,0.0,0.0,0.0,0.0,0.0,0.0,0.0,0.0,0.0,0.0,0.0,0.0,0.0,0.0,0.0,0.0,0.0,0.0,0.0,0.0,0.0,0.0,0.0,0.0,0.0,0.0,0.0,0.0,0.0,0.0,0.0,0.0,0.0,0.0,0.0,0.0,0.0,0.0,0.0,0.0,0.0,0.0,0.0,0.0,0.0,0.0,0.0,0.0,0.0,0.0,0.0,0.0,0.0,0.0,0.0,0.0,0.0,0.0,0.0,0.0,0.0,0.0,0.0,0.0,0.0,0.0,0.0,0.0,0.0,0.0,0.0,0.0,0.0,0.0,0.0,0.0,0.0,0.0,0.0,0.0,0.0,0.0,0.0,0.0,0.0
0.0,0.0,0.0,0.0,0.0,0.0,0.0,0.0,0.0,0.0,0.0,0.0,0.0,0.0,0.0,0.0,0.0,0.0,0.0,0.0,0.0,0.0,0.0,0.0,0.0,0.0,0.0,0.0,0.0,0.0,0.0,0.0,554.5560869112489,0.0,0.0,0.0,0.0,0.0,0.0,0.0,0.0,0.0,0.0,0.0,0.0,0.0,0.0,0.0,0.0,0.0,0.0,0.0,0.0,0.0,0.0,0.0,274.65408424870566,0.0,0.0,0.0,0.0,0.0,0.0,0.0,0.0,0.0,0.0,0.0,0.0,0.0,0.0,0.0,0.0,0.0,0.0,0.0,0.0,0.0,0.0,2078.7392538517665,2632.3001644586484,0.0,0.0,651.9376041309303,0.0,0.0,0.0,0.0,1354.8768849387193,2138.7886666817717,0.0,0.0,0.0,0.0,0.0,0.0
0.0,0.0,0.0,0.0,0.0,0.0,0.0,0.0,0.0,0.0,0.0,0.0,0.0,0.0,0.0,0.0,0.0,0.0,0.0,0.0,0.0,0.0,0.0,0.0,0.0,0.0,0.0,0.0,0.0,0.0,0.0,0.0,0.0,0.0,0.0,0.0,0.0,0.0,0.0,0.0,0.0,0.0,0.0,0.0,0.0,0.0,0.0,0.0,0.0,0.0,0.0,0.0,0.0,0.0,0.0,0.0,0.0,0.0,0.0,0.0,0.0,0.0,0.0,0.0,0.0,0.0,0.0,0.0,0.0,0.0,0.0,0.0,0.0,0.0,0.0,0.0,0.0,0.0,0.0,0.0,2493.2778934335806,2493.2778934335806,0.0,1331.822686639769,0.0,0.0,0.0,0.0,0.0,1346.1978545310612,0.0,0.0,0.0,0.0,0.0,0.0
0.0,0.0,0.0,0.0,0.0,0.0,0.0,4.91884641304991e-12,0.0,16331.332521541177,16331.332521541177,0.0,16331.332521541177,0.0,0.0,0.0,16331.332521541177,16331.332521541177,0.0,0.0,0.0,0.0,0.0,0.0,0.0,0.0,0.0,0.0,0.0,0.0,0.0,0.0,16331.332521541177,0.0,0.0,0.0,16331.332521541177,14220.409195067761,0.0,16331.332521541177,16331.332521541177,14614.016556029395,0.0,0.0,0.0,0.0,0.0,0.0,0.0,0.0,0.0,0.0,0.0,0.0,0.0,0.0,8306.04703675745,0.0,20848.533147078782,0.0,20848.533147078782,14932.495714750905,0.0,0.0,20848.533147078782,0.0,0.0,0.0,0.0,0.0,0.0,0.0,0.0,0.0,0.0,0.0,0.0,0.0,0.0,0.0,9233.222667756705,0.0,18955.708034080482,4698.155126369175,0.0,0.0,20848.533147078782,20848.533147078782,20848.533147078782,11436.549604784308,0.0,0.0,0.0,0.0,0.0,0.0
0.0,0.0,0.0,0.0,0.0,0.0,0.0,0.0,0.0,0.0,0.0,0.0,0.0,0.0,0.0,0.0,0.0,0.0,0.0,0.0,0.0,0.0,0.0,0.0,0.0,0.0,0.0,0.0,0.0,0.0,0.0,0.0,0.0,0.0,0.0,0.0,0.0,0.0,0.0,0.0,0.0,0.0,0.0,0.0,0.0,0.0,0.0,0.0,0.0,0.0,0.0,0.0,0.0,0.0,0.0,0.0,0.0,0.0,0.0,0.0,0.0,0.0,0.0,0.0,0.0,0.0,0.0,0.0,0.0,0.0,0.0,0.0,0.0,0.0,0.0,0.0,0.0,0.0,0.0,0.0,0.0,0.0,0.0,0.0,0.0,0.0,0.0,0.0,0.0,0.0,0.0,0.0,0.0,0.0,0.0,0.0
0.0,0.0,0.0,0.0,0.0,0.0,0.0,0.0,0.0,0.0,0.0,0.0,0.0,0.0,0.0,0.0,0.0,0.0,0.0,0.0,0.0,0.0,0.0,0.0,0.0,0.0,0.0,0.0,0.0,0.0,0.0,0.0,0.0,0.0,0.0,0.0,0.0,0.0,0.0,0.0,0.0,0.0,0.0,0.0,0.0,0.0,0.0,0.0,0.0,0.0,0.0,0.0,0.0,0.0,0.0,0.0,0.0,0.0,0.0,0.0,0.0,0.0,0.0,0.0,0.0,0.0,0.0,0.0,0.0,0.0,0.0,0.0,0.0,0.0,0.0,0.0,0.0,0.0,0.0,0.0,0.0,0.0,0.0,0.0,0.0,0.0,0.0,0.0,0.0,0.0,0.0,0.0,0.0,0.0,0.0,0.0
0.0,0.0,0.0,0.0,0.0,0.0,0.0,0.0,0.0,0.0,0.0,0.0,0.0,0.0,0.0,0.0,0.0,0.0,0.0,0.0,0.0,0.0,0.0,0.0,0.0,0.0,0.0,0.0,0.0,0.0,0.0,0.0,0.0,0.0,0.0,0.0,0.0,0.0,0.0,0.0,0.0,0.0,0.0,0.0,0.0,0.0,0.0,0.0,0.0,0.0,0.0,0.0,0.0,0.0,0.0,0.0,0.0,0.0,0.0,0.0,0.0,0.0,0.0,0.0,0.0,0.0,0.0,0.0,0.0,0.0,0.0,0.0,0.0,0.0,0.0,0.0,0.0,0.0,0.0,0.0,0.0,0.0,0.0,0.0,0.0,0.0,0.0,0.0,0.0,0.0,0.0,0.0,0.0,0.0,0.0,0.0
0.0,0.0,0.0,0.0,0.0,0.0,0.0,0.0,0.0,0.0,0.0,0.0,0.0,0.0,0.0,0.0,0.0,0.0,0.0,0.0,0.0,0.0,0.0,0.0,0.0,0.0,0.0,0.0,0.0,0.0,0.0,0.0,0.0,0.0,0.0,0.0,0.0,0.0,0.0,0.0,0.0,0.0,0.0,0.0,0.0,0.0,0.0,0.0,0.0,0.0,0.0,0.0,0.0,0.0,0.0,0.0,0.0,0.0,0.0,0.0,0.0,0.0,0.0,0.0,0.0,0.0,0.0,0.0,0.0,0.0,0.0,0.0,0.0,0.0,0.0,0.0,0.0,0.0,0.0,0.0,0.0,0.0,0.0,0.0,0.0,0.0,0.0,0.0,0.0,0.0,0.0,0.0,0.0,0.0,0.0,0.0
0.0,0.0,0.0,0.0,0.0,0.0,0.0,0.0,0.0,0.0,0.0,0.0,0.0,0.0,0.0,0.0,0.0,0.0,0.0,0.0,0.0,0.0,0.0,0.0,0.0,0.0,0.0,0.0,0.0,0.0,0.0,0.0,0.0,0.0,0.0,0.0,0.0,0.0,0.0,0.0,0.0,0.0,0.0,0.0,0.0,0.0,0.0,0.0,0.0,0.0,0.0,0.0,0.0,0.0,0.0,0.0,0.0,0.0,0.0,0.0,0.0,0.0,0.0,0.0,0.0,0.0,0.0,0.0,0.0,0.0,0.0,0.0,0.0,0.0,0.0,0.0,0.0,0.0,0.0,0.0,0.0,0.0,0.0,0.0,0.0,0.0,0.0,0.0,0.0,0.0,0.0,0.0,0.0,0.0,0.0,0.0
0.0,0.0,0.0,0.0,0.0,0.0,0.0,0.0,0.0,0.0,0.0,0.0,0.0,0.0,0.0,0.0,0.0,0.0,0.0,0.0,0.0,0.0,0.0,0.0,0.0,0.0,0.0,0.0,0.0,0.0,0.0,0.0,0.0,0.0,0.0,0.0,0.0,0.0,0.0,0.0,0.0,0.0,0.0,0.0,0.0,0.0,0.0,0.0,0.0,0.0,0.0,0.0,0.0,0.0,0.0,0.0,0.0,0.0,0.0,0.0,0.0,0.0,0.0,0.0,0.0,0.0,0.0,0.0,0.0,0.0,0.0,0.0,0.0,0.0,0.0,0.0,0.0,0.0,0.0,0.0,0.0,0.0,0.0,0.0,0.0,0.0,0.0,0.0,0.0,0.0,0.0,0.0,0.0,0.0,0.0,0.0
0.0,0.0,0.0,0.0,0.0,0.0,0.0,0.0,0.0,0.0,0.0,0.0,0.0,0.0,0.0,0.0,0.0,0.0,0.0,0.0,0.0,0.0,0.0,0.0,0.0,0.0,0.0,0.0,0.0,0.0,0.0,0.0,0.0,0.0,0.0,0.0,0.0,0.0,0.0,0.0,0.0,0.0,0.0,0.0,0.0,0.0,0.0,0.0,0.0,0.0,0.0,0.0,0.0,0.0,0.0,0.0,0.0,0.0,0.0,0.0,0.0,0.0,0.0,0.0,0.0,0.0,0.0,0.0,0.0,0.0,0.0,0.0,0.0,0.0,0.0,0.0,0.0,0.0,0.0,0.0,0.0,0.0,0.0,0.0,0.0,0.0,0.0,0.0,0.0,0.0,0.0,0.0,0.0,0.0,0.0,0.0
0.0,0.0,0.0,0.0,0.0,0.0,0.0,0.0,0.0,0.0,0.0,0.0,0.0,0.0,0.0,0.0,0.0,0.0,0.0,0.0,0.0,0.0,0.0,0.0,0.0,0.0,0.0,0.0,0.0,0.0,0.0,0.0,0.0,0.0,0.0,0.0,0.0,0.0,0.0,0.0,0.0,0.0,0.0,0.0,0.0,0.0,0.0,0.0,0.0,0.0,0.0,0.0,0.0,0.0,0.0,0.0,0.0,0.0,0.0,0.0,0.0,0.0,0.0,0.0,0.0,0.0,0.0,0.0,0.0,0.0,0.0,0.0,0.0,0.0,0.0,0.0,0.0,0.0,0.0,0.0,0.0,0.0,0.0,0.0,0.0,0.0,0.0,0.0,0.0,0.0,0.0,0.0,0.0,0.0,0.0,0.0
0.0,0.0,0.0,0.0,358.1711090332428,3500.3732309690226,-2.965106343648357e-12,0.0,0.0,0.0,0.0,7660.987323974505,0.0,0.0,0.0,0.0,5997.939411687914,0.0,3683.105323118343,4670.6970327307245,0.0,6760.47871809429,6265.218434822708,0.0,0.0,0.0,0.0,0.0,0.0,0.0,8505.51856679777,8505.51856679777,8505.51856679777,0.0,0.0,104.91424024747856,0.0,0.0,0.0,1210.8556234101131,2631.415741329093,0.0,0.0,0.0,0.0,0.0,0.0,8505.51856679777,0.0,4817.600792096868,2801.2853401740867,0.0,0.0,8505.51856679777,0.0,0.0,0.0,3340.1023405406136,0.0,0.0,0.0,6972.415170648859,8505.51856679777,0.0,8505.51856679777,2994.641745259789,8505.51856679777,0.0,0.0,8505.51856679777,4858.306580523036,4296.187644242247,0.0,8505.51856679777,0.0,0.0,8505.51856679777,0.0,0.0,8505.51856679777,8505.51856679777,8505.51856679777,8505.51856679777,8505.51856679777,8505.51856679777,8505.51856679777,8505.51856679777,8505.51856679777,8505.51856679777,8505.51856679777,8505.51856679777,8505.51856679777,0.0,2680.2523504018864,0.0,5579.71935581478
0.0,0.0,0.0,0.0,0.0,0.0,0.0,0.0,752.9521374371816,752.9521374371816,752.9521374371816,752.9521374371816,752.9521374371816,265.1010500116836,752.9521374371816,0.0,0.0,0.0,0.0,0.0,0.0,0.0,0.0,317.6325944840465,0.0,0.0,336.9650500202306,752.9521374371816,0.0,752.9521374371816,0.0,193.89049985085683,752.9521374371816,752.9521374371816,752.9521374371816,0.0,483.95210960322703,0.0,0.0,0.0,0.0,0.0,752.9521374371816,0.0,0.0,752.9521374371816,550.2616873203347,752.9521374371816,0.0,0.0,0.0,0.0,0.0,0.0,752.9521374371816,265.10105001168495,752.9521374371816,265.10105001168483,0.0,0.0,752.9521374371816,752.9521374371816,752.9521374371816,752.9521374371816,752.9521374371816,0.0,752.9521374371816,0.0,0.0,0.0,0.0,0.0,0.0,0.0,752.9521374371816,752.9521374371816,0.0,752.9521374371816,0.0,752.9521374371816,752.9521374371816,752.9521374371816,752.9521374371816,752.9521374371816,752.9521374371816,752.9521374371816,752.9521374371816,752.9521374371816,752.9521374371816,752.9521374371816,0.0,0.0,0.0,0.0,354.5299268883635,752.9521374371816
0.0,0.0,0.0,0.0,2414.6047473966487,1719.0464859303652,1224.6572877971123,783.3979119695742,0.0,0.0,284.8797646346207,0.0,0.0,0.0,0.0,0.0,0.0,0.0,0.0,82.47618375650936,850.8062670704402,1592.5782895820619,2196.3251673294803,2623.8773782452586,2743.6185382468575,0.0,0.0,1604.6084674579256,0.0,0.0,0.0,1466.2049520815376,0.0,151.8205346378763,34.84732395326065,77.52070754118313,153.62362204821397,0.0,0.0,0.0,0.0,0.0,0.0,0.0,904.6934283110216,1807.7370910854265,2442.2811273144616,2891.6427979294176,982.0048185977612,0.0,0.0,0.0,0.0,0.0,4188.920725030569,0.0,2986.8242836315153,0.0,0.0,0.0,0.0,0.0,0.0,0.0,0.0,0.0,0.0,0.0,1458.0759912934745,2277.453779370827,2944.3659386785607,2874.679182188876,2897.219164128507,5458.001841782787,5458.001841782787,5458.001841782787,5458.001841782787,5458.001841782787,5458.001841782787,5458.001841782787,5458.001841782787,5458.001841782787,5458.001841782787,5458.001841782787,5458.001841782787,5458.001841782787,5458.001841782787,5458.001841782787,5458.001841782787,5458.001841782787,4921.492240417536,5407.633556896929,5458.001841782787,5458.001841782787,5458.001841782787,5458.001841782787
0.0,0.0,0.0,0.0,0.0,1109.594669672524,0.0,1784.2486773681728,0.0,0.0,0.0,0.0,0.0,0.0,0.0,0.0,0.0,0.0,0.0,0.0,1487.0984214300481,0.0,1784.2486773681728,1707.9515357176113,0.0,0.0,1784.2486773681724,0.0,0.0,0.0,1475.6688622930928,121.72862237086358,0.0,105.5092048832606,0.0,0.0,1784.2486773681724,0.0,0.0,1074.7334077410014,0.0,0.0,0.0,0.0,1784.2486773681724,0.0,1784.2486773681724,1784.2486773681724,0.0,0.0,0.0,0.0,0.0,1204.3330473226174,0.0,0.0,0.0,0.0,0.0,1022.3372206979643,0.0,0.0,0.0,0.0,0.0,0.0,0.0,0.0,0.0,746.0416830563668,1045.6103090985541,1784.2486773681724,1155.7385151045437,3269.1291339009226,6704.6617417065945,0.0,0.0,0.0,0.0,6704.6617417065945,6704.6617417065945,6704.6617417065945,6704.6617417065945,6704.6617417065945,6704.6617417065945,6704.6617417065945,6704.6617417065945,6704.6617417065945,6704.6617417065945,6704.6617417065945,0.0,0.0,0.0,0.0,0.0,6704.6617417065945
8368.62105311552,0.0,7784.763770340016,0.0,0.0,3681.348381176142,0.0,5332.4802163880595,0.0,0.0,0.0,0.0,0.0,0.0,7155.550487455716,5363.769093889556,0.0,0.0,1.2297116032624774e-12,0.0,0.0,6617.049204789019,8368.62105311552,8368.62105311552,0.0,1704.1726907231878,0.0,0.0,4994.016456159688,1172.0668046135015,0.0,0.0,0.0,0.0,5219.090505602476,10693.391423914663,0.0,0.0,0.0,0.0,0.0,0.0,1802.3833446392923,0.0,5087.3590447677125,10693.391423914663,2061.2473183193333,9696.427913650763,0.0,10693.39142391467,0.0,757.2952972993666,0.0,4823.985864272079,0.0,0.0,0.0,0.0,10693.39142391467,0.0,0.0,6011.0108257227985,7351.968320958804,0.0,0.0,0.0,1483.398409181281,1999.0299155733087,4207.318482681153,1676.5063292060809,0.0,0.0,8.563901987872073,5246.614715940977,0.0,0.0,10693.391423914663,2376.308865124685,0.0,0.0,0.0,10693.391423914663,0.0,5684.407907596748,10693.391423914663,0.0,10693.391423914663,0.0,10693.391423914663,0.0,0.0,0.0,0.0,6274.808493244776,0.0,10693.391423914663
0.0,0.0,0.0,0.0,0.0,0.0,0.0,0.0,0.0,0.0,0.0,0.0,0.0,0.0,0.0,0.0,0.0,0.0,0.0,0.0,0.0,0.0,0.0,0.0,0.0,0.0,0.0,0.0,0.0,0.0,0.0,0.0,0.0,0.0,0.0,0.0,0.0,0.0,0.0,0.0,0.0,0.0,0.0,0.0,0.0,0.0,0.0,0.0,0.0,0.0,0.0,0.0,0.0,0.0,0.0,0.0,0.0,0.0,0.0,0.0,0.0,0.0,0.0,0.0,0.0,0.0,0.0,0.0,0.0,0.0,0.0,0.0,0.0,0.0,0.0,0.0,0.0,0.0,0.0,0.0,0.0,0.0,0.0,0.0,0.0,0.0,0.0,0.0,0.0,0.0,0.0,0.0,0.0,0.0,0.0,0.0
0.0,1085.8987461214695,0.0,1586.6179718628568,0.0,0.0,0.0,0.0,0.0,0.0,0.0,0.0,0.0,0.0,0.0,0.0,0.0,0.0,407.4162958877853,716.4565430689801,432.43466329487705,0.0,1464.8844680156421,1687.1591522271847,0.0,0.0,0.0,0.0,1687.1591522271847,1687.1591522271847,0.0,1687.1591522271847,0.0,0.0,0.0,1379.3634845862764,0.0,1248.7553606127601,0.0,0.0,0.0,0.0,0.0,0.0,1687.1591522271847,1567.2173930709348,668.7016595766128,1687.1591522271847,0.0,0.0,845.3296923470681,0.0,0.0,0.0,316.0874897285274,0.0,0.0,0.0,0.0,0.0,0.0,0.0,0.0,0.0,0.0,0.0,443.99736389729696,0.0,0.0,0.0,1250.1622532637932,1687.1591522271847,2632.3001644586484,0.0,2632.3001644586484,0.0,0.0,935.9081330597139,0.0,669.6345283938291,0.0,0.0,0.0,2268.6369404773054,0.0,0.0,0.0,2021.8868132480977,0.0,0.0,0.0,0.0,1205.9690041086394,1280.8971021353773,0.0,2632.3001644586484
0.0,0.0,0.0,0.0,0.0,0.0,0.0,0.0,0.0,0.0,0.0,0.0,0.0,0.0,0.0,0.0,0.0,0.0,0.0,0.0,0.0,0.0,0.0,0.0,2115.8184070555426,0.0,2413.7331056789035,2413.7331056789035,0.0,2413.7331056789035,0.0,1217.873579744416,0.0,0.0,2045.6920039209492,0.0,1.255842974831805e-12,0.0,0.0,0.0,0.0,495.04915308673253,0.0,519.501325919089,2413.7331056789035,2413.7331056789035,2413.7331056789035,1908.5331533275057,0.0,0.0,0.0,1684.4894240295796,2493.2778934335806,2493.2778934335806,0.0,0.0,0.0,0.0,0.0,561.8527804263874,0.0,0.0,0.0,0.0,0.0,0.0,0.0,2493.2778934335806,0.0,0.0,1265.0129250740754,2493.2778934335806,2493.2778934335806,2493.2778934335806,0.0,0.0,0.0,2493.2778934335806,0.0,2493.2778934335806,0.0,0.0,1018.0772360964614,2493.2778934335806,0.0,0.0,0.0,0.0,0.0,2493.2778934335806,0.0,2493.2778934335806,2493.2778934335806,2493.2778934335806,68.14699193838325,2493.2778934335806
12075.377328084956,0.0,0.0,0.0,0.0,0.0,0.0,353.516693167072,16331.332521541177,16331.332521541177,16331.332521541177,16331.332521541177,16331.332521541177,16331.332521541177,16331.332521541177,9279.79159545968,16331.332521541177,16331.332521541177,8883.323192512704,0.0,0.0,15466.073005114185,16331.332521541177,13402.557614561034,13942.730513316446,0.0,0.0,0.0,16331.332521541177,0.0,16331.332521541177,0.0,9829.810616518454,16331.332521541177,16331.332521541177,16331.332521541177,16331.332521541177,16331.332521541177,8408.415020088492,16331.332521541177,16331.332521541177,16331.332521541177,9831.23048271797,16331.332521541177,16331.332521541177,3852.6522851494856,0.0,16331.332521541177,0.0,0.0,0.0,0.0,0.0,0.0,20848.533147078782,0.0,20848.533147078782,20848.533147078782,4991.239079790272,20848.533147078782,20848.533147078782,20848.533147078782,20848.533147078782,20848.533147078782,9328.707825064019,5751.536175523641,20848.533147078782,0.0,9276.025399305494,0.0,20848.533147078782,20848.533147078782,20848.533147078782,20848.533147078782,0.0,17112.71939542485,0.0,0.0,0.0,20848.533147078782,20848.533147078782,20848.533147078782,20848.533147078782,20848.533147078782,20848.533147078782,20848.533147078782,20848.533147078782,20848.533147078782,20848.533147078782,20848.533147078782,0.0,5248.914266377186,14805.39403215199,0.0,5420.915395960528,20848.533147078782
0.0,0.0,0.0,0.0,0.0,0.0,0.0,0.0,0.0,0.0,0.0,0.0,0.0,0.0,0.0,0.0,0.0,0.0,0.0,0.0,0.0,0.0,0.0,0.0,0.0,0.0,0.0,0.0,0.0,0.0,0.0,0.0,0.0,0.0,0.0,0.0,0.0,0.0,0.0,0.0,0.0,0.0,0.0,0.0,0.0,0.0,0.0,0.0,0.0,0.0,0.0,0.0,0.0,0.0,0.0,0.0,0.0,0.0,0.0,0.0,0.0,0.0,0.0,0.0,0.0,0.0,0.0,0.0,0.0,0.0,0.0,0.0,0.0,0.0,0.0,0.0,0.0,0.0,0.0,0.0,0.0,0.0,0.0,0.0,0.0,0.0,0.0,0.0,0.0,0.0,0.0,0.0,0.0,0.0,0.0,0.0
0.0,0.0,0.0,0.0,0.0,0.0,0.0,0.0,0.0,0.0,0.0,0.0,0.0,0.0,0.0,0.0,0.0,0.0,0.0,0.0,0.0,0.0,0.0,0.0,0.0,0.0,0.0,0.0,0.0,0.0,0.0,0.0,0.0,0.0,0.0,0.0,0.0,0.0,0.0,0.0,0.0,0.0,0.0,0.0,0.0,0.0,0.0,0.0,0.0,0.0,0.0,0.0,0.0,0.0,0.0,0.0,0.0,0.0,0.0,0.0,0.0,0.0,0.0,0.0,0.0,0.0,0.0,0.0,0.0,0.0,0.0,0.0,0.0,0.0,0.0,0.0,0.0,0.0,0.0,0.0,0.0,0.0,0.0,0.0,0.0,0.0,0.0,0.0,0.0,0.0,0.0,0.0,0.0,0.0,0.0,0.0
0.0,0.0,0.0,0.0,0.0,0.0,0.0,0.0,0.0,0.0,0.0,0.0,0.0,0.0,0.0,0.0,0.0,0.0,0.0,0.0,0.0,0.0,0.0,0.0,0.0,0.0,0.0,0.0,0.0,0.0,0.0,0.0,0.0,0.0,0.0,0.0,0.0,0.0,0.0,0.0,0.0,0.0,0.0,0.0,0.0,0.0,0.0,0.0,0.0,0.0,0.0,0.0,0.0,0.0,0.0,0.0,0.0,0.0,0.0,0.0,0.0,0.0,0.0,0.0,0.0,0.0,0.0,0.0,0.0,0.0,0.0,0.0,0.0,0.0,0.0,0.0,0.0,0.0,0.0,0.0,0.0,0.0,0.0,0.0,0.0,0.0,0.0,0.0,0.0,0.0,0.0,0.0,0.0,0.0,0.0,0.0
0.0,0.0,0.0,0.0,0.0,0.0,0.0,0.0,0.0,0.0,0.0,0.0,0.0,0.0,0.0,0.0,0.0,0.0,0.0,0.0,0.0,0.0,0.0,0.0,0.0,0.0,0.0,0.0,0.0,0.0,0.0,0.0,0.0,0.0,0.0,0.0,0.0,0.0,0.0,0.0,0.0,0.0,0.0,0.0,0.0,0.0,0.0,0.0,0.0,0.0,0.0,0.0,0.0,0.0,0.0,0.0,0.0,0.0,0.0,0.0,0.0,0.0,0.0,0.0,0.0,0.0,0.0,0.0,0.0,0.0,0.0,0.0,0.0,0.0,0.0,0.0,0.0,0.0,0.0,0.0,0.0,0.0,0.0,0.0,0.0,0.0,0.0,0.0,0.0,0.0,0.0,0.0,0.0,0.0,0.0,0.0
0.0,0.0,0.0,0.0,0.0,0.0,0.0,0.0,0.0,0.0,0.0,0.0,0.0,0.0,0.0,0.0,0.0,0.0,0.0,0.0,0.0,0.0,0.0,0.0,0.0,0.0,0.0,0.0,0.0,0.0,0.0,0.0,0.0,0.0,0.0,0.0,0.0,0.0,0.0,0.0,0.0,0.0,0.0,0.0,0.0,0.0,0.0,0.0,0.0,0.0,0.0,0.0,0.0,0.0,0.0,0.0,0.0,0.0,0.0,0.0,0.0,0.0,0.0,0.0,0.0,0.0,0.0,0.0,0.0,0.0,0.0,0.0,0.0,0.0,0.0,0.0,0.0,0.0,0.0,0.0,0.0,0.0,0.0,0.0,0.0,0.0,0.0,0.0,0.0,0.0,0.0,0.0,0.0,0.0,0.0,0.0
0.0,0.0,0.0,0.0,0.0,0.0,0.0,0.0,0.0,0.0,0.0,0.0,0.0,0.0,0.0,0.0,0.0,0.0,0.0,0.0,0.0,0.0,0.0,0.0,0.0,0.0,0.0,0.0,0.0,0.0,0.0,0.0,0.0,0.0,0.0,0.0,0.0,0.0,0.0,0.0,0.0,0.0,0.0,0.0,0.0,0.0,0.0,0.0,0.0,0.0,0.0,0.0,0.0,0.0,0.0,0.0,0.0,0.0,0.0,0.0,0.0,0.0,0.0,0.0,0.0,0.0,0.0,0.0,0.0,0.0,0.0,0.0,0.0,0.0,0.0,0.0,0.0,0.0,0.0,0.0,0.0,0.0,0.0,0.0,0.0,0.0,0.0,0.0,0.0,0.0,0.0,0.0,0.0,0.0,0.0,0.0
0.0,0.0,0.0,0.0,0.0,0.0,0.0,0.0,0.0,0.0,0.0,0.0,0.0,0.0,0.0,0.0,0.0,0.0,0.0,0.0,0.0,0.0,0.0,0.0,0.0,0.0,0.0,0.0,0.0,0.0,0.0,0.0,0.0,0.0,0.0,0.0,0.0,0.0,0.0,0.0,0.0,0.0,0.0,0.0,0.0,0.0,0.0,0.0,0.0,0.0,0.0,0.0,0.0,0.0,0.0,0.0,0.0,0.0,0.0,0.0,0.0,0.0,0.0,0.0,0.0,0.0,0.0,0.0,0.0,0.0,0.0,0.0,0.0,0.0,0.0,0.0,0.0,0.0,0.0,0.0,0.0,0.0,0.0,0.0,0.0,0.0,0.0,0.0,0.0,0.0,0.0,0.0,0.0,0.0,0.0,0.0
0.0,0.0,0.0,0.0,0.0,0.0,0.0,0.0,0.0,0.0,0.0,0.0,0.0,0.0,0.0,0.0,0.0,0.0,0.0,0.0,0.0,0.0,0.0,0.0,0.0,0.0,0.0,0.0,0.0,0.0,0.0,0.0,0.0,0.0,0.0,0.0,0.0,0.0,0.0,0.0,0.0,0.0,0.0,0.0,0.0,0.0,0.0,0.0,0.0,0.0,0.0,0.0,0.0,0.0,0.0,0.0,0.0,0.0,0.0,0.0,0.0,0.0,0.0,0.0,0.0,0.0,0.0,0.0,0.0,0.0,0.0,0.0,0.0,0.0,0.0,0.0,0.0,0.0,0.0,0.0,0.0,0.0,0.0,0.0,0.0,0.0,0.0,0.0,0.0,0.0,0.0,0.0,0.0,0.0,0.0,0.0
0.0,0.0,5831.972283374764,0.0,5413.170126026777,0.0,2095.0827440514217,0.0,3678.9445798586917,456.6964706272365,0.0,4026.684370573952,2295.1395173729284,0.0,0.0,0.0,0.0,0.0,0.0,0.0,0.0,0.0,0.0,0.0,0.0,0.0,0.0,0.0,0.0,3443.0403628369404,2487.830466895838,2744.0301910524195,2505.149688280323,2626.0006907888705,2557.286418227824,3162.7549411988016,3656.6329174176794,3483.8155563336895,1701.9192716442194,477.00393581258885,0.0,0.0,0.0,0.0,0.0,0.0,0.0,0.0,0.0,4415.003197890761,1758.2038872766698,1286.6770682961471,300.38449609459195,2286.9857983893016,0.0,1016.0792524893889,1180.992353265502,1053.1243999518142,1134.9775175848733,1482.6777623891155,1892.9540915620883,0.0,0.0,0.0,0.0,0.0,0.0,0.0,0.0,0.0,0.0,0.0,0.0,0.0,0.0,0.0,1916.6933891763126,0.0,0.0,0.0,0.0,0.0,0.0,8505.51856679777,7185.330597108744,0.0,510.0938652979505,0.0,0.0,0.0,0.0,0.0,0.0,0.0,0.0,0.0
0.0,0.0,0.0,0.0,0.0,0.0,752.9521374371816,199.945646014957,0.0,542.8259595477352,752.9521374371816,752.9521374371816,752.9521374371816,0.0,0.0,0.0,0.0,0.0,0.0,0.0,0.0,0.0,0.0,0.0,752.9521374371816,26.190403123177354,0.0,752.9521374371816,752.9521374371816,0.0,0.0,0.0,0.0,0.0,0.0,0.0,0.0,0.0,0.0,0.0,0.0,0.0,0.0,0.0,0.0,0.0,0.0,0.0,0.0,752.9521374371816,0.0,0.0,0.0,0.0,0.0,0.0,752.9521374371816,752.9521374371816,0.0,0.0,0.0,752.9521374371816,0.0,0.0,0.0,0.0,0.0,0.0,0.0,0.0,0.0,0.0,0.0,0.0,0.0,0.0,0.0,0.0,752.9521374371816,0.0,169.67553158082882,0.0,752.9521374371816,752.9521374371816,631.4004429697505,0.0,0.0,0.0,0.0,0.0,0.0,0.0,0.0,0.0,0.0,0.0
749.7735921872613,26.17191562475041,964.5381662080518,888.3107042754451,624.2339686124085,0.0,0.0,0.0,0.0,0.0,0.0,0.0,0.0,0.0,0.0,0.0,0.0,0.0,0.0,0.0,0.0,0.0,0.0,0.0,144.1443250885847,498.08174019077336,0.0,1098.647296625256,532.9702912516153,0.0,0.0,0.0,0.0,0.0,0.0,0.0,0.0,219.3171211944583,590.8584262531688,424.55249130663253,0.0,0.0,0.0,0.0,0.0,0.0,0.0,0.0,3517.3817005820565,4188.920725030569,0.0,0.0,2169.658175414897,94.92051227063585,0.0,0.0,0.0,0.0,0.0,0.0,0.0,0.0,0.0,0.0,0.0,0.0,0.0,294.3346178951859,1211.1465331430397,2081.7322912225104,3089.765550229309,2877.5958990416984,3388.195247535693,5458.001841782787,5458.001841782787,3069.5840043264734,5458.001841782787,0.0,0.0,0.0,0.0,0.0,0.0,0.0,0.0,0.0,0.0,0.0,0.0,0.0,0.0,124.27783486932165,1372.042559846935,2235.097182800268,1834.2231993880673,1597.375730680438
0.0,1635.0512927091584,24.714918796118667,0.0,0.0,0.0,0.0,0.0,0.0,0.0,0.0,0.0,0.0,0.0,0.0,0.0,0.0,0.0,0.0,0.0,0.0,0.0,0.0,0.0,0.0,343.60860267983674,815.3205775239578,59.1799186635367,0.0,0.0,0.0,0.0,399.8828211821708,0.0,0.0,934.1870061803401,20.209018878749387,0.0,0.0,0.0,0.0,0.0,0.0,0.0,0.0,0.0,0.0,0.0,0.0,893.9751673807731,0.0,0.0,0.0,0.0,0.0,0.0,0.0,0.0,0.0,870.7336186314768,0.0,0.0,0.0,0.0,0.0,0.0,0.0,0.0,0.0,0.0,0.0,0.0,0.0,6704.6617417065945,0.0,0.0,0.0,6704.6617417065945,0.0,0.0,0.0,0.0,0.0,6704.6617417065945,0.0,6704.6617417065945,0.0,1198.3563560699429,0.0,0.0,0.0,0.0,0.0,0.0,0.0,0.0
3657.2770765582604,0.0,0.0,563.271238426607,0.0,0.0,982.8311784447167,512.3608903774174,3405.6167235312546,7989.298801871307,0.0,0.0,604.2363645278775,0.0,0.0,8368.62105311552,785.2843239457465,0.0,0.0,0.0,0.0,2285.6129357061905,2758.6894650840436,2351.070077375284,5396.163452346745,0.0,0.0,956.1451748616347,0.0,0.0,611.7105223565395,0.0,0.0,0.0,0.0,0.0,0.0,10009.77282132633,7494.504913534943,8014.7059190899545,1680.3483599656306,0.0,0.0,0.0,1129.5032935156353,3158.3029333159493,3712.032824402132,2785.004061092098,1799.6468184942114,0.0,0.0,0.0,0.0,0.0,0.0,0.0,0.0,0.0,1002.0667043229778,10605.654991427034,10693.39142391467,0.0,5840.363359481654,0.0,184.88887406126935,0.0,0.0,0.0,0.0,2019.6638293009441,2591.9626651048115,1672.6898009702977,0.0,0.0,622.6039040458102,0.0,0.0,0.0,0.0,0.0,0.0,0.0,5097.91883854734,9437.19657932506,0.0,10302.135212161382,3645.0131582851673,7186.330380594742,0.0,0.0,0.0,0.0,0.0,1202.4862491371919,1414.7576708662232,503.63633471273914
0.0,0.0,0.0,0.0,0.0,0.0,0.0,0.0,0.0,0.0,0.0,0.0,0.0,0.0,0.0,0.0,0.0,0.0,0.0,0.0,0.0,0.0,0.0,0.0,0.0,0.0,0.0,0.0,0.0,0.0,0.0,0.0,0.0,0.0,0.0,0.0,0.0,0.0,0.0,0.0,0.0,0.0,0.0,0.0,0.0,0.0,0.0,0.0,0.0,0.0,0.0,0.0,0.0,0.0,0.0,0.0,0.0,0.0,0.0,0.0,0.0,0.0,0.0,0.0,0.0,0.0,0.0,0.0,0.0,0.0,0.0,0.0,0.0,0.0,0.0,0.0,0.0,0.0,0.0,0.0,0.0,0.0,0.0,0.0,0.0,0.0,0.0,0.0,0.0,0.0,0.0,0.0,0.0,0.0,0.0,0.0
0.0,0.0,0.0,0.0,0.0,0.0,0.0,0.0,0.0,0.0,0.0,0.0,0.0,0.0,0.0,0.0,0.0,0.0,0.0,0.0,0.0,0.0,0.0,0.0,0.0,1151.825942556748,0.0,0.0,0.0,0.0,0.0,0.0,0.0,0.0,0.0,39.09778292759461,0.0,0.0,0.0,0.0,0.0,0.0,0.0,0.0,0.0,0.0,0.0,0.0,1687.1591522271847,417.01668967817716,254.23684181263113,174.0761608562596,0.0,0.0,0.0,0.0,288.8015507317953,0.0,0.0,0.0,0.0,0.0,0.0,0.0,0.0,0.0,0.0,0.0,0.0,0.0,0.0,0.0,0.0,0.0,0.0,0.0,0.0,593.1810369846874,0.0,1861.1076844747156,0.0,0.0,0.0,1532.169187862946,0.0,2632.3001644586484,0.0,0.0,0.0,0.0,0.0,0.0,0.0,0.0,0.0,0.0
0.0,0.0,0.0,0.0,0.0,0.0,0.0,0.0,0.0,0.0,0.0,0.0,0.0,0.0,0.0,0.0,0.0,0.0,0.0,0.0,0.0,0.0,0.0,0.0,0.0,1619.9402962545378,208.84857937431937,416.5442459329132,0.0,0.0,0.0,0.0,0.0,0.0,0.0,0.0,0.0,0.0,0.0,0.0,0.0,0.0,0.0,0.0,0.0,0.0,0.0,0.0,2493.2778934335806,0.0,2493.2778934335806,2493.2778934335806,0.0,0.0,0.0,0.0,0.0,0.0,41.94163167596798,244.22942088888328,261.072508314817,114.22125434441759,0.0,0.0,0.0,0.0,0.0,0.0,0.0,0.0,0.0,0.0,0.0,0.0,1263.675694701386,0.0,0.0,0.0,0.0,0.0,2493.2778934335806,0.0,0.0,2493.2778934335806,0.0,132.56470303501405,0.0,0.0,0.0,0.0,0.0,0.0,0.0,0.0,0.0,0.0
7420.78587389912,0.0,1809.6456393736207,0.0,0.0,0.0,0.0,1487.4212507741731,16331.332521541177,16331.332521541177,11773.751352738982,16331.332521541177,16331.332521541177,0.0,0.0,6911.700967762632,0.0,0.0,0.0,0.0,0.0,0.0,0.0,0.0,5494.350355224512,0.0,0.0,5530.1947004379945,0.0,989.0180709530299,54.26228772177723,15072.741915482726,1777.0180170897515,0.0,16331.332521541177,16331.332521541177,16331.332521541177,16331.332521541177,0.0,0.0,0.0,0.0,0.0,0.0,0.0,0.0,0.0,0.0,0.0,0.0,0.0,8685.158848123474,0.0,0.0,4701.685282670078,0.0,0.0,0.0,0.0,20004.45906666338,19919.20440309492,17797.55992485439,0.0,0.0,0.0,0.0,0.0,0.0,0.0,0.0,0.0,0.0,0.0,11781.473143844672,0.0,18173.085271380893,0.0,0.0,0.0,4680.534301976157,0.0,0.0,0.0,0.0,3741.2317237574266,20848.533147078782,13634.086347957935,7221.886072612095,0.0,0.0,0.0,0.0,0.0,0.0,0.0,0.0
0.0,0.0,0.0,0.0,0.0,0.0,0.0,0.0,0.0,0.0,0.0,0.0,0.0,0.0,0.0,0.0,0.0,0.0,0.0,0.0,0.0,0.0,0.0,0.0,0.0,0.0,0.0,0.0,0.0,0.0,0.0,0.0,0.0,0.0,0.0,0.0,0.0,0.0,0.0,0.0,0.0,0.0,0.0,0.0,0.0,0.0,0.0,0.0,0.0,0.0,0.0,0.0,0.0,0.0,0.0,0.0,0.0,0.0,0.0,0.0,0.0,0.0,0.0,0.0,0.0,0.0,0.0,0.0,0.0,0.0,0.0,0.0,0.0,0.0,0.0,0.0,0.0,0.0,0.0,0.0,0.0,0.0,0.0,0.0,0.0,0.0,0.0,0.0,0.0,0.0,0.0,0.0,0.0,0.0,0.0,0.0
0.0,0.0,0.0,0.0,0.0,0.0,0.0,0.0,0.0,0.0,0.0,0.0,0.0,0.0,0.0,0.0,0.0,0.0,0.0,0.0,0.0,0.0,0.0,0.0,0.0,0.0,0.0,0.0,0.0,0.0,0.0,0.0,0.0,0.0,0.0,0.0,0.0,0.0,0.0,0.0,0.0,0.0,0.0,0.0,0.0,0.0,0.0,0.0,0.0,0.0,0.0,0.0,0.0,0.0,0.0,0.0,0.0,0.0,0.0,0.0,0.0,0.0,0.0,0.0,0.0,0.0,0.0,0.0,0.0,0.0,0.0,0.0,0.0,0.0,0.0,0.0,0.0,0.0,0.0,0.0,0.0,0.0,0.0,0.0,0.0,0.0,0.0,0.0,0.0,0.0,0.0,0.0,0.0,0.0,0.0,0.0
0.0,0.0,0.0,0.0,0.0,0.0,0.0,0.0,0.0,0.0,0.0,0.0,0.0,0.0,0.0,0.0,0.0,0.0,0.0,0.0,0.0,0.0,0.0,0.0,0.0,0.0,0.0,0.0,0.0,0.0,0.0,0.0,0.0,0.0,0.0,0.0,0.0,0.0,0.0,0.0,0.0,0.0,0.0,0.0,0.0,0.0,0.0,0.0,0.0,0.0,0.0,0.0,0.0,0.0,0.0,0.0,0.0,0.0,0.0,0.0,0.0,0.0,0.0,0.0,0.0,0.0,0.0,0.0,0.0,0.0,0.0,0.0,0.0,0.0,0.0,0.0,0.0,0.0,0.0,0.0,0.0,0.0,0.0,0.0,0.0,0.0,0.0,0.0,0.0,0.0,0.0,0.0,0.0,0.0,0.0,0.0
0.0,0.0,0.0,0.0,0.0,0.0,0.0,0.0,0.0,0.0,0.0,0.0,0.0,0.0,0.0,0.0,0.0,0.0,0.0,0.0,0.0,0.0,0.0,0.0,0.0,0.0,0.0,0.0,0.0,0.0,0.0,0.0,0.0,0.0,0.0,0.0,0.0,0.0,0.0,0.0,0.0,0.0,0.0,0.0,0.0,0.0,0.0,0.0,0.0,0.0,0.0,0.0,0.0,0.0,0.0,0.0,0.0,0.0,0.0,0.0,0.0,0.0,0.0,0.0,0.0,0.0,0.0,0.0,0.0,0.0,0.0,0.0,0.0,0.0,0.0,0.0,0.0,0.0,0.0,0.0,0.0,0.0,0.0,0.0,0.0,0.0,0.0,0.0,0.0,0.0,0.0,0.0,0.0,0.0,0.0,0.0
0.0,0.0,0.0,0.0,0.0,0.0,0.0,0.0,0.0,0.0,0.0,0.0,0.0,0.0,0.0,0.0,0.0,0.0,0.0,0.0,0.0,0.0,0.0,0.0,0.0,0.0,0.0,0.0,0.0,0.0,0.0,0.0,0.0,0.0,0.0,0.0,0.0,0.0,0.0,0.0,0.0,0.0,0.0,0.0,0.0,0.0,0.0,0.0,0.0,0.0,0.0,0.0,0.0,0.0,0.0,0.0,0.0,0.0,0.0,0.0,0.0,0.0,0.0,0.0,0.0,0.0,0.0,0.0,0.0,0.0,0.0,0.0,0.0,0.0,0.0,0.0,0.0,0.0,0.0,0.0,0.0,0.0,0.0,0.0,0.0,0.0,0.0,0.0,0.0,0.0,0.0,0.0,0.0,0.0,0.0,0.0
0.0,0.0,0.0,0.0,0.0,0.0,0.0,0.0,0.0,0.0,0.0,0.0,0.0,0.0,0.0,0.0,0.0,0.0,0.0,0.0,0.0,0.0,0.0,0.0,0.0,0.0,0.0,0.0,0.0,0.0,0.0,0.0,0.0,0.0,0.0,0.0,0.0,0.0,0.0,0.0,0.0,0.0,0.0,0.0,0.0,0.0,0.0,0.0,0.0,0.0,0.0,0.0,0.0,0.0,0.0,0.0,0.0,0.0,0.0,0.0,0.0,0.0,0.0,0.0,0.0,0.0,0.0,0.0,0.0,0.0,0.0,0.0,0.0,0.0,0.0,0.0,0.0,0.0,0.0,0.0,0.0,0.0,0.0,0.0,0.0,0.0,0.0,0.0,0.0,0.0,0.0,0.0,0.0,0.0,0.0,0.0
0.0,0.0,0.0,0.0,0.0,0.0,0.0,0.0,0.0,0.0,0.0,0.0,0.0,0.0,0.0,0.0,0.0,0.0,0.0,0.0,0.0,0.0,0.0,0.0,0.0,0.0,0.0,0.0,0.0,0.0,0.0,0.0,0.0,0.0,0.0,0.0,0.0,0.0,0.0,0.0,0.0,0.0,0.0,0.0,0.0,0.0,0.0,0.0,0.0,0.0,0.0,0.0,0.0,0.0,0.0,0.0,0.0,0.0,0.0,0.0,0.0,0.0,0.0,0.0,0.0,0.0,0.0,0.0,0.0,0.0,0.0,0.0,0.0,0.0,0.0,0.0,0.0,0.0,0.0,0.0,0.0,0.0,0.0,0.0,0.0,0.0,0.0,0.0,0.0,0.0,0.0,0.0,0.0,0.0,0.0,0.0
0.0,0.0,0.0,0.0,0.0,0.0,0.0,0.0,0.0,0.0,0.0,0.0,0.0,0.0,0.0,0.0,0.0,0.0,0.0,0.0,0.0,0.0,0.0,0.0,0.0,0.0,0.0,0.0,0.0,0.0,0.0,0.0,0.0,0.0,0.0,0.0,0.0,0.0,0.0,0.0,0.0,0.0,0.0,0.0,0.0,0.0,0.0,0.0,0.0,0.0,0.0,0.0,0.0,0.0,0.0,0.0,0.0,0.0,0.0,0.0,0.0,0.0,0.0,0.0,0.0,0.0,0.0,0.0,0.0,0.0,0.0,0.0,0.0,0.0,0.0,0.0,0.0,0.0,0.0,0.0,0.0,0.0,0.0,0.0,0.0,0.0,0.0,0.0,0.0,0.0,0.0,0.0,0.0,0.0,0.0,0.0
0.0,0.0,0.0,0.0,0.0,0.0,0.0,0.0,0.0,1.0035619038970218e-12,0.0,0.0,1121.4963763619228,6059.018826091817,5705.480792102681,5576.205826499044,7309.260967207189,0.0,0.0,0.0,1775.9151587780623,0.0,0.0,0.0,0.0,0.0,0.0,0.0,0.0,0.0,0.0,0.0,0.0,0.0,0.0,727.9262875302124,4320.44304254258,8505.51856679777,4939.033236368169,5042.297654845523,5758.057522980447,0.0,0.0,0.0,0.0,0.0,0.0,0.0,0.0,0.0,0.0,0.0,0.0,0.0,0.0,0.0,0.0,0.0,0.0,0.0,968.6295797481466,8505.51856679777,4275.998249367153,3628.3318714134302,4696.53772212731,0.0,0.0,0.0,0.0,0.0,0.0,0.0,0.0,0.0,0.0,0.0,0.0,0.0,0.0,0.0,0.0,0.0,0.0,0.0,8505.51856679777,0.0,1374.2964798140958,6371.843205156463,8454.803344233904,0.0,0.0,0.0,0.0,0.0,0.0,0.0
0.0,0.0,0.0,0.0,0.0,0.0,0.0,0.0,0.0,0.0,0.0,0.0,0.0,752.9521374371816,752.9521374371816,752.9521374371816,542.8259595477352,0.0,0.0,317.6325944840465,0.0,0.0,0.0,0.0,0.0,0.0,0.0,0.0,0.0,0.0,0.0,0.0,0.0,0.0,0.0,0.0,311.35104043182827,752.9521374371816,752.9521374371816,0.0,752.9521374371816,0.0,0.0,0.0,216.7750241934628,0.0,0.0,0.0,0.0,0.0,0.0,0.0,0.0,0.0,0.0,0.0,0.0,0.0,0.0,0.0,380.38131309645496,752.9521374371816,752.9521374371816,0.0,0.0,0.0,0.0,0.0,0.0,0.0,0.0,0.0,0.0,0.0,0.0,0.0,0.0,0.0,0.0,0.0,0.0,399.5231508888644,0.0,0.0,752.9521374371816,0.0,0.0,752.9521374371816,631.4004429697505,0.0,0.0,0.0,0.0,0.0,0.0,0.0
0.0,0.0,0.0,0.0,0.0,0.0,0.0,0.0,0.0,0.0,0.0,0.0,0.0,0.0,0.0,0.0,0.0,0.0,756.1431708084602,472.1722118674438,0.0,0.0,0.0,0.0,0.0,0.0,0.0,0.0,0.0,0.0,0.0,0.0,0.0,0.0,0.0,0.0,0.0,0.0,0.0,0.0,0.0,0.0,822.226449838631,713.6650164345349,0.0,0.0,0.0,0.0,0.0,0.0,0.0,0.0,0.0,0.0,0.0,0.0,0.0,236.38630059758185,0.0,0.0,0.0,0.0,0.0,0.0,0.0,0.0,0.0,431.88247671554524,170.3032333159341,288.9931590673557,0.0,0.0,0.0,0.0,0.0,0.0,0.0,0.0,0.0,0.0,0.0,639.4815518404873,113.80158495107406,0.0,0.0,0.0,0.0,0.0,0.0,0.0,0.0,0.0,1458.1291316456543,1229.146754976019,0.0,0.0
0.0,0.0,0.0,0.0,0.0,0.0,0.0,0.0,0.0,0.0,0.0,0.0,0.0,0.0,0.0,0.0,0.0,0.0,0.0,0.0,0.0,0.0,0.0,0.0,0.0,0.0,0.0,0.0,0.0,0.0,0.0,0.0,0.0,0.0,0.0,123.6235887192541,0.0,0.0,0.0,0.0,0.0,0.0,0.0,0.0,0.0,0.0,0.0,404.5449876576286,0.0,0.0,0.0,0.0,0.0,0.0,0.0,0.0,0.0,0.0,0.0,0.0,0.0,0.0,0.0,0.0,0.0,0.0,0.0,0.0,0.0,0.0,0.0,0.0,0.0,0.0,0.0,0.0,0.0,0.0,0.0,0.0,0.0,6704.6617417065945,6704.6617417065945,6368.487538883037,6704.6617417065945,0.0,0.0,1580.5252030359982,0.0,0.0,0.0,0.0,0.0,0.0,0.0,0.0
0.0,0.0,0.0,0.0,0.0,0.0,0.0,0.0,0.0,0.0,0.0,0.0,0.0,1167.8146971720585,0.0,0.0,0.0,0.0,0.0,0.0,0.0,1010.664784508414,713.2342509960582,783.2275574087763,0.0,0.0,0.0,0.0,0.0,0.0,0.0,0.0,0.0,0.0,0.0,0.0,0.0,1668.1815637466973,0.0,0.0,0.0,0.0,0.0,0.0,0.0,579.3534652888196,99.34452135697838,0.0,0.0,0.0,0.0,0.0,0.0,0.0,0.0,0.0,0.0,0.0,0.0,0.0,0.0,705.2086046022425,0.0,0.0,0.0,0.0,0.0,0.0,0.0,0.0,0.0,0.0,0.0,0.0,0.0,0.0,0.0,0.0,0.0,0.0,0.0,0.0,0.0,1830.6892227461055,612.9844043239774,4446.630943010005,0.0,0.0,0.0,0.0,0.0,0.0,0.0,3735.215353926407,0.0,0.0
0.0,0.0,0.0,0.0,0.0,0.0,0.0,0.0,0.0,0.0,0.0,0.0,0.0,0.0,0.0,0.0,0.0,0.0,0.0,0.0,0.0,0.0,0.0,0.0,0.0,0.0,0.0,0.0,0.0,0.0,0.0,0.0,0.0,0.0,0.0,0.0,0.0,0.0,0.0,0.0,0.0,0.0,0.0,0.0,0.0,0.0,0.0,0.0,0.0,0.0,0.0,0.0,0.0,0.0,0.0,0.0,0.0,0.0,0.0,0.0,0.0,0.0,0.0,0.0,0.0,0.0,0.0,0.0,0.0,0.0,0.0,0.0,0.0,0.0,0.0,0.0,0.0,0.0,0.0,0.0,0.0,0.0,0.0,0.0,0.0,0.0,0.0,0.0,0.0,0.0,0.0,0.0,0.0,0.0,0.0,0.0
0.0,0.0,0.0,0.0,0.0,0.0,0.0,0.0,0.0,0.0,0.0,0.0,0.0,0.0,0.0,0.0,0.0,0.0,0.0,0.0,0.0,0.0,0.0,0.0,0.0,0.0,0.0,0.0,0.0,0.0,0.0,0.0,0.0,0.0,0.0,0.0,0.0,0.0,0.0,0.0,0.0,0.0,0.0,0.0,296.139675168335,1201.5261881806214,0.0,0.0,0.0,0.0,0.0,0.0,0.0,0.0,0.0,0.0,0.0,0.0,0.0,0.0,0.0,0.0,0.0,0.0,0.0,0.0,0.0,0.0,0.0,0.0,0.0,0.0,0.0,0.0,0.0,0.0,0.0,0.0,0.0,0.0,0.0,488.8178717294043,0.0,0.0,0.0,0.0,0.0,0.0,0.0,0.0,0.0,0.0,0.0,0.0,0.0,0.0
0.0,0.0,0.0,0.0,0.0,0.0,0.0,0.0,0.0,0.0,0.0,0.0,0.0,0.0,0.0,0.0,0.0,0.0,0.0,0.0,0.0,0.0,0.0,0.0,0.0,0.0,0.0,0.0,0.0,0.0,0.0,0.0,0.0,0.0,0.0,0.0,0.0,0.0,0.0,0.0,0.0,0.0,0.0,0.0,0.0,0.0,0.0,0.0,0.0,0.0,0.0,0.0,0.0,0.0,0.0,0.0,0.0,0.0,0.0,0.0,0.0,0.0,0.0,0.0,0.0,0.0,0.0,0.0,0.0,0.0,0.0,0.0,0.0,0.0,0.0,0.0,0.0,0.0,0.0,0.0,0.0,2184.888511018269,365.5010375605047,0.0,0.0,0.0,0.0,0.0,0.0,0.0,0.0,0.0,324.5538251390821,0.0,0.0,0.0
0.0,0.0,0.0,0.0,0.0,0.0,0.0,0.0,0.0,692.6690888643819,16331.332521541177,0.0,0.0,16331.332521541177,16331.332521541177,16331.332521541177,15731.095221732152,0.0,0.0,182.65328838282227,0.0,582.9002385490143,0.0,0.0,0.0,0.0,0.0,0.0,0.0,0.0,0.0,0.0,0.0,0.0,0.0,15174.577964674423,0.0,8146.692729306721,16331.332521541177,16331.332521541177,14937.761430917904,0.0,0.0,0.0,0.0,0.0,0.0,0.0,0.0,0.0,0.0,0.0,0.0,0.0,0.0,0.0,0.0,0.0,14458.105773046518,13730.824928790671,20848.533147078782,17592.034315170236,20848.533147078782,20848.533147078782,20848.533147078782,0.0,0.0,0.0,0.0,0.0,0.0,0.0,0.0,0.0,0.0,0.0,0.0,0.0,0.0,0.0,0.0,0.0,20848.533147078782,0.0,0.0,0.0,0.0,20848.533147078782,11818.817218269,0.0,0.0,0.0,0.0,0.0,0.0,0.0
0.0,0.0,0.0,0.0,0.0,0.0,0.0,0.0,0.0,0.0,0.0,0.0,0.0,0.0,0.0,0.0,0.0,0.0,0.0,0.0,0.0,0.0,0.0,0.0,0.0,0.0,0.0,0.0,0.0,0.0,0.0,0.0,0.0,0.0,0.0,0.0,0.0,0.0,0.0,0.0,0.0,0.0,0.0,0.0,0.0,0.0,0.0,0.0,0.0,0.0,0.0,0.0,0.0,0.0,0.0,0.0,0.0,0.0,0.0,0.0,0.0,0.0,0.0,0.0,0.0,0.0,0.0,0.0,0.0,0.0,0.0,0.0,0.0,0.0,0.0,0.0,0.0,0.0,0.0,0.0,0.0,0.0,0.0,0.0,0.0,0.0,0.0,0.0,0.0,0.0,0.0,0.0,0.0,0.0,0.0,0.0
0.0,0.0,0.0,0.0,0.0,0.0,0.0,0.0,0.0,0.0,0.0,0.0,0.0,0.0,0.0,0.0,0.0,0.0,0.0,0.0,0.0,0.0,0.0,0.0,0.0,0.0,0.0,0.0,0.0,0.0,0.0,0.0,0.0,0.0,0.0,0.0,0.0,0.0,0.0,0.0,0.0,0.0,0.0,0.0,0.0,0.0,0.0,0.0,0.0,0.0,0.0,0.0,0.0,0.0,0.0,0.0,0.0,0.0,0.0,0.0,0.0,0.0,0.0,0.0,0.0,0.0,0.0,0.0,0.0,0.0,0.0,0.0,0.0,0.0,0.0,0.0,0.0,0.0,0.0,0.0,0.0,0.0,0.0,0.0,0.0,0.0,0.0,0.0,0.0,0.0,0.0,0.0,0.0,0.0,0.0,0.0
0.0,0.0,0.0,0.0,0.0,0.0,0.0,0.0,0.0,0.0,0.0,0.0,0.0,0.0,0.0,0.0,0.0,0.0,0.0,0.0,0.0,0.0,0.0,0.0,0.0,0.0,0.0,0.0,0.0,0.0,0.0,0.0,0.0,0.0,0.0,0.0,0.0,0.0,0.0,0.0,0.0,0.0,0.0,0.0,0.0,0.0,0.0,0.0,0.0,0.0,0.0,0.0,0.0,0.0,0.0,0.0,0.0,0.0,0.0,0.0,0.0,0.0,0.0,0.0,0.0,0.0,0.0,0.0,0.0,0.0,0.0,0.0,0.0,0.0,0.0,0.0,0.0,0.0,0.0,0.0,0.0,0.0,0.0,0.0,0.0,0.0,0.0,0.0,0.0,0.0,0.0,0.0,0.0,0.0,0.0,0.0
0.0,0.0,0.0,0.0,0.0,0.0,0.0,0.0,0.0,0.0,0.0,0.0,0.0,0.0,0.0,0.0,0.0,0.0,0.0,0.0,0.0,0.0,0.0,0.0,0.0,0.0,0.0,0.0,0.0,0.0,0.0,0.0,0.0,0.0,0.0,0.0,0.0,0.0,0.0,0.0,0.0,0.0,0.0,0.0,0.0,0.0,0.0,0.0,0.0,0.0,0.0,0.0,0.0,0.0,0.0,0.0,0.0,0.0,0.0,0.0,0.0,0.0,0.0,0.0,0.0,0.0,0.0,0.0,0.0,0.0,0.0,0.0,0.0,0.0,0.0,0.0,0.0,0.0,0.0,0.0,0.0,0.0,0.0,0.0,0.0,0.0,0.0,0.0,0.0,0.0,0.0,0.0,0.0,0.0,0.0,0.0
0.0,0.0,0.0,0.0,0.0,0.0,0.0,0.0,0.0,0.0,0.0,0.0,0.0,0.0,0.0,0.0,0.0,0.0,0.0,0.0,0.0,0.0,0.0,0.0,0.0,0.0,0.0,0.0,0.0,0.0,0.0,0.0,0.0,0.0,0.0,0.0,0.0,0.0,0.0,0.0,0.0,0.0,0.0,0.0,0.0,0.0,0.0,0.0,0.0,0.0,0.0,0.0,0.0,0.0,0.0,0.0,0.0,0.0,0.0,0.0,0.0,0.0,0.0,0.0,0.0,0.0,0.0,0.0,0.0,0.0,0.0,0.0,0.0,0.0,0.0,0.0,0.0,0.0,0.0,0.0,0.0,0.0,0.0,0.0,0.0,0.0,0.0,0.0,0.0,0.0,0.0,0.0,0.0,0.0,0.0,0.0
0.0,0.0,0.0,0.0,0.0,0.0,0.0,0.0,0.0,0.0,0.0,0.0,0.0,0.0,0.0,0.0,0.0,0.0,0.0,0.0,0.0,0.0,0.0,0.0,0.0,0.0,0.0,0.0,0.0,0.0,0.0,0.0,0.0,0.0,0.0,0.0,0.0,0.0,0.0,0.0,0.0,0.0,0.0,0.0,0.0,0.0,0.0,0.0,0.0,0.0,0.0,0.0,0.0,0.0,0.0,0.0,0.0,0.0,0.0,0.0,0.0,0.0,0.0,0.0,0.0,0.0,0.0,0.0,0.0,0.0,0.0,0.0,0.0,0.0,0.0,0.0,0.0,0.0,0.0,0.0,0.0,0.0,0.0,0.0,0.0,0.0,0.0,0.0,0.0,0.0,0.0,0.0,0.0,0.0,0.0,0.0
0.0,0.0,0.0,0.0,0.0,0.0,0.0,0.0,0.0,0.0,0.0,0.0,0.0,0.0,0.0,0.0,0.0,0.0,0.0,0.0,0.0,0.0,0.0,0.0,0.0,0.0,0.0,0.0,0.0,0.0,0.0,0.0,0.0,0.0,0.0,0.0,0.0,0.0,0.0,0.0,0.0,0.0,0.0,0.0,0.0,0.0,0.0,0.0,0.0,0.0,0.0,0.0,0.0,0.0,0.0,0.0,0.0,0.0,0.0,0.0,0.0,0.0,0.0,0.0,0.0,0.0,0.0,0.0,0.0,0.0,0.0,0.0,0.0,0.0,0.0,0.0,0.0,0.0,0.0,0.0,0.0,0.0,0.0,0.0,0.0,0.0,0.0,0.0,0.0,0.0,0.0,0.0,0.0,0.0,0.0,0.0
0.0,0.0,0.0,0.0,0.0,0.0,0.0,0.0,0.0,0.0,0.0,0.0,0.0,0.0,0.0,0.0,0.0,0.0,0.0,0.0,0.0,0.0,0.0,0.0,0.0,0.0,0.0,0.0,0.0,0.0,0.0,0.0,0.0,0.0,0.0,0.0,0.0,0.0,0.0,0.0,0.0,0.0,0.0,0.0,0.0,0.0,0.0,0.0,0.0,0.0,0.0,0.0,0.0,0.0,0.0,0.0,0.0,0.0,0.0,0.0,0.0,0.0,0.0,0.0,0.0,0.0,0.0,0.0,0.0,0.0,0.0,0.0,0.0,0.0,0.0,0.0,0.0,0.0,0.0,0.0,0.0,0.0,0.0,0.0,0.0,0.0,0.0,0.0,0.0,0.0,0.0,0.0,0.0,0.0,0.0,0.0
0.0,447.16386830919197,0.0,4676.695575275419,236.23772116095023,1766.4026715097839,0.0,0.0,0.0,0.0,0.0,0.0,0.0,0.0,0.0,2.0071238077940437e-12,0.0,2950.204812361517,7660.987323974505,0.0,7660.987323974505,2188.8150870350455,6315.889181006668,0.0,0.0,6015.777353900987,0.0,1978.6007529817236,8505.51856679777,1016.0409922780652,0.0,0.0,0.0,0.0,0.0,0.0,0.0,0.0,0.0,0.0,0.0,5598.040948944137,5213.418517879263,8505.51856679777,1408.5447237265555,0.0,6427.991919244088,1722.02522951603,0.0,0.0,8505.51856679777,0.0,7409.644943150551,0.0,0.0,0.0,0.0,0.0,0.0,0.0,0.0,0.0,0.0,0.0,0.0,0.0,2768.0476789447216,6833.236532666511,8505.51856679777,3968.21321104481,0.0,0.0,7125.232894021008,0.0,5788.8451349359475,0.0,0.0,0.0,0.0,0.0,0.0,0.0,0.0,3178.366154994622,3949.7656948180756,0.0,0.0,0.0,8505.51856679777,2395.7133947704024,8505.51856679777,8505.51856679777,8505.51856679777,4797.060871989316,0.0,0.0
0.0,0.0,0.0,0.0,0.0,700.42059296482,0.0,0.0,0.0,0.0,0.0,0.0,0.0,0.0,0.0,0.0,752.9521374371816,0.0,549.66040423329,752.9521374371816,575.8991998101769,752.9521374371816,752.9521374371816,0.0,0.0,0.0,0.0,752.9521374371816,0.0,752.9521374371816,0.0,0.0,0.0,0.0,0.0,0.0,0.0,0.0,0.0,0.0,0.0,752.9521374371816,0.0,0.0,752.9521374371816,752.9521374371816,752.9521374371816,0.0,0.0,377.2571175941634,0.0,752.9521374371816,265.101050011685,0.0,0.0,0.0,0.0,0.0,0.0,0.0,0.0,0.0,0.0,0.0,0.0,0.0,0.0,380.38131309645496,752.9521374371816,752.9521374371816,0.0,0.0,0.0,0.0,0.0,0.0,0.0,631.4004429697505,752.9521374371816,752.9521374371816,0.0,0.0,0.0,163.90270706530399,752.9521374371816,0.0,752.9521374371816,631.4004429697505,752.9521374371816,0.0,0.0,0.0,0.0,0.0,752.9521374371816,0.0
0.0,0.0,45.4647341248484,489.53265106963556,409.4909505994803,719.2306295845218,0.0,0.0,0.0,0.0,0.0,0.0,0.0,0.0,0.0,0.0,0.0,0.0,0.0,0.0,0.0,452.4484658394506,641.5521471626455,196.78625802431418,936.7088451394995,0.0,228.698034406366,640.2316891360815,491.0279058674965,769.7416986577008,0.0,0.0,0.0,0.0,0.0,0.0,0.0,0.0,0.0,0.0,0.0,0.0,0.0,0.0,0.0,1588.772476848522,1778.03174452555,1142.7058274613667,0.0,0.0,1543.8533633561974,1228.3298645072434,0.0,0.0,0.0,0.0,0.0,0.0,0.0,0.0,0.0,584.8288753503311,373.7597218874155,182.68571550983918,386.7082632260505,281.28155381504007,0.0,0.0,0.0,3163.3492904748055,3601.676337784273,2789.5492632726596,3644.758393727773,0.0,277.26001205301463,2797.243357415442,0.0,2439.5702117497835,0.0,0.0,0.0,0.0,0.0,0.0,0.0,633.0620773275716,574.3525574763797,399.4026561957325,633.6534037561759,544.367968923712,0.0,0.0,0.0,3701.326037571818,4246.411217332585,3413.9547311208403
0.0,0.0,1163.6287076465992,463.74224271866666,0.0,32.39526114001047,0.0,0.0,0.0,0.0,0.0,0.0,0.0,0.0,0.0,0.0,0.0,0.0,0.0,0.0,0.0,1410.8012797794865,1784.2486773681728,1784.2486773681728,0.0,0.0,0.0,0.0,1784.2486773681724,0.0,567.0078237106828,0.0,0.0,0.0,0.0,0.0,0.0,0.0,0.0,0.0,0.0,0.0,0.0,0.0,0.0,1784.2486773681724,1778.485249849687,1309.7024682514677,0.0,893.9751673807731,0.0,0.0,0.0,0.0,0.0,0.0,0.0,0.0,0.0,0.0,0.0,0.0,0.0,0.0,0.0,0.0,0.0,0.0,0.0,1784.2486773681724,7.403314786748533,1784.2486773681724,6704.6617417065945,0.0,718.9634306653589,0.0,0.0,0.0,6309.40092968046,6704.6617417065945,137.48059611629748,6704.6617417065945,4724.597259238732,3765.8101709213474,3711.2770644634475,2069.91349138599,0.0,540.6348506696512,6704.6617417065945,0.0,0.0,0.0,6704.6617417065945,0.0,6410.815736371945,6704.6617417065945
5186.125437673325,0.0,7784.763770340017,0.0,0.0,0.0,139.9288214288143,0.0,0.0,0.0,0.0,0.0,0.0,3722.5552697378466,5061.619849626007,2243.6843264588247,0.0,0.0,0.0,0.0,0.0,0.0,0.0,1027.1688320865453,10693.391423914663,2919.125287144537,10693.391423914663,1750.1051793831841,0.0,0.0,71.70799026880466,0.0,0.0,0.0,0.0,0.0,722.138269340279,4538.08974878105,5204.909002246527,650.259557646171,0.0,0.0,0.0,0.0,0.0,0.0,0.0,2554.498465481562,0.0,5780.115450815464,0.0,0.0,0.0,0.0,0.0,0.0,0.0,0.0,0.0,0.0,0.0,3119.925211823556,4071.6630939926526,209.67549668550834,0.0,0.0,0.0,0.0,0.0,0.0,0.0,1355.1407777644283,4185.594796762815,827.2352942450243,3414.814685044834,0.0,2242.414420715557,2216.3527228335524,2826.523377435567,0.0,0.0,0.0,0.0,0.0,0.0,3815.598998753056,5345.487253673652,2212.129053468235,0.0,0.0,0.0,0.0,0.0,0.0,479.28040076504914,3063.744046310416
0.0,0.0,0.0,0.0,0.0,0.0,0.0,0.0,0.0,0.0,0.0,0.0,0.0,0.0,0.0,0.0,0.0,0.0,0.0,0.0,0.0,0.0,0.0,0.0,0.0,0.0,0.0,0.0,0.0,0.0,0.0,0.0,0.0,0.0,0.0,0.0,0.0,0.0,0.0,0.0,0.0,0.0,0.0,0.0,0.0,0.0,0.0,0.0,0.0,0.0,0.0,0.0,0.0,0.0,0.0,0.0,0.0,0.0,0.0,0.0,0.0,0.0,0.0,0.0,0.0,0.0,0.0,0.0,0.0,0.0,0.0,0.0,0.0,0.0,0.0,0.0,0.0,0.0,0.0,0.0,0.0,0.0,0.0,0.0,0.0,0.0,0.0,0.0,0.0,0.0,0.0,0.0,0.0,0.0,0.0,0.0
0.0,0.0,1687.1591522271847,0.0,0.0,0.0,0.0,0.0,0.0,0.0,0.0,0.0,0.0,0.0,0.0,0.0,0.0,0.0,0.0,0.0,0.0,0.0,0.0,1084.5032560001873,0.0,0.0,770.0288827553661,381.7970598013817,0.0,0.0,0.0,0.0,0.0,0.0,0.0,0.0,0.0,0.0,224.7189127502346,0.0,0.0,0.0,0.0,0.0,0.0,1687.1591522271847,1687.1591522271847,1232.9854657726232,0.0,845.3296923470681,0.0,0.0,0.0,0.0,0.0,0.0,0.0,0.0,0.0,0.0,0.0,0.0,0.0,0.0,0.0,0.0,0.0,0.0,0.0,1664.1885032410744,29.971113920016013,1687.1591522271847,0.0,0.0,0.0,957.2093341885654,542.3824688897665,0.0,214.8587662752543,0.0,0.0,0.0,0.0,0.0,0.0,379.12595275480476,162.4160813808755,1747.803515737107,0.0,0.0,0.0,0.0,0.0,1909.4057702388677,577.4603360051489,2632.3001644586484
0.0,0.0,0.0,0.0,0.0,0.0,0.0,0.0,0.0,0.0,0.0,0.0,0.0,0.0,0.0,0.0,0.0,0.0,0.0,0.0,0.0,0.0,0.0,0.0,0.0,2245.33312156177,0.0,0.0,0.0,0.0,866.4082321813001,0.0,0.0,0.0,0.0,0.0,0.0,53.966943284222744,646.562972472931,2413.7331056789035,0.0,0.0,0.0,0.0,0.0,0.0,0.0,0.0,0.0,0.0,1721.8541609418296,0.0,0.0,0.0,0.0,0.0,0.0,0.0,0.0,0.0,0.0,0.0,0.0,336.22328178278804,0.0,0.0,0.0,0.0,0.0,0.0,0.0,0.0,0.0,0.0,2493.2778934335806,0.0,0.0,0.0,0.0,0.0,0.0,0.0,0.0,0.0,0.0,2493.2778934335806,2493.2778934335806,769.9699062133814,0.0,0.0,0.0,0.0,0.0,485.23937856247125,2493.2778934335806,2076.1855068094924
0.0,0.0,0.0,0.0,0.0,0.0,0.0,0.0,0.0,0.0,0.0,0.0,16331.332521541177,16331.332521541177,7934.337667395389,16331.332521541177,13688.038189322775,16331.332521541177,16331.332521541177,1644.6438324783921,0.0,11268.50281246114,0.0,0.0,0.0,0.0,0.0,7875.741617875878,10350.226839034556,0.0,0.0,16331.332521541177,16331.332521541177,0.0,0.0,0.0,16331.332521541177,0.0,16331.332521541177,16331.332521541177,0.0,0.0,0.0,8689.284033025404,10527.56231520121,13372.452269143234,0.0,0.0,14285.598645648233,0.0,0.0,0.0,0.0,0.0,0.0,0.0,14005.873804913586,20848.533147078782,4580.517784033163,0.0,0.0,0.0,20848.533147078782,20848.533147078782,20848.533147078782,0.0,0.0,0.0,20848.533147078782,8766.057384342801,13866.296964906162,512.3198097194235,0.0,0.0,6104.679675374778,0.0,0.0,0.0,0.0,20848.533147078782,0.0,19899.049017958285,0.0,8065.263949276913,0.0,0.0,10649.807835127705,0.0,0.0,0.0,4698.155126369175,1635.7783229751074,0.0,20848.533147078782,18263.270694983174,0.0
0.0,0.0,0.0,0.0,0.0,0.0,0.0,0.0,0.0,0.0,0.0,0.0,0.0,0.0,0.0,0.0,0.0,0.0,0.0,0.0,0.0,0.0,0.0,0.0,0.0,0.0,0.0,0.0,0.0,0.0,0.0,0.0,0.0,0.0,0.0,0.0,0.0,0.0,0.0,0.0,0.0,0.0,0.0,0.0,0.0,0.0,0.0,0.0,0.0,0.0,0.0,0.0,0.0,0.0,0.0,0.0,0.0,0.0,0.0,0.0,0.0,0.0,0.0,0.0,0.0,0.0,0.0,0.0,0.0,0.0,0.0,0.0,0.0,0.0,0.0,0.0,0.0,0.0,0.0,0.0,0.0,0.0,0.0,0.0,0.0,0.0,0.0,0.0,0.0,0.0,0.0,0.0,0.0,0.0,0.0,0.0
0.0,0.0,0.0,0.0,0.0,0.0,0.0,0.0,0.0,0.0,0.0,0.0,0.0,0.0,0.0,0.0,0.0,0.0,0.0,0.0,0.0,0.0,0.0,0.0,0.0,0.0,0.0,0.0,0.0,0.0,0.0,0.0,0.0,0.0,0.0,0.0,0.0,0.0,0.0,0.0,0.0,0.0,0.0,0.0,0.0,0.0,0.0,0.0,0.0,0.0,0.0,0.0,0.0,0.0,0.0,0.0,0.0,0.0,0.0,0.0,0.0,0.0,0.0,0.0,0.0,0.0,0.0,0.0,0.0,0.0,0.0,0.0,0.0,0.0,0.0,0.0,0.0,0.0,0.0,0.0,0.0,0.0,0.0,0.0,0.0,0.0,0.0,0.0,0.0,0.0,0.0,0.0,0.0,0.0,0.0,0.0
0.0,0.0,0.0,0.0,0.0,0.0,0.0,0.0,0.0,0.0,0.0,0.0,0.0,0.0,0.0,0.0,0.0,0.0,0.0,0.0,0.0,0.0,0.0,0.0,0.0,0.0,0.0,0.0,0.0,0.0,0.0,0.0,0.0,0.0,0.0,0.0,0.0,0.0,0.0,0.0,0.0,0.0,0.0,0.0,0.0,0.0,0.0,0.0,0.0,0.0,0.0,0.0,0.0,0.0,0.0,0.0,0.0,0.0,0.0,0.0,0.0,0.0,0.0,0.0,0.0,0.0,0.0,0.0,0.0,0.0,0.0,0.0,0.0,0.0,0.0,0.0,0.0,0.0,0.0,0.0,0.0,0.0,0.0,0.0,0.0,0.0,0.0,0.0,0.0,0.0,0.0,0.0,0.0,0.0,0.0,0.0
0.0,0.0,0.0,0.0,0.0,0.0,0.0,0.0,0.0,0.0,0.0,0.0,0.0,0.0,0.0,0.0,0.0,0.0,0.0,0.0,0.0,0.0,0.0,0.0,0.0,0.0,0.0,0.0,0.0,0.0,0.0,0.0,0.0,0.0,0.0,0.0,0.0,0.0,0.0,0.0,0.0,0.0,0.0,0.0,0.0,0.0,0.0,0.0,0.0,0.0,0.0,0.0,0.0,0.0,0.0,0.0,0.0,0.0,0.0,0.0,0.0,0.0,0.0,0.0,0.0,0.0,0.0,0.0,0.0,0.0,0.0,0.0,0.0,0.0,0.0,0.0,0.0,0.0,0.0,0.0,0.0,0.0,0.0,0.0,0.0,0.0,0.0,0.0,0.0,0.0,0.0,0.0,0.0,0.0,0.0,0.0
0.0,0.0,0.0,0.0,0.0,0.0,0.0,0.0,0.0,0.0,0.0,0.0,0.0,0.0,0.0,0.0,0.0,0.0,0.0,0.0,0.0,0.0,0.0,0.0,0.0,0.0,0.0,0.0,0.0,0.0,0.0,0.0,0.0,0.0,0.0,0.0,0.0,0.0,0.0,0.0,0.0,0.0,0.0,0.0,0.0,0.0,0.0,0.0,0.0,0.0,0.0,0.0,0.0,0.0,0.0,0.0,0.0,0.0,0.0,0.0,0.0,0.0,0.0,0.0,0.0,0.0,0.0,0.0,0.0,0.0,0.0,0.0,0.0,0.0,0.0,0.0,0.0,0.0,0.0,0.0,0.0,0.0,0.0,0.0,0.0,0.0,0.0,0.0,0.0,0.0,0.0,0.0,0.0,0.0,0.0,0.0
0.0,0.0,0.0,0.0,0.0,0.0,0.0,0.0,0.0,0.0,0.0,0.0,0.0,0.0,0.0,0.0,0.0,0.0,0.0,0.0,0.0,0.0,0.0,0.0,0.0,0.0,0.0,0.0,0.0,0.0,0.0,0.0,0.0,0.0,0.0,0.0,0.0,0.0,0.0,0.0,0.0,0.0,0.0,0.0,0.0,0.0,0.0,0.0,0.0,0.0,0.0,0.0,0.0,0.0,0.0,0.0,0.0,0.0,0.0,0.0,0.0,0.0,0.0,0.0,0.0,0.0,0.0,0.0,0.0,0.0,0.0,0.0,0.0,0.0,0.0,0.0,0.0,0.0,0.0,0.0,0.0,0.0,0.0,0.0,0.0,0.0,0.0,0.0,0.0,0.0,0.0,0.0,0.0,0.0,0.0,0.0
0.0,0.0,0.0,0.0,0.0,0.0,0.0,0.0,0.0,0.0,0.0,0.0,0.0,0.0,0.0,0.0,0.0,0.0,0.0,0.0,0.0,0.0,0.0,0.0,0.0,0.0,0.0,0.0,0.0,0.0,0.0,0.0,0.0,0.0,0.0,0.0,0.0,0.0,0.0,0.0,0.0,0.0,0.0,0.0,0.0,0.0,0.0,0.0,0.0,0.0,0.0,0.0,0.0,0.0,0.0,0.0,0.0,0.0,0.0,0.0,0.0,0.0,0.0,0.0,0.0,0.0,0.0,0.0,0.0,0.0,0.0,0.0,0.0,0.0,0.0,0.0,0.0,0.0,0.0,0.0,0.0,0.0,0.0,0.0,0.0,0.0,0.0,0.0,0.0,0.0,0.0,0.0,0.0,0.0,0.0,0.0
0.0,0.0,0.0,0.0,0.0,0.0,0.0,0.0,0.0,0.0,0.0,0.0,0.0,0.0,0.0,0.0,0.0,0.0,0.0,0.0,0.0,0.0,0.0,0.0,0.0,0.0,0.0,0.0,0.0,0.0,0.0,0.0,0.0,0.0,0.0,0.0,0.0,0.0,0.0,0.0,0.0,0.0,0.0,0.0,0.0,0.0,0.0,0.0,0.0,0.0,0.0,0.0,0.0,0.0,0.0,0.0,0.0,0.0,0.0,0.0,0.0,0.0,0.0,0.0,0.0,0.0,0.0,0.0,0.0,0.0,0.0,0.0,0.0,0.0,0.0,0.0,0.0,0.0,0.0,0.0,0.0,0.0,0.0,0.0,0.0,0.0,0.0,0.0,0.0,0.0,0.0,0.0,0.0,0.0,0.0,0.0
