0.0,0.0,0.0,0.0,0.0,0.0,0.0,0.004174444,0.009342804,0.015107512,0.027630845,0.041545658,0.05724952,0.039557828,0.0351846,0.024450316,0.018685607,0.011330634,0.001789048,0.0,0.0,0.0,0.0,0.0,0.0,0.0,0.0,0.0,0.0,0.0,0.0,0.004174444,0.009342804,0.015107512,0.027630845,0.041545658,0.05724952,0.039557828,0.0351846,0.024450316,0.018685607,0.011330634,0.001789048,0.0,0.0,0.0,0.0,0.0,0.0,0.0,0.0,0.0,0.0,0.0,0.0,0.004174444,0.009342804,0.015107512,0.027630845,0.041545658,0.05724952,0.039557828,0.0351846,0.024450316,0.018685607,0.011330634,0.001789048,0.0,0.0,0.0,0.0,0.0,0.0,0.0,0.0,0.0,0.0,0.0,0.0,0.004174444,0.009342804,0.015107512,0.027630845,0.041545658,0.05724952,0.039557828,0.0351846,0.024450316,0.018685607,0.011330634,0.001789048,0.0,0.0,0.0,0.0,0.0
0.0,0.0,0.0,0.0,0.0,0.0,0.0,0.000198783,0.001590265,0.00516836,0.010535502,0.013716031,0.015306295,0.019679522,0.009541587,0.008150106,0.010734285,0.001391481,0.0,0.0,0.0,0.0,0.0,0.0,0.0,0.0,0.0,0.0,0.0,0.0,0.0,0.000198783,0.001590265,0.00516836,0.010535502,0.013716031,0.015306295,0.019679522,0.009541587,0.008150106,0.010734285,0.001391481,0.0,0.0,0.0,0.0,0.0,0.0,0.0,0.0,0.0,0.0,0.0,0.0,0.0,0.000198783,0.001590265,0.00516836,0.010535502,0.013716031,0.015306295,0.019679522,0.009541587,0.008150106,0.010734285,0.001391481,0.0,0.0,0.0,0.0,0.0,0.0,0.0,0.0,0.0,0.0,0.0,0.0,0.0,0.000198783,0.001590265,0.00516836,0.010535502,0.013716031,0.015306295,0.019679522,0.009541587,0.008150106,0.010734285,0.001391481,0.0,0.0,0.0,0.0,0.0,0.0
0.0,0.0,0.0,0.0,0.0,0.0,0.002981746,0.033991903,0.051882379,0.047310368,0.096608566,0.132389517,0.130004116,0.132389517,0.136563955,0.137756662,0.128016287,0.072555817,0.0,0.0,0.0,0.0,0.0,0.0,0.0,0.0,0.0,0.0,0.0,0.0,0.002981746,0.033991903,0.051882379,0.047310368,0.096608566,0.132389517,0.130004116,0.132389517,0.136563955,0.137756662,0.128016287,0.072555817,0.0,0.0,0.0,0.0,0.0,0.0,0.0,0.0,0.0,0.0,0.0,0.0,0.002981746,0.033991903,0.051882379,0.047310368,0.096608566,0.132389517,0.130004116,0.132389517,0.136563955,0.137756662,0.128016287,0.072555817,0.0,0.0,0.0,0.0,0.0,0.0,0.0,0.0,0.0,0.0,0.0,0.0,0.002981746,0.033991903,0.051882379,0.047310368,0.096608566,0.132389517,0.130004116,0.132389517,0.136563955,0.137756662,0.128016287,0.072555817,0.0,0.0,0.0,0.0,0.0,0.0
0.0,0.0,0.0,0.0,0.0,0.0,0.0,0.078418309,0.222153616,0.224419242,0.170841127,0.241368558,0.261094523,0.272882514,0.245164955,0.249118623,0.190305824,0.130614878,0.011142357,0.0,0.0,0.0,0.0,0.0,0.0,0.0,0.0,0.0,0.0,0.0,0.0,0.078418309,0.222153616,0.224419242,0.170841127,0.241368558,0.261094523,0.272882514,0.245164955,0.249118623,0.190305824,0.130614878,0.011142357,0.0,0.0,0.0,0.0,0.0,0.0,0.0,0.0,0.0,0.0,0.0,0.0,0.078418309,0.222153616,0.224419242,0.170841127,0.241368558,0.261094523,0.272882514,0.245164955,0.249118623,0.190305824,0.130614878,0.011142357,0.0,0.0,0.0,0.0,0.0,0.0,0.0,0.0,0.0,0.0,0.0,0.0,0.078418309,0.222153616,0.224419242,0.170841127,0.241368558,0.261094523,0.272882514,0.245164955,0.249118623,0.190305824,0.130614878,0.011142357,0.0,0.0,0.0,0.0,0.0
0.0,0.0,0.0,0.0,0.0,0.0,0.0,0.006406175,0.019427632,0.061100771,0.108071651,0.09156734,0.094107776,0.081671435,0.060350034,0.026470711,0.036865012,0.015303606,0.0,0.0,0.0,0.0,0.0,0.0,0.0,0.0,0.0,0.0,0.0,0.0,0.0,0.006406175,0.019427632,0.061100771,0.108071651,0.09156734,0.094107776,0.081671435,0.060350034,0.026470711,0.036865012,0.015303606,0.0,0.0,0.0,0.0,0.0,0.0,0.0,0.0,0.0,0.0,0.0,0.0,0.0,0.006406175,0.019427632,0.061100771,0.108071651,0.09156734,0.094107776,0.081671435,0.060350034,0.026470711,0.036865012,0.015303606,0.0,0.0,0.0,0.0,0.0,0.0,0.0,0.0,0.0,0.0,0.0,0.0,0.0,0.006406175,0.019427632,0.061100771,0.108071651,0.09156734,0.094107776,0.081671435,0.060350034,0.026470711,0.036865012,0.015303606,0.0,0.0,0.0,0.0,0.0,0.0
0.0,0.0,0.0,0.0,0.0,0.0,0.0,0.00039459,0.004337509,0.010253376,0.012626866,0.020482939,0.020527586,0.022257103,0.01557587,0.008675017,0.008105457,0.006699093,0.002563344,0.0,0.0,0.0,0.0,0.0,0.0,0.0,0.0,0.0,0.0,0.0,0.0,0.00039459,0.004337509,0.010253376,0.012626866,0.020482939,0.020527586,0.022257103,0.01557587,0.008675017,0.008105457,0.006699093,0.002563344,0.0,0.0,0.0,0.0,0.0,0.0,0.0,0.0,0.0,0.0,0.0,0.0,0.00039459,0.004337509,0.010253376,0.012626866,0.020482939,0.020527586,0.022257103,0.01557587,0.008675017,0.008105457,0.006699093,0.002563344,0.0,0.0,0.0,0.0,0.0,0.0,0.0,0.0,0.0,0.0,0.0,0.0,0.00039459,0.004337509,0.010253376,0.012626866,0.020482939,0.020527586,0.022257103,0.01557587,0.008675017,0.008105457,0.006699093,0.002563344,0.0,0.0,0.0,0.0,0.0
0.0,0.0,0.0,0.0,0.0,0.0,0.0,0.002846126,0.006098842,0.014840515,0.028257968,0.024395368,0.033340337,0.02358219,0.015856989,0.013620747,0.029274442,0.012400979,0.000609884,0.0,0.0,0.0,0.0,0.0,0.0,0.0,0.0,0.0,0.0,0.0,0.0,0.002846126,0.006098842,0.014840515,0.028257968,0.024395368,0.033340337,0.02358219,0.015856989,0.013620747,0.029274442,0.012400979,0.000609884,0.0,0.0,0.0,0.0,0.0,0.0,0.0,0.0,0.0,0.0,0.0,0.0,0.002846126,0.006098842,0.014840515,0.028257968,0.024395368,0.033340337,0.02358219,0.015856989,0.013620747,0.029274442,0.012400979,0.000609884,0.0,0.0,0.0,0.0,0.0,0.0,0.0,0.0,0.0,0.0,0.0,0.0,0.002846126,0.006098842,0.014840515,0.028257968,0.024395368,0.033340337,0.02358219,0.015856989,0.013620747,0.029274442,0.012400979,0.000609884,0.0,0.0,0.0,0.0,0.0
0.0,0.0,0.0,0.0,0.0,0.0,0.0,0.001192698,0.005764708,0.015306295,0.011529417,0.012920898,0.011529417,0.010336719,0.007752539,0.006361058,0.004969576,0.00516836,0.0,0.0,0.0,0.0,0.0,0.0,0.0,0.0,0.0,0.0,0.0,0.0,0.0,0.001192698,0.005764708,0.015306295,0.011529417,0.012920898,0.011529417,0.010336719,0.007752539,0.006361058,0.004969576,0.00516836,0.0,0.0,0.0,0.0,0.0,0.0,0.0,0.0,0.0,0.0,0.0,0.0,0.0,0.001192698,0.005764708,0.015306295,0.011529417,0.012920898,0.011529417,0.010336719,0.007752539,0.006361058,0.004969576,0.00516836,0.0,0.0,0.0,0.0,0.0,0.0,0.0,0.0,0.0,0.0,0.0,0.0,0.0,0.001192698,0.005764708,0.015306295,0.011529417,0.012920898,0.011529417,0.010336719,0.007752539,0.006361058,0.004969576,0.00516836,0.0,0.0,0.0,0.0,0.0,0.0
0.0,0.0,0.0,0.0,0.0,0.0,0.0,0.017425366,0.092786736,0.156980153,0.240304387,0.289440425,0.277922858,0.242263431,0.211619867,0.133757973,0.117157913,0.035483103,0.080964083,0.0,0.0,0.0,0.0,0.0,0.0,0.0,0.0,0.0,0.0,0.0,0.0,0.017425366,0.092786736,0.156980153,0.240304387,0.289440425,0.277922858,0.242263431,0.211619867,0.133757973,0.117157913,0.035483103,0.080964083,0.0,0.0,0.0,0.0,0.0,0.0,0.0,0.0,0.0,0.0,0.0,0.0,0.017425366,0.092786736,0.156980153,0.240304387,0.289440425,0.277922858,0.242263431,0.211619867,0.133757973,0.117157913,0.035483103,0.080964083,0.0,0.0,0.0,0.0,0.0,0.0,0.0,0.0,0.0,0.0,0.0,0.0,0.017425366,0.092786736,0.156980153,0.240304387,0.289440425,0.277922858,0.242263431,0.211619867,0.133757973,0.117157913,0.035483103,0.080964083,0.0,0.0,0.0,0.0,0.0
0.0,0.0,0.0,0.0,0.0,0.0,0.0,0.0,0.0,0.0,0.0,0.0,0.0,0.0,0.0,0.0,0.0,0.0,0.0,0.0,0.0,0.0,0.0,0.0,0.0,0.0,0.0,0.0,0.0,0.0,0.0,0.0,0.0,0.0,0.0,0.0,0.0,0.0,0.0,0.0,0.0,0.0,0.0,0.0,0.0,0.0,0.0,0.0,0.0,0.0,0.0,0.0,0.0,0.0,0.0,0.0,0.0,0.0,0.0,0.0,0.0,0.0,0.0,0.0,0.0,0.0,0.0,0.0,0.0,0.0,0.0,0.0,0.0,0.0,0.0,0.0,0.0,0.0,0.0,0.0,0.0,0.0,0.0,0.0,0.0,0.0,0.0,0.0,0.0,0.0,0.0,0.0,0.0,0.0,0.0,0.0
0.0,0.0,0.0,0.0,0.0,0.0,0.0,0.0,0.0,0.0,0.0,0.0,0.0,0.0,0.0,0.0,0.0,0.0,0.0,0.0,0.0,0.0,0.0,0.0,0.0,0.0,0.0,0.0,0.0,0.0,0.0,0.0,0.0,0.0,0.0,0.0,0.0,0.0,0.0,0.0,0.0,0.0,0.0,0.0,0.0,0.0,0.0,0.0,0.0,0.0,0.0,0.0,0.0,0.0,0.0,0.0,0.0,0.0,0.0,0.0,0.0,0.0,0.0,0.0,0.0,0.0,0.0,0.0,0.0,0.0,0.0,0.0,0.0,0.0,0.0,0.0,0.0,0.0,0.0,0.0,0.0,0.0,0.0,0.0,0.0,0.0,0.0,0.0,0.0,0.0,0.0,0.0,0.0,0.0,0.0,0.0
0.0,0.0,0.0,0.0,0.0,0.0,0.0,0.0,0.0,0.0,0.0,0.0,0.0,0.0,0.0,0.0,0.0,0.0,0.0,0.0,0.0,0.0,0.0,0.0,0.0,0.0,0.0,0.0,0.0,0.0,0.0,0.0,0.0,0.0,0.0,0.0,0.0,0.0,0.0,0.0,0.0,0.0,0.0,0.0,0.0,0.0,0.0,0.0,0.0,0.0,0.0,0.0,0.0,0.0,0.0,0.0,0.0,0.0,0.0,0.0,0.0,0.0,0.0,0.0,0.0,0.0,0.0,0.0,0.0,0.0,0.0,0.0,0.0,0.0,0.0,0.0,0.0,0.0,0.0,0.0,0.0,0.0,0.0,0.0,0.0,0.0,0.0,0.0,0.0,0.0,0.0,0.0,0.0,0.0,0.0,0.0
0.0,0.0,0.0,0.0,0.0,0.0,0.0,0.0,0.0,0.0,0.0,0.0,0.0,0.0,0.0,0.0,0.0,0.0,0.0,0.0,0.0,0.0,0.0,0.0,0.0,0.0,0.0,0.0,0.0,0.0,0.0,0.0,0.0,0.0,0.0,0.0,0.0,0.0,0.0,0.0,0.0,0.0,0.0,0.0,0.0,0.0,0.0,0.0,0.0,0.0,0.0,0.0,0.0,0.0,0.0,0.0,0.0,0.0,0.0,0.0,0.0,0.0,0.0,0.0,0.0,0.0,0.0,0.0,0.0,0.0,0.0,0.0,0.0,0.0,0.0,0.0,0.0,0.0,0.0,0.0,0.0,0.0,0.0,0.0,0.0,0.0,0.0,0.0,0.0,0.0,0.0,0.0,0.0,0.0,0.0,0.0
0.0,0.0,0.0,0.0,0.0,0.0,0.0,0.0,0.0,0.0,0.0,0.0,0.0,0.0,0.0,0.0,0.0,0.0,0.0,0.0,0.0,0.0,0.0,0.0,0.0,0.0,0.0,0.0,0.0,0.0,0.0,0.0,0.0,0.0,0.0,0.0,0.0,0.0,0.0,0.0,0.0,0.0,0.0,0.0,0.0,0.0,0.0,0.0,0.0,0.0,0.0,0.0,0.0,0.0,0.0,0.0,0.0,0.0,0.0,0.0,0.0,0.0,0.0,0.0,0.0,0.0,0.0,0.0,0.0,0.0,0.0,0.0,0.0,0.0,0.0,0.0,0.0,0.0,0.0,0.0,0.0,0.0,0.0,0.0,0.0,0.0,0.0,0.0,0.0,0.0,0.0,0.0,0.0,0.0,0.0,0.0
0.0,0.0,0.0,0.0,0.0,0.0,0.0,0.0,0.0,0.0,0.0,0.0,0.0,0.0,0.0,0.0,0.0,0.0,0.0,0.0,0.0,0.0,0.0,0.0,0.0,0.0,0.0,0.0,0.0,0.0,0.0,0.0,0.0,0.0,0.0,0.0,0.0,0.0,0.0,0.0,0.0,0.0,0.0,0.0,0.0,0.0,0.0,0.0,0.0,0.0,0.0,0.0,0.0,0.0,0.0,0.0,0.0,0.0,0.0,0.0,0.0,0.0,0.0,0.0,0.0,0.0,0.0,0.0,0.0,0.0,0.0,0.0,0.0,0.0,0.0,0.0,0.0,0.0,0.0,0.0,0.0,0.0,0.0,0.0,0.0,0.0,0.0,0.0,0.0,0.0,0.0,0.0,0.0,0.0,0.0,0.0
0.0,0.0,0.0,0.0,0.0,0.0,0.0,0.0,0.0,0.0,0.0,0.0,0.0,0.0,0.0,0.0,0.0,0.0,0.0,0.0,0.0,0.0,0.0,0.0,0.0,0.0,0.0,0.0,0.0,0.0,0.0,0.0,0.0,0.0,0.0,0.0,0.0,0.0,0.0,0.0,0.0,0.0,0.0,0.0,0.0,0.0,0.0,0.0,0.0,0.0,0.0,0.0,0.0,0.0,0.0,0.0,0.0,0.0,0.0,0.0,0.0,0.0,0.0,0.0,0.0,0.0,0.0,0.0,0.0,0.0,0.0,0.0,0.0,0.0,0.0,0.0,0.0,0.0,0.0,0.0,0.0,0.0,0.0,0.0,0.0,0.0,0.0,0.0,0.0,0.0,0.0,0.0,0.0,0.0,0.0,0.0
0.0,0.0,0.0,0.0,0.0,0.0,0.0,0.0,0.0,0.0,0.0,0.0,0.0,0.0,0.0,0.0,0.0,0.0,0.0,0.0,0.0,0.0,0.0,0.0,0.0,0.0,0.0,0.0,0.0,0.0,0.0,0.0,0.0,0.0,0.0,0.0,0.0,0.0,0.0,0.0,0.0,0.0,0.0,0.0,0.0,0.0,0.0,0.0,0.0,0.0,0.0,0.0,0.0,0.0,0.0,0.0,0.0,0.0,0.0,0.0,0.0,0.0,0.0,0.0,0.0,0.0,0.0,0.0,0.0,0.0,0.0,0.0,0.0,0.0,0.0,0.0,0.0,0.0,0.0,0.0,0.0,0.0,0.0,0.0,0.0,0.0,0.0,0.0,0.0,0.0,0.0,0.0,0.0,0.0,0.0,0.0
0.0,0.0,0.0,0.0,0.0,0.0,0.0,0.147298244,0.452629021,0.551419351,0.571428571,0.571098881,0.539429341,0.520215266,0.527235694,0.555264111,0.492981971,0.367351086,0.137160308,0.0,0.0,0.0,0.0,0.0,0.0,0.0,0.0,0.0,0.0,0.0,0.0,0.147298244,0.452629021,0.551419351,0.571428571,0.571098881,0.539429341,0.520215266,0.527235694,0.555264111,0.492981971,0.367351086,0.137160308,0.0,0.0,0.0,0.0,0.0,0.0,0.0,0.0,0.0,0.0,0.0,0.0,0.147298244,0.452629021,0.551419351,0.571428571,0.571098881,0.539429341,0.520215266,0.527235694,0.555264111,0.492981971,0.367351086,0.137160308,0.0,0.0,0.0,0.0,0.0,0.0,0.0,0.0,0.0,0.0,0.0,0.0,0.147298244,0.452629021,0.551419351,0.571428571,0.571098881,0.539429341,0.520215266,0.527235694,0.555264111,0.492981971,0.367351086,0.137160308,0.0,0.0,0.0,0.0,0.0
0.0,0.0,0.0,0.0,0.0,0.0,0.0,0.051087245,0.042937141,0.142857143,0.142857143,0.142857143,0.083886448,0.080904705,0.051683593,0.041148093,0.045720104,0.016697776,0.004373227,0.0,0.0,0.0,0.0,0.0,0.0,0.0,0.0,0.0,0.0,0.0,0.0,0.051087245,0.042937141,0.142857143,0.142857143,0.142857143,0.083886448,0.080904705,0.051683593,0.041148093,0.045720104,0.016697776,0.004373227,0.0,0.0,0.0,0.0,0.0,0.0,0.0,0.0,0.0,0.0,0.0,0.0,0.051087245,0.042937141,0.142857143,0.142857143,0.142857143,0.083886448,0.080904705,0.051683593,0.041148093,0.045720104,0.016697776,0.004373227,0.0,0.0,0.0,0.0,0.0,0.0,0.0,0.0,0.0,0.0,0.0,0.0,0.051087245,0.042937141,0.142857143,0.142857143,0.142857143,0.083886448,0.080904705,0.051683593,0.041148093,0.045720104,0.016697776,0.004373227,0.0,0.0,0.0,0.0,0.0
0.0,0.0,0.0,0.0,0.0,0.0,0.027432061,0.102373271,0.142857143,0.132787078,0.084681582,0.117679571,0.113902694,0.142857143,0.142857143,0.142857143,0.082296186,0.070567983,0.017492909,0.0,0.0,0.0,0.0,0.0,0.0,0.0,0.0,0.0,0.0,0.0,0.027432061,0.102373271,0.142857143,0.132787078,0.084681582,0.117679571,0.113902694,0.142857143,0.142857143,0.142857143,0.082296186,0.070567983,0.017492909,0.0,0.0,0.0,0.0,0.0,0.0,0.0,0.0,0.0,0.0,0.0,0.027432061,0.102373271,0.142857143,0.132787078,0.084681582,0.117679571,0.113902694,0.142857143,0.142857143,0.142857143,0.082296186,0.070567983,0.017492909,0.0,0.0,0.0,0.0,0.0,0.0,0.0,0.0,0.0,0.0,0.0,0.027432061,0.102373271,0.142857143,0.132787078,0.084681582,0.117679571,0.113902694,0.142857143,0.142857143,0.142857143,0.082296186,0.070567983,0.017492909,0.0,0.0,0.0,0.0,0.0
0.0,0.0,0.0,0.0,0.0,0.0,0.0,0.132835101,0.263947638,0.344375601,0.455686122,0.452892265,0.475964674,0.508870603,0.510262421,0.503535823,0.481240055,0.356555238,0.095874311,0.0,0.0,0.0,0.0,0.0,0.0,0.0,0.0,0.0,0.0,0.0,0.0,0.132835101,0.263947638,0.344375601,0.455686122,0.452892265,0.475964674,0.508870603,0.510262421,0.503535823,0.481240055,0.356555238,0.095874311,0.0,0.0,0.0,0.0,0.0,0.0,0.0,0.0,0.0,0.0,0.0,0.0,0.132835101,0.263947638,0.344375601,0.455686122,0.452892265,0.475964674,0.508870603,0.510262421,0.503535823,0.481240055,0.356555238,0.095874311,0.0,0.0,0.0,0.0,0.0,0.0,0.0,0.0,0.0,0.0,0.0,0.0,0.132835101,0.263947638,0.344375601,0.455686122,0.452892265,0.475964674,0.508870603,0.510262421,0.503535823,0.481240055,0.356555238,0.095874311,0.0,0.0,0.0,0.0,0.0
0.0,0.0,0.0,0.0,0.0,0.0,0.024500466,0.211818442,0.47255618,0.607303288,0.777964168,0.65120522,0.645368458,0.73522581,0.705010783,0.779156862,0.765478605,0.562586389,0.146532976,0.0,0.0,0.0,0.0,0.0,0.0,0.0,0.0,0.0,0.0,0.0,0.024500466,0.211818442,0.47255618,0.607303288,0.777964168,0.65120522,0.645368458,0.73522581,0.705010783,0.779156862,0.765478605,0.562586389,0.146532976,0.0,0.0,0.0,0.0,0.0,0.0,0.0,0.0,0.0,0.0,0.0,0.024500466,0.211818442,0.47255618,0.607303288,0.777964168,0.65120522,0.645368458,0.73522581,0.705010783,0.779156862,0.765478605,0.562586389,0.146532976,0.0,0.0,0.0,0.0,0.0,0.0,0.0,0.0,0.0,0.0,0.0,0.024500466,0.211818442,0.47255618,0.607303288,0.777964168,0.65120522,0.645368458,0.73522581,0.705010783,0.779156862,0.765478605,0.562586389,0.146532976,0.0,0.0,0.0,0.0,0.0
0.0,0.0,0.0,0.0,0.0,0.0,0.0,0.150154716,0.268742275,0.285714286,0.272872654,0.189263284,0.155043545,0.17482232,0.199654676,0.127945892,0.151415229,0.143668648,0.040375482,0.0,0.0,0.0,0.0,0.0,0.0,0.0,0.0,0.0,0.0,0.0,0.0,0.150154716,0.268742275,0.285714286,0.272872654,0.189263284,0.155043545,0.17482232,0.199654676,0.127945892,0.151415229,0.143668648,0.040375482,0.0,0.0,0.0,0.0,0.0,0.0,0.0,0.0,0.0,0.0,0.0,0.0,0.150154716,0.268742275,0.285714286,0.272872654,0.189263284,0.155043545,0.17482232,0.199654676,0.127945892,0.151415229,0.143668648,0.040375482,0.0,0.0,0.0,0.0,0.0,0.0,0.0,0.0,0.0,0.0,0.0,0.0,0.150154716,0.268742275,0.285714286,0.272872654,0.189263284,0.155043545,0.17482232,0.199654676,0.127945892,0.151415229,0.143668648,0.040375482,0.0,0.0,0.0,0.0,0.0
0.0,0.0,0.0,0.0,0.0,0.0,0.0038626,0.141899721,0.241717429,0.271949297,0.285714286,0.285714286,0.285714286,0.285714286,0.285714286,0.285714286,0.285714286,0.211629821,0.062818073,0.0,0.0,0.0,0.0,0.0,0.0,0.0,0.0,0.0,0.0,0.0,0.0038626,0.141899721,0.241717429,0.271949297,0.285714286,0.285714286,0.285714286,0.285714286,0.285714286,0.285714286,0.285714286,0.211629821,0.062818073,0.0,0.0,0.0,0.0,0.0,0.0,0.0,0.0,0.0,0.0,0.0,0.0038626,0.141899721,0.241717429,0.271949297,0.285714286,0.285714286,0.285714286,0.285714286,0.285714286,0.285714286,0.285714286,0.211629821,0.062818073,0.0,0.0,0.0,0.0,0.0,0.0,0.0,0.0,0.0,0.0,0.0,0.0038626,0.141899721,0.241717429,0.271949297,0.285714286,0.285714286,0.285714286,0.285714286,0.285714286,0.285714286,0.285714286,0.211629821,0.062818073,0.0,0.0,0.0,0.0,0.0
0.0,0.0,0.0,0.0,0.0,0.0,0.008746454,0.064008143,0.072555817,0.083687667,0.03379312,0.051683593,0.072953384,0.090048726,0.077127828,0.126823592,0.10177693,0.072754598,0.030215024,0.0,0.0,0.0,0.0,0.0,0.0,0.0,0.0,0.0,0.0,0.0,0.008746454,0.064008143,0.072555817,0.083687667,0.03379312,0.051683593,0.072953384,0.090048726,0.077127828,0.126823592,0.10177693,0.072754598,0.030215024,0.0,0.0,0.0,0.0,0.0,0.0,0.0,0.0,0.0,0.0,0.0,0.008746454,0.064008143,0.072555817,0.083687667,0.03379312,0.051683593,0.072953384,0.090048726,0.077127828,0.126823592,0.10177693,0.072754598,0.030215024,0.0,0.0,0.0,0.0,0.0,0.0,0.0,0.0,0.0,0.0,0.0,0.008746454,0.064008143,0.072555817,0.083687667,0.03379312,0.051683593,0.072953384,0.090048726,0.077127828,0.126823592,0.10177693,0.072754598,0.030215024,0.0,0.0,0.0,0.0,0.0
0.0,0.0,0.0,0.0,0.0,0.0,0.0,0.285004678,0.65607211,0.819975262,0.783530093,0.724889088,0.678160139,0.648410555,0.669695275,0.621987345,0.574247527,0.406412822,0.160557732,0.000993915,0.0,0.0,0.0,0.0,0.0,0.0,0.0,0.0,0.0,0.0,0.0,0.285004678,0.65607211,0.819975262,0.783530093,0.724889088,0.678160139,0.648410555,0.669695275,0.621987345,0.574247527,0.406412822,0.160557732,0.000993915,0.0,0.0,0.0,0.0,0.0,0.0,0.0,0.0,0.0,0.0,0.0,0.285004678,0.65607211,0.819975262,0.783530093,0.724889088,0.678160139,0.648410555,0.669695275,0.621987345,0.574247527,0.406412822,0.160557732,0.000993915,0.0,0.0,0.0,0.0,0.0,0.0,0.0,0.0,0.0,0.0,0.0,0.285004678,0.65607211,0.819975262,0.783530093,0.724889088,0.678160139,0.648410555,0.669695275,0.621987345,0.574247527,0.406412822,0.160557732,0.000993915,0.0,0.0,0.0,0.0
0.0,0.0,0.0,0.0,0.0,0.0,0.0,0.0,0.0,0.0,0.0,0.0,0.0,0.0,0.0,0.0,0.0,0.0,0.0,0.0,0.0,0.0,0.0,0.0,0.0,0.0,0.0,0.0,0.0,0.0,0.0,0.0,0.0,0.0,0.0,0.0,0.0,0.0,0.0,0.0,0.0,0.0,0.0,0.0,0.0,0.0,0.0,0.0,0.0,0.0,0.0,0.0,0.0,0.0,0.0,0.0,0.0,0.0,0.0,0.0,0.0,0.0,0.0,0.0,0.0,0.0,0.0,0.0,0.0,0.0,0.0,0.0,0.0,0.0,0.0,0.0,0.0,0.0,0.0,0.0,0.0,0.0,0.0,0.0,0.0,0.0,0.0,0.0,0.0,0.0,0.0,0.0,0.0,0.0,0.0,0.0
0.0,0.0,0.0,0.0,0.0,0.0,0.0,0.0,0.0,0.0,0.0,0.0,0.0,0.0,0.0,0.0,0.0,0.0,0.0,0.0,0.0,0.0,0.0,0.0,0.0,0.0,0.0,0.0,0.0,0.0,0.0,0.0,0.0,0.0,0.0,0.0,0.0,0.0,0.0,0.0,0.0,0.0,0.0,0.0,0.0,0.0,0.0,0.0,0.0,0.0,0.0,0.0,0.0,0.0,0.0,0.0,0.0,0.0,0.0,0.0,0.0,0.0,0.0,0.0,0.0,0.0,0.0,0.0,0.0,0.0,0.0,0.0,0.0,0.0,0.0,0.0,0.0,0.0,0.0,0.0,0.0,0.0,0.0,0.0,0.0,0.0,0.0,0.0,0.0,0.0,0.0,0.0,0.0,0.0,0.0,0.0
0.0,0.0,0.0,0.0,0.0,0.0,0.0,0.0,0.0,0.0,0.0,0.0,0.0,0.0,0.0,0.0,0.0,0.0,0.0,0.0,0.0,0.0,0.0,0.0,0.0,0.0,0.0,0.0,0.0,0.0,0.0,0.0,0.0,0.0,0.0,0.0,0.0,0.0,0.0,0.0,0.0,0.0,0.0,0.0,0.0,0.0,0.0,0.0,0.0,0.0,0.0,0.0,0.0,0.0,0.0,0.0,0.0,0.0,0.0,0.0,0.0,0.0,0.0,0.0,0.0,0.0,0.0,0.0,0.0,0.0,0.0,0.0,0.0,0.0,0.0,0.0,0.0,0.0,0.0,0.0,0.0,0.0,0.0,0.0,0.0,0.0,0.0,0.0,0.0,0.0,0.0,0.0,0.0,0.0,0.0,0.0
0.0,0.0,0.0,0.0,0.0,0.0,0.0,0.0,0.0,0.0,0.0,0.0,0.0,0.0,0.0,0.0,0.0,0.0,0.0,0.0,0.0,0.0,0.0,0.0,0.0,0.0,0.0,0.0,0.0,0.0,0.0,0.0,0.0,0.0,0.0,0.0,0.0,0.0,0.0,0.0,0.0,0.0,0.0,0.0,0.0,0.0,0.0,0.0,0.0,0.0,0.0,0.0,0.0,0.0,0.0,0.0,0.0,0.0,0.0,0.0,0.0,0.0,0.0,0.0,0.0,0.0,0.0,0.0,0.0,0.0,0.0,0.0,0.0,0.0,0.0,0.0,0.0,0.0,0.0,0.0,0.0,0.0,0.0,0.0,0.0,0.0,0.0,0.0,0.0,0.0,0.0,0.0,0.0,0.0,0.0,0.0
0.0,0.0,0.0,0.0,0.0,0.0,0.0,0.0,0.0,0.0,0.0,0.0,0.0,0.0,0.0,0.0,0.0,0.0,0.0,0.0,0.0,0.0,0.0,0.0,0.0,0.0,0.0,0.0,0.0,0.0,0.0,0.0,0.0,0.0,0.0,0.0,0.0,0.0,0.0,0.0,0.0,0.0,0.0,0.0,0.0,0.0,0.0,0.0,0.0,0.0,0.0,0.0,0.0,0.0,0.0,0.0,0.0,0.0,0.0,0.0,0.0,0.0,0.0,0.0,0.0,0.0,0.0,0.0,0.0,0.0,0.0,0.0,0.0,0.0,0.0,0.0,0.0,0.0,0.0,0.0,0.0,0.0,0.0,0.0,0.0,0.0,0.0,0.0,0.0,0.0,0.0,0.0,0.0,0.0,0.0,0.0
0.0,0.0,0.0,0.0,0.0,0.0,0.0,0.0,0.0,0.0,0.0,0.0,0.0,0.0,0.0,0.0,0.0,0.0,0.0,0.0,0.0,0.0,0.0,0.0,0.0,0.0,0.0,0.0,0.0,0.0,0.0,0.0,0.0,0.0,0.0,0.0,0.0,0.0,0.0,0.0,0.0,0.0,0.0,0.0,0.0,0.0,0.0,0.0,0.0,0.0,0.0,0.0,0.0,0.0,0.0,0.0,0.0,0.0,0.0,0.0,0.0,0.0,0.0,0.0,0.0,0.0,0.0,0.0,0.0,0.0,0.0,0.0,0.0,0.0,0.0,0.0,0.0,0.0,0.0,0.0,0.0,0.0,0.0,0.0,0.0,0.0,0.0,0.0,0.0,0.0,0.0,0.0,0.0,0.0,0.0,0.0
0.0,0.0,0.0,0.0,0.0,0.0,0.0,0.0,0.0,0.0,0.0,0.0,0.0,0.0,0.0,0.0,0.0,0.0,0.0,0.0,0.0,0.0,0.0,0.0,0.0,0.0,0.0,0.0,0.0,0.0,0.0,0.0,0.0,0.0,0.0,0.0,0.0,0.0,0.0,0.0,0.0,0.0,0.0,0.0,0.0,0.0,0.0,0.0,0.0,0.0,0.0,0.0,0.0,0.0,0.0,0.0,0.0,0.0,0.0,0.0,0.0,0.0,0.0,0.0,0.0,0.0,0.0,0.0,0.0,0.0,0.0,0.0,0.0,0.0,0.0,0.0,0.0,0.0,0.0,0.0,0.0,0.0,0.0,0.0,0.0,0.0,0.0,0.0,0.0,0.0,0.0,0.0,0.0,0.0,0.0,0.0
0.0,0.0,0.0,0.0,0.0,0.0,0.0,0.0,0.0,0.0,0.0,0.0,0.0,0.0,0.0,0.0,0.0,0.0,0.0,0.0,0.0,0.0,0.0,0.0,0.0,0.0,0.0,0.0,0.0,0.0,0.0,0.0,0.0,0.0,0.0,0.0,0.0,0.0,0.0,0.0,0.0,0.0,0.0,0.0,0.0,0.0,0.0,0.0,0.0,0.0,0.0,0.0,0.0,0.0,0.0,0.0,0.0,0.0,0.0,0.0,0.0,0.0,0.0,0.0,0.0,0.0,0.0,0.0,0.0,0.0,0.0,0.0,0.0,0.0,0.0,0.0,0.0,0.0,0.0,0.0,0.0,0.0,0.0,0.0,0.0,0.0,0.0,0.0,0.0,0.0,0.0,0.0,0.0,0.0,0.0,0.0
0.0,0.0,0.0,0.0,0.0,0.0,0.0,0.0,0.026438146,0.046515237,0.011529417,0.020077089,0.026835713,0.01888439,0.011529417,0.004373227,0.009541586,0.0,0.0,0.0,0.0,0.0,0.0,0.0,0.0,0.0,0.0,0.0,0.0,0.0,0.0,0.0,0.026438146,0.046515237,0.011529417,0.020077089,0.026835713,0.01888439,0.011529417,0.004373227,0.009541586,0.0,0.0,0.0,0.0,0.0,0.0,0.0,0.0,0.0,0.0,0.0,0.0,0.0,0.0,0.0,0.026438146,0.046515237,0.011529417,0.020077089,0.026835713,0.01888439,0.011529417,0.004373227,0.009541586,0.0,0.0,0.0,0.0,0.0,0.0,0.0,0.0,0.0,0.0,0.0,0.0,0.0,0.0,0.0,0.026438146,0.046515237,0.011529417,0.020077089,0.026835713,0.01888439,0.011529417,0.004373227,0.009541586,0.0,0.0,0.0,0.0,0.0,0.0,0.0
0.0,0.0,0.0,0.0,0.0,0.0,0.0,0.0,0.0,0.002186614,0.003578095,0.002385397,0.003578095,0.003578095,0.003975661,0.009342803,0.0,0.0,0.0,0.0,0.0,0.0,0.0,0.0,0.0,0.0,0.0,0.0,0.0,0.0,0.0,0.0,0.0,0.002186614,0.003578095,0.002385397,0.003578095,0.003578095,0.003975661,0.009342803,0.0,0.0,0.0,0.0,0.0,0.0,0.0,0.0,0.0,0.0,0.0,0.0,0.0,0.0,0.0,0.0,0.0,0.002186614,0.003578095,0.002385397,0.003578095,0.003578095,0.003975661,0.009342803,0.0,0.0,0.0,0.0,0.0,0.0,0.0,0.0,0.0,0.0,0.0,0.0,0.0,0.0,0.0,0.0,0.0,0.002186614,0.003578095,0.002385397,0.003578095,0.003578095,0.003975661,0.009342803,0.0,0.0,0.0,0.0,0.0,0.0,0.0,0.0
0.0,0.0,0.0,0.0,0.0,0.0,0.0,0.0,0.004373227,0.007951322,0.031805288,0.041148093,0.046714018,0.057448304,0.029221109,0.045720104,0.002782963,0.0,0.0,0.0,0.0,0.0,0.0,0.0,0.0,0.0,0.0,0.0,0.0,0.0,0.0,0.0,0.004373227,0.007951322,0.031805288,0.041148093,0.046714018,0.057448304,0.029221109,0.045720104,0.002782963,0.0,0.0,0.0,0.0,0.0,0.0,0.0,0.0,0.0,0.0,0.0,0.0,0.0,0.0,0.0,0.004373227,0.007951322,0.031805288,0.041148093,0.046714018,0.057448304,0.029221109,0.045720104,0.002782963,0.0,0.0,0.0,0.0,0.0,0.0,0.0,0.0,0.0,0.0,0.0,0.0,0.0,0.0,0.0,0.004373227,0.007951322,0.031805288,0.041148093,0.046714018,0.057448304,0.029221109,0.045720104,0.002782963,0.0,0.0,0.0,0.0,0.0,0.0,0.0
0.0,0.0,0.0,0.0,0.0,0.0,0.0,0.0,0.005799963,0.023289063,0.048731527,0.059346221,0.085703201,0.118298596,0.066169029,0.024800719,0.006810064,0.0,0.0,0.0,0.0,0.0,0.0,0.0,0.0,0.0,0.0,0.0,0.0,0.0,0.0,0.0,0.005799963,0.023289063,0.048731527,0.059346221,0.085703201,0.118298596,0.066169029,0.024800719,0.006810064,0.0,0.0,0.0,0.0,0.0,0.0,0.0,0.0,0.0,0.0,0.0,0.0,0.0,0.0,0.0,0.005799963,0.023289063,0.048731527,0.059346221,0.085703201,0.118298596,0.066169029,0.024800719,0.006810064,0.0,0.0,0.0,0.0,0.0,0.0,0.0,0.0,0.0,0.0,0.0,0.0,0.0,0.0,0.0,0.005799963,0.023289063,0.048731527,0.059346221,0.085703201,0.118298596,0.066169029,0.024800719,0.006810064,0.0,0.0,0.0,0.0,0.0,0.0,0.0
0.0,0.0,0.0,0.0,0.0,0.0,0.0,0.0,0.190368502,0.293122237,0.379833904,0.253401921,0.169983919,0.127840363,0.06613277,0.052430322,0.011009207,0.0,0.0,0.0,0.0,0.0,0.0,0.0,0.0,0.0,0.0,0.0,0.0,0.0,0.0,0.0,0.190368502,0.293122237,0.379833904,0.253401921,0.169983919,0.127840363,0.06613277,0.052430322,0.011009207,0.0,0.0,0.0,0.0,0.0,0.0,0.0,0.0,0.0,0.0,0.0,0.0,0.0,0.0,0.0,0.190368502,0.293122237,0.379833904,0.253401921,0.169983919,0.127840363,0.06613277,0.052430322,0.011009207,0.0,0.0,0.0,0.0,0.0,0.0,0.0,0.0,0.0,0.0,0.0,0.0,0.0,0.0,0.0,0.190368502,0.293122237,0.379833904,0.253401921,0.169983919,0.127840363,0.06613277,0.052430322,0.011009207,0.0,0.0,0.0,0.0,0.0,0.0,0.0
0.0,0.0,0.0,0.0,0.0,0.0,0.0,0.0,0.009790325,0.040149264,0.038811359,0.04434752,0.051565569,0.056255995,0.036250991,0.024291912,0.007835237,0.0,0.0,0.0,0.0,0.0,0.0,0.0,0.0,0.0,0.0,0.0,0.0,0.0,0.0,0.0,0.009790325,0.040149264,0.038811359,0.04434752,0.051565569,0.056255995,0.036250991,0.024291912,0.007835237,0.0,0.0,0.0,0.0,0.0,0.0,0.0,0.0,0.0,0.0,0.0,0.0,0.0,0.0,0.0,0.009790325,0.040149264,0.038811359,0.04434752,0.051565569,0.056255995,0.036250991,0.024291912,0.007835237,0.0,0.0,0.0,0.0,0.0,0.0,0.0,0.0,0.0,0.0,0.0,0.0,0.0,0.0,0.0,0.009790325,0.040149264,0.038811359,0.04434752,0.051565569,0.056255995,0.036250991,0.024291912,0.007835237,0.0,0.0,0.0,0.0,0.0,0.0,0.0
0.0,0.0,0.0,0.0,0.0,0.0,0.0,0.0,0.001626358,0.016060284,0.028054674,0.017483347,0.011384505,0.012604273,0.004065895,0.004065895,0.001219768,0.0,0.0,0.0,0.0,0.0,0.0,0.0,0.0,0.0,0.0,0.0,0.0,0.0,0.0,0.0,0.001626358,0.016060284,0.028054674,0.017483347,0.011384505,0.012604273,0.004065895,0.004065895,0.001219768,0.0,0.0,0.0,0.0,0.0,0.0,0.0,0.0,0.0,0.0,0.0,0.0,0.0,0.0,0.0,0.001626358,0.016060284,0.028054674,0.017483347,0.011384505,0.012604273,0.004065895,0.004065895,0.001219768,0.0,0.0,0.0,0.0,0.0,0.0,0.0,0.0,0.0,0.0,0.0,0.0,0.0,0.0,0.0,0.001626358,0.016060284,0.028054674,0.017483347,0.011384505,0.012604273,0.004065895,0.004065895,0.001219768,0.0,0.0,0.0,0.0,0.0,0.0,0.0
0.0,0.0,0.0,0.0,0.0,0.0,0.0,0.0,0.027829628,0.056056823,0.050490898,0.030413807,0.04154566,0.018288041,0.003975661,0.006559841,0.001590265,0.0,0.0,0.0,0.0,0.0,0.0,0.0,0.0,0.0,0.0,0.0,0.0,0.0,0.0,0.0,0.027829628,0.056056823,0.050490898,0.030413807,0.04154566,0.018288041,0.003975661,0.006559841,0.001590265,0.0,0.0,0.0,0.0,0.0,0.0,0.0,0.0,0.0,0.0,0.0,0.0,0.0,0.0,0.0,0.027829628,0.056056823,0.050490898,0.030413807,0.04154566,0.018288041,0.003975661,0.006559841,0.001590265,0.0,0.0,0.0,0.0,0.0,0.0,0.0,0.0,0.0,0.0,0.0,0.0,0.0,0.0,0.0,0.027829628,0.056056823,0.050490898,0.030413807,0.04154566,0.018288041,0.003975661,0.006559841,0.001590265,0.0,0.0,0.0,0.0,0.0,0.0,0.0
0.0,0.0,0.0,0.0,0.0,0.0,0.0,0.0,0.001785046,0.013390603,0.024359204,0.038851481,0.062259276,0.075873176,0.066393443,0.078322336,0.011978193,0.0,0.0,0.0,0.0,0.0,0.0,0.0,0.0,0.0,0.0,0.0,0.0,0.0,0.0,0.0,0.001785046,0.013390603,0.024359204,0.038851481,0.062259276,0.075873176,0.066393443,0.078322336,0.011978193,0.0,0.0,0.0,0.0,0.0,0.0,0.0,0.0,0.0,0.0,0.0,0.0,0.0,0.0,0.0,0.001785046,0.013390603,0.024359204,0.038851481,0.062259276,0.075873176,0.066393443,0.078322336,0.011978193,0.0,0.0,0.0,0.0,0.0,0.0,0.0,0.0,0.0,0.0,0.0,0.0,0.0,0.0,0.0,0.001785046,0.013390603,0.024359204,0.038851481,0.062259276,0.075873176,0.066393443,0.078322336,0.011978193,0.0,0.0,0.0,0.0,0.0,0.0,0.0
0.0,0.0,0.0,0.0,0.0,0.0,0.0,0.0,0.0,0.0,0.0,0.0,0.0,0.0,0.0,0.0,0.0,0.0,0.0,0.0,0.0,0.0,0.0,0.0,0.0,0.0,0.0,0.0,0.0,0.0,0.0,0.0,0.0,0.0,0.0,0.0,0.0,0.0,0.0,0.0,0.0,0.0,0.0,0.0,0.0,0.0,0.0,0.0,0.0,0.0,0.0,0.0,0.0,0.0,0.0,0.0,0.0,0.0,0.0,0.0,0.0,0.0,0.0,0.0,0.0,0.0,0.0,0.0,0.0,0.0,0.0,0.0,0.0,0.0,0.0,0.0,0.0,0.0,0.0,0.0,0.0,0.0,0.0,0.0,0.0,0.0,0.0,0.0,0.0,0.0,0.0,0.0,0.0,0.0,0.0,0.0
0.0,0.0,0.0,0.0,0.0,0.0,0.0,0.0,0.0,0.0,0.0,0.0,0.0,0.0,0.0,0.0,0.0,0.0,0.0,0.0,0.0,0.0,0.0,0.0,0.0,0.0,0.0,0.0,0.0,0.0,0.0,0.0,0.0,0.0,0.0,0.0,0.0,0.0,0.0,0.0,0.0,0.0,0.0,0.0,0.0,0.0,0.0,0.0,0.0,0.0,0.0,0.0,0.0,0.0,0.0,0.0,0.0,0.0,0.0,0.0,0.0,0.0,0.0,0.0,0.0,0.0,0.0,0.0,0.0,0.0,0.0,0.0,0.0,0.0,0.0,0.0,0.0,0.0,0.0,0.0,0.0,0.0,0.0,0.0,0.0,0.0,0.0,0.0,0.0,0.0,0.0,0.0,0.0,0.0,0.0,0.0
0.0,0.0,0.0,0.0,0.0,0.0,0.0,0.0,0.0,0.0,0.0,0.0,0.0,0.0,0.0,0.0,0.0,0.0,0.0,0.0,0.0,0.0,0.0,0.0,0.0,0.0,0.0,0.0,0.0,0.0,0.0,0.0,0.0,0.0,0.0,0.0,0.0,0.0,0.0,0.0,0.0,0.0,0.0,0.0,0.0,0.0,0.0,0.0,0.0,0.0,0.0,0.0,0.0,0.0,0.0,0.0,0.0,0.0,0.0,0.0,0.0,0.0,0.0,0.0,0.0,0.0,0.0,0.0,0.0,0.0,0.0,0.0,0.0,0.0,0.0,0.0,0.0,0.0,0.0,0.0,0.0,0.0,0.0,0.0,0.0,0.0,0.0,0.0,0.0,0.0,0.0,0.0,0.0,0.0,0.0,0.0
0.0,0.0,0.0,0.0,0.0,0.0,0.0,0.0,0.0,0.0,0.0,0.0,0.0,0.0,0.0,0.0,0.0,0.0,0.0,0.0,0.0,0.0,0.0,0.0,0.0,0.0,0.0,0.0,0.0,0.0,0.0,0.0,0.0,0.0,0.0,0.0,0.0,0.0,0.0,0.0,0.0,0.0,0.0,0.0,0.0,0.0,0.0,0.0,0.0,0.0,0.0,0.0,0.0,0.0,0.0,0.0,0.0,0.0,0.0,0.0,0.0,0.0,0.0,0.0,0.0,0.0,0.0,0.0,0.0,0.0,0.0,0.0,0.0,0.0,0.0,0.0,0.0,0.0,0.0,0.0,0.0,0.0,0.0,0.0,0.0,0.0,0.0,0.0,0.0,0.0,0.0,0.0,0.0,0.0,0.0,0.0
0.0,0.0,0.0,0.0,0.0,0.0,0.0,0.0,0.0,0.0,0.0,0.0,0.0,0.0,0.0,0.0,0.0,0.0,0.0,0.0,0.0,0.0,0.0,0.0,0.0,0.0,0.0,0.0,0.0,0.0,0.0,0.0,0.0,0.0,0.0,0.0,0.0,0.0,0.0,0.0,0.0,0.0,0.0,0.0,0.0,0.0,0.0,0.0,0.0,0.0,0.0,0.0,0.0,0.0,0.0,0.0,0.0,0.0,0.0,0.0,0.0,0.0,0.0,0.0,0.0,0.0,0.0,0.0,0.0,0.0,0.0,0.0,0.0,0.0,0.0,0.0,0.0,0.0,0.0,0.0,0.0,0.0,0.0,0.0,0.0,0.0,0.0,0.0,0.0,0.0,0.0,0.0,0.0,0.0,0.0,0.0
0.0,0.0,0.0,0.0,0.0,0.0,0.0,0.0,0.0,0.0,0.0,0.0,0.0,0.0,0.0,0.0,0.0,0.0,0.0,0.0,0.0,0.0,0.0,0.0,0.0,0.0,0.0,0.0,0.0,0.0,0.0,0.0,0.0,0.0,0.0,0.0,0.0,0.0,0.0,0.0,0.0,0.0,0.0,0.0,0.0,0.0,0.0,0.0,0.0,0.0,0.0,0.0,0.0,0.0,0.0,0.0,0.0,0.0,0.0,0.0,0.0,0.0,0.0,0.0,0.0,0.0,0.0,0.0,0.0,0.0,0.0,0.0,0.0,0.0,0.0,0.0,0.0,0.0,0.0,0.0,0.0,0.0,0.0,0.0,0.0,0.0,0.0,0.0,0.0,0.0,0.0,0.0,0.0,0.0,0.0,0.0
0.0,0.0,0.0,0.0,0.0,0.0,0.0,0.0,0.0,0.0,0.0,0.0,0.0,0.0,0.0,0.0,0.0,0.0,0.0,0.0,0.0,0.0,0.0,0.0,0.0,0.0,0.0,0.0,0.0,0.0,0.0,0.0,0.0,0.0,0.0,0.0,0.0,0.0,0.0,0.0,0.0,0.0,0.0,0.0,0.0,0.0,0.0,0.0,0.0,0.0,0.0,0.0,0.0,0.0,0.0,0.0,0.0,0.0,0.0,0.0,0.0,0.0,0.0,0.0,0.0,0.0,0.0,0.0,0.0,0.0,0.0,0.0,0.0,0.0,0.0,0.0,0.0,0.0,0.0,0.0,0.0,0.0,0.0,0.0,0.0,0.0,0.0,0.0,0.0,0.0,0.0,0.0,0.0,0.0,0.0,0.0
0.0,0.0,0.0,0.0,0.0,0.0,0.0,0.0,0.0,0.0,0.0,0.0,0.0,0.0,0.0,0.0,0.0,0.0,0.0,0.0,0.0,0.0,0.0,0.0,0.0,0.0,0.0,0.0,0.0,0.0,0.0,0.0,0.0,0.0,0.0,0.0,0.0,0.0,0.0,0.0,0.0,0.0,0.0,0.0,0.0,0.0,0.0,0.0,0.0,0.0,0.0,0.0,0.0,0.0,0.0,0.0,0.0,0.0,0.0,0.0,0.0,0.0,0.0,0.0,0.0,0.0,0.0,0.0,0.0,0.0,0.0,0.0,0.0,0.0,0.0,0.0,0.0,0.0,0.0,0.0,0.0,0.0,0.0,0.0,0.0,0.0,0.0,0.0,0.0,0.0,0.0,0.0,0.0,0.0,0.0,0.0
0.0,0.0,0.0,0.0,0.0,0.0,0.034389469,0.202162367,0.418239556,0.49059657,0.487217266,0.364170556,0.398361246,0.369338914,0.269351045,0.187651203,0.219456494,0.129208985,0.087464546,0.0,0.0,0.0,0.0,0.0,0.0,0.0,0.0,0.0,0.0,0.0,0.034389469,0.202162367,0.418239556,0.49059657,0.487217266,0.364170556,0.398361246,0.369338914,0.269351045,0.187651203,0.219456494,0.129208985,0.087464546,0.0,0.0,0.0,0.0,0.0,0.0,0.0,0.0,0.0,0.0,0.0,0.034389469,0.202162367,0.418239556,0.49059657,0.487217266,0.364170556,0.398361246,0.369338914,0.269351045,0.187651203,0.219456494,0.129208985,0.087464546,0.0,0.0,0.0,0.0,0.0,0.0,0.0,0.0,0.0,0.0,0.0,0.034389469,0.202162367,0.418239556,0.49059657,0.487217266,0.364170556,0.398361246,0.369338914,0.269351045,0.187651203,0.219456494,0.129208985,0.087464546,0.0,0.0,0.0,0.0,0.0
0.0,0.0,0.0,0.0,0.0,0.0,0.0,0.050490898,0.117083217,0.13537126,0.109529464,0.136166394,0.134178565,0.132787078,0.134576126,0.137160308,0.135768833,0.12404063,0.082494967,0.022661268,0.0,0.0,0.0,0.0,0.0,0.0,0.0,0.0,0.0,0.0,0.0,0.050490898,0.117083217,0.13537126,0.109529464,0.136166394,0.134178565,0.132787078,0.134576126,0.137160308,0.135768833,0.12404063,0.082494967,0.022661268,0.0,0.0,0.0,0.0,0.0,0.0,0.0,0.0,0.0,0.0,0.0,0.050490898,0.117083217,0.13537126,0.109529464,0.136166394,0.134178565,0.132787078,0.134576126,0.137160308,0.135768833,0.12404063,0.082494967,0.022661268,0.0,0.0,0.0,0.0,0.0,0.0,0.0,0.0,0.0,0.0,0.0,0.050490898,0.117083217,0.13537126,0.109529464,0.136166394,0.134178565,0.132787078,0.134576126,0.137160308,0.135768833,0.12404063,0.082494967,0.022661268,0.0,0.0,0.0,0.0
0.0,0.0,0.0,0.0,0.0,0.0,0.046515235,0.111318512,0.13099803,0.136365174,0.132787078,0.130004116,0.12861264,0.130004116,0.123245496,0.132787078,0.125034544,0.097204913,0.033991903,0.0,0.0,0.0,0.0,0.0,0.0,0.0,0.0,0.0,0.0,0.0,0.046515235,0.111318512,0.13099803,0.136365174,0.132787078,0.130004116,0.12861264,0.130004116,0.123245496,0.132787078,0.125034544,0.097204913,0.033991903,0.0,0.0,0.0,0.0,0.0,0.0,0.0,0.0,0.0,0.0,0.0,0.046515235,0.111318512,0.13099803,0.136365174,0.132787078,0.130004116,0.12861264,0.130004116,0.123245496,0.132787078,0.125034544,0.097204913,0.033991903,0.0,0.0,0.0,0.0,0.0,0.0,0.0,0.0,0.0,0.0,0.0,0.046515235,0.111318512,0.13099803,0.136365174,0.132787078,0.130004116,0.12861264,0.130004116,0.123245496,0.132787078,0.125034544,0.097204913,0.033991903,0.0,0.0,0.0,0.0,0.0
0.0,0.0,0.0,0.0,0.0,0.0,0.01313707,0.074673069,0.161091389,0.237446125,0.412887014,0.424787047,0.485038315,0.425816268,0.34364883,0.311037582,0.219846668,0.111101676,0.059493403,0.0,0.0,0.0,0.0,0.0,0.0,0.0,0.0,0.0,0.0,0.0,0.01313707,0.074673069,0.161091389,0.237446125,0.412887014,0.424787047,0.485038315,0.425816268,0.34364883,0.311037582,0.219846668,0.111101676,0.059493403,0.0,0.0,0.0,0.0,0.0,0.0,0.0,0.0,0.0,0.0,0.0,0.01313707,0.074673069,0.161091389,0.237446125,0.412887014,0.424787047,0.485038315,0.425816268,0.34364883,0.311037582,0.219846668,0.111101676,0.059493403,0.0,0.0,0.0,0.0,0.0,0.0,0.0,0.0,0.0,0.0,0.0,0.01313707,0.074673069,0.161091389,0.237446125,0.412887014,0.424787047,0.485038315,0.425816268,0.34364883,0.311037582,0.219846668,0.111101676,0.059493403,0.0,0.0,0.0,0.0,0.0
0.0,0.0,0.0,0.0,0.0,0.0,0.026393964,0.133391015,0.198248791,0.311937524,0.349171619,0.517909953,0.384633169,0.464643422,0.47065439,0.330104377,0.316587984,0.057103252,0.01496097,0.0,0.0,0.0,0.0,0.0,0.0,0.0,0.0,0.0,0.0,0.0,0.026393964,0.133391015,0.198248791,0.311937524,0.349171619,0.517909953,0.384633169,0.464643422,0.47065439,0.330104377,0.316587984,0.057103252,0.01496097,0.0,0.0,0.0,0.0,0.0,0.0,0.0,0.0,0.0,0.0,0.0,0.026393964,0.133391015,0.198248791,0.311937524,0.349171619,0.517909953,0.384633169,0.464643422,0.47065439,0.330104377,0.316587984,0.057103252,0.01496097,0.0,0.0,0.0,0.0,0.0,0.0,0.0,0.0,0.0,0.0,0.0,0.026393964,0.133391015,0.198248791,0.311937524,0.349171619,0.517909953,0.384633169,0.464643422,0.47065439,0.330104377,0.316587984,0.057103252,0.01496097,0.0,0.0,0.0,0.0,0.0
0.0,0.0,0.0,0.0,0.0,0.0,0.005153477,0.036899234,0.113231931,0.09069736,0.119903585,0.129133673,0.183773913,0.238201124,0.243396277,0.253255054,0.181159966,0.14017856,0.048742228,0.0,0.0,0.0,0.0,0.0,0.0,0.0,0.0,0.0,0.0,0.0,0.005153477,0.036899234,0.113231931,0.09069736,0.119903585,0.129133673,0.183773913,0.238201124,0.243396277,0.253255054,0.181159966,0.14017856,0.048742228,0.0,0.0,0.0,0.0,0.0,0.0,0.0,0.0,0.0,0.0,0.0,0.005153477,0.036899234,0.113231931,0.09069736,0.119903585,0.129133673,0.183773913,0.238201124,0.243396277,0.253255054,0.181159966,0.14017856,0.048742228,0.0,0.0,0.0,0.0,0.0,0.0,0.0,0.0,0.0,0.0,0.0,0.005153477,0.036899234,0.113231931,0.09069736,0.119903585,0.129133673,0.183773913,0.238201124,0.243396277,0.253255054,0.181159966,0.14017856,0.048742228,0.0,0.0,0.0,0.0,0.0
0.0,0.0,0.0,0.0,0.0,0.0,0.005692253,0.04675779,0.057735703,0.123603198,0.105103376,0.141899728,0.236635078,0.234195536,0.251678889,0.196789302,0.093312285,0.10266384,0.067087262,0.0,0.0,0.0,0.0,0.0,0.0,0.0,0.0,0.0,0.0,0.0,0.005692253,0.04675779,0.057735703,0.123603198,0.105103376,0.141899728,0.236635078,0.234195536,0.251678889,0.196789302,0.093312285,0.10266384,0.067087262,0.0,0.0,0.0,0.0,0.0,0.0,0.0,0.0,0.0,0.0,0.0,0.005692253,0.04675779,0.057735703,0.123603198,0.105103376,0.141899728,0.236635078,0.234195536,0.251678889,0.196789302,0.093312285,0.10266384,0.067087262,0.0,0.0,0.0,0.0,0.0,0.0,0.0,0.0,0.0,0.0,0.0,0.005692253,0.04675779,0.057735703,0.123603198,0.105103376,0.141899728,0.236635078,0.234195536,0.251678889,0.196789302,0.093312285,0.10266384,0.067087262,0.0,0.0,0.0,0.0,0.0
0.0,0.0,0.0,0.0,0.0,0.0,0.003379312,0.039557828,0.025841796,0.111914865,0.111119731,0.081302272,0.098198827,0.117281998,0.123841849,0.09442195,0.020275871,0.06321301,0.027233278,0.0,0.0,0.0,0.0,0.0,0.0,0.0,0.0,0.0,0.0,0.0,0.003379312,0.039557828,0.025841796,0.111914865,0.111119731,0.081302272,0.098198827,0.117281998,0.123841849,0.09442195,0.020275871,0.06321301,0.027233278,0.0,0.0,0.0,0.0,0.0,0.0,0.0,0.0,0.0,0.0,0.0,0.003379312,0.039557828,0.025841796,0.111914865,0.111119731,0.081302272,0.098198827,0.117281998,0.123841849,0.09442195,0.020275871,0.06321301,0.027233278,0.0,0.0,0.0,0.0,0.0,0.0,0.0,0.0,0.0,0.0,0.0,0.003379312,0.039557828,0.025841796,0.111914865,0.111119731,0.081302272,0.098198827,0.117281998,0.123841849,0.09442195,0.020275871,0.06321301,0.027233278,0.0,0.0,0.0,0.0,0.0
0.0,0.0,0.0,0.0,0.0,0.0,0.013358461,0.325953367,0.483069588,0.570461956,0.605411677,0.665573954,0.794059788,0.763022003,0.775375369,0.795174085,0.715415892,0.637528539,0.366091305,0.089651156,0.0,0.0,0.0,0.0,0.0,0.0,0.0,0.0,0.0,0.0,0.013358461,0.325953367,0.483069588,0.570461956,0.605411677,0.665573954,0.794059788,0.763022003,0.775375369,0.795174085,0.715415892,0.637528539,0.366091305,0.089651156,0.0,0.0,0.0,0.0,0.0,0.0,0.0,0.0,0.0,0.0,0.013358461,0.325953367,0.483069588,0.570461956,0.605411677,0.665573954,0.794059788,0.763022003,0.775375369,0.795174085,0.715415892,0.637528539,0.366091305,0.089651156,0.0,0.0,0.0,0.0,0.0,0.0,0.0,0.0,0.0,0.0,0.013358461,0.325953367,0.483069588,0.570461956,0.605411677,0.665573954,0.794059788,0.763022003,0.775375369,0.795174085,0.715415892,0.637528539,0.366091305,0.089651156,0.0,0.0,0.0,0.0
0.0,0.0,0.0,0.0,0.0,0.0,0.0,0.0,0.0,0.0,0.0,0.0,0.0,0.0,0.0,0.0,0.0,0.0,0.0,0.0,0.0,0.0,0.0,0.0,0.0,0.0,0.0,0.0,0.0,0.0,0.0,0.0,0.0,0.0,0.0,0.0,0.0,0.0,0.0,0.0,0.0,0.0,0.0,0.0,0.0,0.0,0.0,0.0,0.0,0.0,0.0,0.0,0.0,0.0,0.0,0.0,0.0,0.0,0.0,0.0,0.0,0.0,0.0,0.0,0.0,0.0,0.0,0.0,0.0,0.0,0.0,0.0,0.0,0.0,0.0,0.0,0.0,0.0,0.0,0.0,0.0,0.0,0.0,0.0,0.0,0.0,0.0,0.0,0.0,0.0,0.0,0.0,0.0,0.0,0.0,0.0
0.0,0.0,0.0,0.0,0.0,0.0,0.0,0.0,0.0,0.0,0.0,0.0,0.0,0.0,0.0,0.0,0.0,0.0,0.0,0.0,0.0,0.0,0.0,0.0,0.0,0.0,0.0,0.0,0.0,0.0,0.0,0.0,0.0,0.0,0.0,0.0,0.0,0.0,0.0,0.0,0.0,0.0,0.0,0.0,0.0,0.0,0.0,0.0,0.0,0.0,0.0,0.0,0.0,0.0,0.0,0.0,0.0,0.0,0.0,0.0,0.0,0.0,0.0,0.0,0.0,0.0,0.0,0.0,0.0,0.0,0.0,0.0,0.0,0.0,0.0,0.0,0.0,0.0,0.0,0.0,0.0,0.0,0.0,0.0,0.0,0.0,0.0,0.0,0.0,0.0,0.0,0.0,0.0,0.0,0.0,0.0
0.0,0.0,0.0,0.0,0.0,0.0,0.0,0.0,0.0,0.0,0.0,0.0,0.0,0.0,0.0,0.0,0.0,0.0,0.0,0.0,0.0,0.0,0.0,0.0,0.0,0.0,0.0,0.0,0.0,0.0,0.0,0.0,0.0,0.0,0.0,0.0,0.0,0.0,0.0,0.0,0.0,0.0,0.0,0.0,0.0,0.0,0.0,0.0,0.0,0.0,0.0,0.0,0.0,0.0,0.0,0.0,0.0,0.0,0.0,0.0,0.0,0.0,0.0,0.0,0.0,0.0,0.0,0.0,0.0,0.0,0.0,0.0,0.0,0.0,0.0,0.0,0.0,0.0,0.0,0.0,0.0,0.0,0.0,0.0,0.0,0.0,0.0,0.0,0.0,0.0,0.0,0.0,0.0,0.0,0.0,0.0
0.0,0.0,0.0,0.0,0.0,0.0,0.0,0.0,0.0,0.0,0.0,0.0,0.0,0.0,0.0,0.0,0.0,0.0,0.0,0.0,0.0,0.0,0.0,0.0,0.0,0.0,0.0,0.0,0.0,0.0,0.0,0.0,0.0,0.0,0.0,0.0,0.0,0.0,0.0,0.0,0.0,0.0,0.0,0.0,0.0,0.0,0.0,0.0,0.0,0.0,0.0,0.0,0.0,0.0,0.0,0.0,0.0,0.0,0.0,0.0,0.0,0.0,0.0,0.0,0.0,0.0,0.0,0.0,0.0,0.0,0.0,0.0,0.0,0.0,0.0,0.0,0.0,0.0,0.0,0.0,0.0,0.0,0.0,0.0,0.0,0.0,0.0,0.0,0.0,0.0,0.0,0.0,0.0,0.0,0.0,0.0
0.0,0.0,0.0,0.0,0.0,0.0,0.0,0.0,0.0,0.0,0.0,0.0,0.0,0.0,0.0,0.0,0.0,0.0,0.0,0.0,0.0,0.0,0.0,0.0,0.0,0.0,0.0,0.0,0.0,0.0,0.0,0.0,0.0,0.0,0.0,0.0,0.0,0.0,0.0,0.0,0.0,0.0,0.0,0.0,0.0,0.0,0.0,0.0,0.0,0.0,0.0,0.0,0.0,0.0,0.0,0.0,0.0,0.0,0.0,0.0,0.0,0.0,0.0,0.0,0.0,0.0,0.0,0.0,0.0,0.0,0.0,0.0,0.0,0.0,0.0,0.0,0.0,0.0,0.0,0.0,0.0,0.0,0.0,0.0,0.0,0.0,0.0,0.0,0.0,0.0,0.0,0.0,0.0,0.0,0.0,0.0
0.0,0.0,0.0,0.0,0.0,0.0,0.0,0.0,0.0,0.0,0.0,0.0,0.0,0.0,0.0,0.0,0.0,0.0,0.0,0.0,0.0,0.0,0.0,0.0,0.0,0.0,0.0,0.0,0.0,0.0,0.0,0.0,0.0,0.0,0.0,0.0,0.0,0.0,0.0,0.0,0.0,0.0,0.0,0.0,0.0,0.0,0.0,0.0,0.0,0.0,0.0,0.0,0.0,0.0,0.0,0.0,0.0,0.0,0.0,0.0,0.0,0.0,0.0,0.0,0.0,0.0,0.0,0.0,0.0,0.0,0.0,0.0,0.0,0.0,0.0,0.0,0.0,0.0,0.0,0.0,0.0,0.0,0.0,0.0,0.0,0.0,0.0,0.0,0.0,0.0,0.0,0.0,0.0,0.0,0.0,0.0
0.0,0.0,0.0,0.0,0.0,0.0,0.0,0.0,0.0,0.0,0.0,0.0,0.0,0.0,0.0,0.0,0.0,0.0,0.0,0.0,0.0,0.0,0.0,0.0,0.0,0.0,0.0,0.0,0.0,0.0,0.0,0.0,0.0,0.0,0.0,0.0,0.0,0.0,0.0,0.0,0.0,0.0,0.0,0.0,0.0,0.0,0.0,0.0,0.0,0.0,0.0,0.0,0.0,0.0,0.0,0.0,0.0,0.0,0.0,0.0,0.0,0.0,0.0,0.0,0.0,0.0,0.0,0.0,0.0,0.0,0.0,0.0,0.0,0.0,0.0,0.0,0.0,0.0,0.0,0.0,0.0,0.0,0.0,0.0,0.0,0.0,0.0,0.0,0.0,0.0,0.0,0.0,0.0,0.0,0.0,0.0
0.0,0.0,0.0,0.0,0.0,0.0,0.0,0.0,0.0,0.0,0.0,0.0,0.0,0.0,0.0,0.0,0.0,0.0,0.0,0.0,0.0,0.0,0.0,0.0,0.0,0.0,0.0,0.0,0.0,0.0,0.0,0.0,0.0,0.0,0.0,0.0,0.0,0.0,0.0,0.0,0.0,0.0,0.0,0.0,0.0,0.0,0.0,0.0,0.0,0.0,0.0,0.0,0.0,0.0,0.0,0.0,0.0,0.0,0.0,0.0,0.0,0.0,0.0,0.0,0.0,0.0,0.0,0.0,0.0,0.0,0.0,0.0,0.0,0.0,0.0,0.0,0.0,0.0,0.0,0.0,0.0,0.0,0.0,0.0,0.0,0.0,0.0,0.0,0.0,0.0,0.0,0.0,0.0,0.0,0.0,0.0
0.0,0.0,0.0,0.0,0.0,0.0,0.0,0.0,0.001987831,0.047111584,0.034389469,0.0481055,0.056454387,0.045720103,0.048105499,0.0246491,0.005963492,0.0,0.0,0.0,0.0,0.0,0.0,0.0,0.0,0.0,0.0,0.0,0.0,0.0,0.0,0.0,0.001987831,0.047111584,0.034389469,0.0481055,0.056454387,0.045720103,0.048105499,0.0246491,0.005963492,0.0,0.0,0.0,0.0,0.0,0.0,0.0,0.0,0.0,0.0,0.0,0.0,0.0,0.0,0.0,0.001987831,0.047111584,0.034389469,0.0481055,0.056454387,0.045720103,0.048105499,0.0246491,0.005963492,0.0,0.0,0.0,0.0,0.0,0.0,0.0,0.0,0.0,0.0,0.0,0.0,0.0,0.0,0.0,0.001987831,0.047111584,0.034389469,0.0481055,0.056454387,0.045720103,0.048105499,0.0246491,0.005963492,0.0,0.0,0.0,0.0,0.0,0.0,0.0
0.0,0.0,0.0,0.0,0.0,0.0,0.0,0.0,0.0,0.04870185,0.005963492,0.012523333,0.02405275,0.019878306,0.012920898,0.022263703,0.038961478,0.0,0.0,0.0,0.0,0.0,0.0,0.0,0.0,0.0,0.0,0.0,0.0,0.0,0.0,0.0,0.0,0.04870185,0.005963492,0.012523333,0.02405275,0.019878306,0.012920898,0.022263703,0.038961478,0.0,0.0,0.0,0.0,0.0,0.0,0.0,0.0,0.0,0.0,0.0,0.0,0.0,0.0,0.0,0.0,0.04870185,0.005963492,0.012523333,0.02405275,0.019878306,0.012920898,0.022263703,0.038961478,0.0,0.0,0.0,0.0,0.0,0.0,0.0,0.0,0.0,0.0,0.0,0.0,0.0,0.0,0.0,0.0,0.04870185,0.005963492,0.012523333,0.02405275,0.019878306,0.012920898,0.022263703,0.038961478,0.0,0.0,0.0,0.0,0.0,0.0,0.0
0.0,0.0,0.0,0.0,0.0,0.0,0.0,0.0,0.02405275,0.089253592,0.090247507,0.048900633,0.070567983,0.081501052,0.092036555,0.047509149,0.008348888,0.0,0.0,0.0,0.0,0.0,0.0,0.0,0.0,0.0,0.0,0.0,0.0,0.0,0.0,0.0,0.02405275,0.089253592,0.090247507,0.048900633,0.070567983,0.081501052,0.092036555,0.047509149,0.008348888,0.0,0.0,0.0,0.0,0.0,0.0,0.0,0.0,0.0,0.0,0.0,0.0,0.0,0.0,0.0,0.02405275,0.089253592,0.090247507,0.048900633,0.070567983,0.081501052,0.092036555,0.047509149,0.008348888,0.0,0.0,0.0,0.0,0.0,0.0,0.0,0.0,0.0,0.0,0.0,0.0,0.0,0.0,0.0,0.02405275,0.089253592,0.090247507,0.048900633,0.070567983,0.081501052,0.092036555,0.047509149,0.008348888,0.0,0.0,0.0,0.0,0.0,0.0,0.0
0.0,0.0,0.0,0.0,0.0,0.0,0.0,0.0,0.073315588,0.088398251,0.103270007,0.097016993,0.087024308,0.102042008,0.098822396,0.103076982,0.100141024,0.0,0.0,0.0,0.0,0.0,0.0,0.0,0.0,0.0,0.0,0.0,0.0,0.0,0.0,0.0,0.073315588,0.088398251,0.103270007,0.097016993,0.087024308,0.102042008,0.098822396,0.103076982,0.100141024,0.0,0.0,0.0,0.0,0.0,0.0,0.0,0.0,0.0,0.0,0.0,0.0,0.0,0.0,0.0,0.073315588,0.088398251,0.103270007,0.097016993,0.087024308,0.102042008,0.098822396,0.103076982,0.100141024,0.0,0.0,0.0,0.0,0.0,0.0,0.0,0.0,0.0,0.0,0.0,0.0,0.0,0.0,0.0,0.073315588,0.088398251,0.103270007,0.097016993,0.087024308,0.102042008,0.098822396,0.103076982,0.100141024,0.0,0.0,0.0,0.0,0.0,0.0,0.0
0.0,0.0,0.0,0.0,0.0,0.0,0.0,0.0,0.067191083,0.057338361,0.051264827,0.071770795,0.094761657,0.151280881,0.066521116,0.064828672,0.021304723,0.0,0.0,0.0,0.0,0.0,0.0,0.0,0.0,0.0,0.0,0.0,0.0,0.0,0.0,0.0,0.067191083,0.057338361,0.051264827,0.071770795,0.094761657,0.151280881,0.066521116,0.064828672,0.021304723,0.0,0.0,0.0,0.0,0.0,0.0,0.0,0.0,0.0,0.0,0.0,0.0,0.0,0.0,0.0,0.067191083,0.057338361,0.051264827,0.071770795,0.094761657,0.151280881,0.066521116,0.064828672,0.021304723,0.0,0.0,0.0,0.0,0.0,0.0,0.0,0.0,0.0,0.0,0.0,0.0,0.0,0.0,0.0,0.067191083,0.057338361,0.051264827,0.071770795,0.094761657,0.151280881,0.066521116,0.064828672,0.021304723,0.0,0.0,0.0,0.0,0.0,0.0,0.0
0.0,0.0,0.0,0.0,0.0,0.0,0.0,0.0,0.000198783,0.003761995,0.022420167,0.030303029,0.033682342,0.034088837,0.032098029,0.057509519,0.020183599,0.0,0.0,0.0,0.0,0.0,0.0,0.0,0.0,0.0,0.0,0.0,0.0,0.0,0.0,0.0,0.000198783,0.003761995,0.022420167,0.030303029,0.033682342,0.034088837,0.032098029,0.057509519,0.020183599,0.0,0.0,0.0,0.0,0.0,0.0,0.0,0.0,0.0,0.0,0.0,0.0,0.0,0.0,0.0,0.000198783,0.003761995,0.022420167,0.030303029,0.033682342,0.034088837,0.032098029,0.057509519,0.020183599,0.0,0.0,0.0,0.0,0.0,0.0,0.0,0.0,0.0,0.0,0.0,0.0,0.0,0.0,0.0,0.000198783,0.003761995,0.022420167,0.030303029,0.033682342,0.034088837,0.032098029,0.057509519,0.020183599,0.0,0.0,0.0,0.0,0.0,0.0,0.0
0.0,0.0,0.0,0.0,0.0,0.0,0.0,0.0,0.0,0.002846126,0.003659305,0.005285663,0.005895547,0.008538379,0.0038626,0.002032947,0.0,0.0,0.0,0.0,0.0,0.0,0.0,0.0,0.0,0.0,0.0,0.0,0.0,0.0,0.0,0.0,0.0,0.002846126,0.003659305,0.005285663,0.005895547,0.008538379,0.0038626,0.002032947,0.0,0.0,0.0,0.0,0.0,0.0,0.0,0.0,0.0,0.0,0.0,0.0,0.0,0.0,0.0,0.0,0.0,0.002846126,0.003659305,0.005285663,0.005895547,0.008538379,0.0038626,0.002032947,0.0,0.0,0.0,0.0,0.0,0.0,0.0,0.0,0.0,0.0,0.0,0.0,0.0,0.0,0.0,0.0,0.0,0.002846126,0.003659305,0.005285663,0.005895547,0.008538379,0.0038626,0.002032947,0.0,0.0,0.0,0.0,0.0,0.0,0.0,0.0
0.0,0.0,0.0,0.0,0.0,0.0,0.0,0.0,0.0,0.005963492,0.001590265,0.003180529,0.010933068,0.008945238,0.011529417,0.007553756,0.000993915,0.0,0.0,0.0,0.0,0.0,0.0,0.0,0.0,0.0,0.0,0.0,0.0,0.0,0.0,0.0,0.0,0.005963492,0.001590265,0.003180529,0.010933068,0.008945238,0.011529417,0.007553756,0.000993915,0.0,0.0,0.0,0.0,0.0,0.0,0.0,0.0,0.0,0.0,0.0,0.0,0.0,0.0,0.0,0.0,0.005963492,0.001590265,0.003180529,0.010933068,0.008945238,0.011529417,0.007553756,0.000993915,0.0,0.0,0.0,0.0,0.0,0.0,0.0,0.0,0.0,0.0,0.0,0.0,0.0,0.0,0.0,0.0,0.005963492,0.001590265,0.003180529,0.010933068,0.008945238,0.011529417,0.007553756,0.000993915,0.0,0.0,0.0,0.0,0.0,0.0,0.0
0.0,0.0,0.0,0.0,0.0,0.0,0.0,0.0,0.041781272,0.280475521,0.257765663,0.261553892,0.228953598,0.242234471,0.278707953,0.237826057,0.271946689,0.0,0.0,0.0,0.0,0.0,0.0,0.0,0.0,0.0,0.0,0.0,0.0,0.0,0.0,0.0,0.041781272,0.280475521,0.257765663,0.261553892,0.228953598,0.242234471,0.278707953,0.237826057,0.271946689,0.0,0.0,0.0,0.0,0.0,0.0,0.0,0.0,0.0,0.0,0.0,0.0,0.0,0.0,0.0,0.041781272,0.280475521,0.257765663,0.261553892,0.228953598,0.242234471,0.278707953,0.237826057,0.271946689,0.0,0.0,0.0,0.0,0.0,0.0,0.0,0.0,0.0,0.0,0.0,0.0,0.0,0.0,0.0,0.041781272,0.280475521,0.257765663,0.261553892,0.228953598,0.242234471,0.278707953,0.237826057,0.271946689,0.0,0.0,0.0,0.0,0.0,0.0,0.0
0.0,0.0,0.0,0.0,0.0,0.0,0.0,0.0,0.0,0.0,0.0,0.0,0.0,0.0,0.0,0.0,0.0,0.0,0.0,0.0,0.0,0.0,0.0,0.0,0.0,0.0,0.0,0.0,0.0,0.0,0.0,0.0,0.0,0.0,0.0,0.0,0.0,0.0,0.0,0.0,0.0,0.0,0.0,0.0,0.0,0.0,0.0,0.0,0.0,0.0,0.0,0.0,0.0,0.0,0.0,0.0,0.0,0.0,0.0,0.0,0.0,0.0,0.0,0.0,0.0,0.0,0.0,0.0,0.0,0.0,0.0,0.0,0.0,0.0,0.0,0.0,0.0,0.0,0.0,0.0,0.0,0.0,0.0,0.0,0.0,0.0,0.0,0.0,0.0,0.0,0.0,0.0,0.0,0.0,0.0,0.0
0.0,0.0,0.0,0.0,0.0,0.0,0.0,0.0,0.0,0.0,0.0,0.0,0.0,0.0,0.0,0.0,0.0,0.0,0.0,0.0,0.0,0.0,0.0,0.0,0.0,0.0,0.0,0.0,0.0,0.0,0.0,0.0,0.0,0.0,0.0,0.0,0.0,0.0,0.0,0.0,0.0,0.0,0.0,0.0,0.0,0.0,0.0,0.0,0.0,0.0,0.0,0.0,0.0,0.0,0.0,0.0,0.0,0.0,0.0,0.0,0.0,0.0,0.0,0.0,0.0,0.0,0.0,0.0,0.0,0.0,0.0,0.0,0.0,0.0,0.0,0.0,0.0,0.0,0.0,0.0,0.0,0.0,0.0,0.0,0.0,0.0,0.0,0.0,0.0,0.0,0.0,0.0,0.0,0.0,0.0,0.0
0.0,0.0,0.0,0.0,0.0,0.0,0.0,0.0,0.0,0.0,0.0,0.0,0.0,0.0,0.0,0.0,0.0,0.0,0.0,0.0,0.0,0.0,0.0,0.0,0.0,0.0,0.0,0.0,0.0,0.0,0.0,0.0,0.0,0.0,0.0,0.0,0.0,0.0,0.0,0.0,0.0,0.0,0.0,0.0,0.0,0.0,0.0,0.0,0.0,0.0,0.0,0.0,0.0,0.0,0.0,0.0,0.0,0.0,0.0,0.0,0.0,0.0,0.0,0.0,0.0,0.0,0.0,0.0,0.0,0.0,0.0,0.0,0.0,0.0,0.0,0.0,0.0,0.0,0.0,0.0,0.0,0.0,0.0,0.0,0.0,0.0,0.0,0.0,0.0,0.0,0.0,0.0,0.0,0.0,0.0,0.0
0.0,0.0,0.0,0.0,0.0,0.0,0.0,0.0,0.0,0.0,0.0,0.0,0.0,0.0,0.0,0.0,0.0,0.0,0.0,0.0,0.0,0.0,0.0,0.0,0.0,0.0,0.0,0.0,0.0,0.0,0.0,0.0,0.0,0.0,0.0,0.0,0.0,0.0,0.0,0.0,0.0,0.0,0.0,0.0,0.0,0.0,0.0,0.0,0.0,0.0,0.0,0.0,0.0,0.0,0.0,0.0,0.0,0.0,0.0,0.0,0.0,0.0,0.0,0.0,0.0,0.0,0.0,0.0,0.0,0.0,0.0,0.0,0.0,0.0,0.0,0.0,0.0,0.0,0.0,0.0,0.0,0.0,0.0,0.0,0.0,0.0,0.0,0.0,0.0,0.0,0.0,0.0,0.0,0.0,0.0,0.0
0.0,0.0,0.0,0.0,0.0,0.0,0.0,0.0,0.0,0.0,0.0,0.0,0.0,0.0,0.0,0.0,0.0,0.0,0.0,0.0,0.0,0.0,0.0,0.0,0.0,0.0,0.0,0.0,0.0,0.0,0.0,0.0,0.0,0.0,0.0,0.0,0.0,0.0,0.0,0.0,0.0,0.0,0.0,0.0,0.0,0.0,0.0,0.0,0.0,0.0,0.0,0.0,0.0,0.0,0.0,0.0,0.0,0.0,0.0,0.0,0.0,0.0,0.0,0.0,0.0,0.0,0.0,0.0,0.0,0.0,0.0,0.0,0.0,0.0,0.0,0.0,0.0,0.0,0.0,0.0,0.0,0.0,0.0,0.0,0.0,0.0,0.0,0.0,0.0,0.0,0.0,0.0,0.0,0.0,0.0,0.0
0.0,0.0,0.0,0.0,0.0,0.0,0.0,0.0,0.0,0.0,0.0,0.0,0.0,0.0,0.0,0.0,0.0,0.0,0.0,0.0,0.0,0.0,0.0,0.0,0.0,0.0,0.0,0.0,0.0,0.0,0.0,0.0,0.0,0.0,0.0,0.0,0.0,0.0,0.0,0.0,0.0,0.0,0.0,0.0,0.0,0.0,0.0,0.0,0.0,0.0,0.0,0.0,0.0,0.0,0.0,0.0,0.0,0.0,0.0,0.0,0.0,0.0,0.0,0.0,0.0,0.0,0.0,0.0,0.0,0.0,0.0,0.0,0.0,0.0,0.0,0.0,0.0,0.0,0.0,0.0,0.0,0.0,0.0,0.0,0.0,0.0,0.0,0.0,0.0,0.0,0.0,0.0,0.0,0.0,0.0,0.0
0.0,0.0,0.0,0.0,0.0,0.0,0.0,0.0,0.0,0.0,0.0,0.0,0.0,0.0,0.0,0.0,0.0,0.0,0.0,0.0,0.0,0.0,0.0,0.0,0.0,0.0,0.0,0.0,0.0,0.0,0.0,0.0,0.0,0.0,0.0,0.0,0.0,0.0,0.0,0.0,0.0,0.0,0.0,0.0,0.0,0.0,0.0,0.0,0.0,0.0,0.0,0.0,0.0,0.0,0.0,0.0,0.0,0.0,0.0,0.0,0.0,0.0,0.0,0.0,0.0,0.0,0.0,0.0,0.0,0.0,0.0,0.0,0.0,0.0,0.0,0.0,0.0,0.0,0.0,0.0,0.0,0.0,0.0,0.0,0.0,0.0,0.0,0.0,0.0,0.0,0.0,0.0,0.0,0.0,0.0,0.0
0.0,0.0,0.0,0.0,0.0,0.0,0.0,0.0,0.0,0.0,0.0,0.0,0.0,0.0,0.0,0.0,0.0,0.0,0.0,0.0,0.0,0.0,0.0,0.0,0.0,0.0,0.0,0.0,0.0,0.0,0.0,0.0,0.0,0.0,0.0,0.0,0.0,0.0,0.0,0.0,0.0,0.0,0.0,0.0,0.0,0.0,0.0,0.0,0.0,0.0,0.0,0.0,0.0,0.0,0.0,0.0,0.0,0.0,0.0,0.0,0.0,0.0,0.0,0.0,0.0,0.0,0.0,0.0,0.0,0.0,0.0,0.0,0.0,0.0,0.0,0.0,0.0,0.0,0.0,0.0,0.0,0.0,0.0,0.0,0.0,0.0,0.0,0.0,0.0,0.0,0.0,0.0,0.0,0.0,0.0,0.0
0.0,0.0,0.0,0.0,0.0,0.0,0.160417927,0.360791246,0.489006326,0.522998217,0.526178752,0.521805522,0.518823779,0.52081162,0.493777105,0.487416058,0.497355189,0.441695963,0.262791205,0.061821529,0.0,0.0,0.0,0.0,0.0,0.0,0.0,0.0,0.0,0.0,0.160417927,0.360791246,0.489006326,0.522998217,0.526178752,0.521805522,0.518823779,0.52081162,0.493777105,0.487416058,0.497355189,0.441695963,0.262791205,0.061821529,0.0,0.0,0.0,0.0,0.0,0.0,0.0,0.0,0.0,0.0,0.160417927,0.360791246,0.489006326,0.522998217,0.526178752,0.521805522,0.518823779,0.52081162,0.493777105,0.487416058,0.497355189,0.441695963,0.262791205,0.061821529,0.0,0.0,0.0,0.0,0.0,0.0,0.0,0.0,0.0,0.0,0.160417927,0.360791246,0.489006326,0.522998217,0.526178752,0.521805522,0.518823779,0.52081162,0.493777105,0.487416058,0.497355189,0.441695963,0.262791205,0.061821529,0.0,0.0,0.0,0.0
0.0,0.0,0.0,0.0,0.0,0.0,0.026835714,0.081103485,0.109728244,0.109131903,0.13517248,0.134774907,0.133780992,0.132190737,0.125432105,0.126028458,0.130004116,0.119269838,0.084284015,0.040551743,0.0,0.0,0.0,0.0,0.0,0.0,0.0,0.0,0.0,0.0,0.026835714,0.081103485,0.109728244,0.109131903,0.13517248,0.134774907,0.133780992,0.132190737,0.125432105,0.126028458,0.130004116,0.119269838,0.084284015,0.040551743,0.0,0.0,0.0,0.0,0.0,0.0,0.0,0.0,0.0,0.0,0.026835714,0.081103485,0.109728244,0.109131903,0.13517248,0.134774907,0.133780992,0.132190737,0.125432105,0.126028458,0.130004116,0.119269838,0.084284015,0.040551743,0.0,0.0,0.0,0.0,0.0,0.0,0.0,0.0,0.0,0.0,0.026835714,0.081103485,0.109728244,0.109131903,0.13517248,0.134774907,0.133780992,0.132190737,0.125432105,0.126028458,0.130004116,0.119269838,0.084284015,0.040551743,0.0,0.0,0.0,0.0
0.0,0.0,0.0,0.0,0.0,0.014312379,0.067387453,0.11310756,0.130004116,0.135768833,0.135768833,0.134774907,0.13517248,0.134576126,0.127419934,0.129208982,0.118275924,0.058442218,0.042738358,0.007752539,0.0,0.0,0.0,0.0,0.0,0.0,0.0,0.0,0.0,0.014312379,0.067387453,0.11310756,0.130004116,0.135768833,0.135768833,0.134774907,0.13517248,0.134576126,0.127419934,0.129208982,0.118275924,0.058442218,0.042738358,0.007752539,0.0,0.0,0.0,0.0,0.0,0.0,0.0,0.0,0.0,0.014312379,0.067387453,0.11310756,0.130004116,0.135768833,0.135768833,0.134774907,0.13517248,0.134576126,0.127419934,0.129208982,0.118275924,0.058442218,0.042738358,0.007752539,0.0,0.0,0.0,0.0,0.0,0.0,0.0,0.0,0.0,0.014312379,0.067387453,0.11310756,0.130004116,0.135768833,0.135768833,0.134774907,0.13517248,0.134576126,0.127419934,0.129208982,0.118275924,0.058442218,0.042738358,0.007752539,0.0,0.0,0.0,0.0
0.0,0.0,0.0,0.0,0.0,0.0,0.155779438,0.371998651,0.4406582,0.510682834,0.531691674,0.52193352,0.494248438,0.51920848,0.522296132,0.502640887,0.44313597,0.410471092,0.231631999,0.043941665,0.0,0.0,0.0,0.0,0.0,0.0,0.0,0.0,0.0,0.0,0.155779438,0.371998651,0.4406582,0.510682834,0.531691674,0.52193352,0.494248438,0.51920848,0.522296132,0.502640887,0.44313597,0.410471092,0.231631999,0.043941665,0.0,0.0,0.0,0.0,0.0,0.0,0.0,0.0,0.0,0.0,0.155779438,0.371998651,0.4406582,0.510682834,0.531691674,0.52193352,0.494248438,0.51920848,0.522296132,0.502640887,0.44313597,0.410471092,0.231631999,0.043941665,0.0,0.0,0.0,0.0,0.0,0.0,0.0,0.0,0.0,0.0,0.155779438,0.371998651,0.4406582,0.510682834,0.531691674,0.52193352,0.494248438,0.51920848,0.522296132,0.502640887,0.44313597,0.410471092,0.231631999,0.043941665,0.0,0.0,0.0,0.0
0.0,0.0,0.0,0.0,0.0,0.002186614,0.268944753,0.46177422,0.668492974,0.752438243,0.780939727,0.77011311,0.743536678,0.748191356,0.782664167,0.743178714,0.730218338,0.53732845,0.265512067,0.045606877,0.0,0.0,0.0,0.0,0.0,0.0,0.0,0.0,0.0,0.002186614,0.268944753,0.46177422,0.668492974,0.752438243,0.780939727,0.77011311,0.743536678,0.748191356,0.782664167,0.743178714,0.730218338,0.53732845,0.265512067,0.045606877,0.0,0.0,0.0,0.0,0.0,0.0,0.0,0.0,0.0,0.002186614,0.268944753,0.46177422,0.668492974,0.752438243,0.780939727,0.77011311,0.743536678,0.748191356,0.782664167,0.743178714,0.730218338,0.53732845,0.265512067,0.045606877,0.0,0.0,0.0,0.0,0.0,0.0,0.0,0.0,0.0,0.002186614,0.268944753,0.46177422,0.668492974,0.752438243,0.780939727,0.77011311,0.743536678,0.748191356,0.782664167,0.743178714,0.730218338,0.53732845,0.265512067,0.045606877,0.0,0.0,0.0,0.0
0.0,0.0,0.0,0.0,0.0,0.0,0.089818237,0.19640802,0.234858176,0.254563834,0.257115286,0.254534081,0.242607097,0.250356654,0.220385068,0.219904158,0.246855949,0.218228862,0.155091552,0.051094883,0.0,0.0,0.0,0.0,0.0,0.0,0.0,0.0,0.0,0.0,0.089818237,0.19640802,0.234858176,0.254563834,0.257115286,0.254534081,0.242607097,0.250356654,0.220385068,0.219904158,0.246855949,0.218228862,0.155091552,0.051094883,0.0,0.0,0.0,0.0,0.0,0.0,0.0,0.0,0.0,0.0,0.089818237,0.19640802,0.234858176,0.254563834,0.257115286,0.254534081,0.242607097,0.250356654,0.220385068,0.219904158,0.246855949,0.218228862,0.155091552,0.051094883,0.0,0.0,0.0,0.0,0.0,0.0,0.0,0.0,0.0,0.0,0.089818237,0.19640802,0.234858176,0.254563834,0.257115286,0.254534081,0.242607097,0.250356654,0.220385068,0.219904158,0.246855949,0.218228862,0.155091552,0.051094883,0.0,0.0,0.0,0.0
0.0,0.0,0.0,0.0,0.0,0.0,0.079488242,0.206954041,0.248426166,0.264079853,0.269162229,0.219761614,0.190283876,0.208377098,0.217525365,0.235212009,0.209393583,0.202278256,0.130311925,0.027444789,0.0,0.0,0.0,0.0,0.0,0.0,0.0,0.0,0.0,0.0,0.079488242,0.206954041,0.248426166,0.264079853,0.269162229,0.219761614,0.190283876,0.208377098,0.217525365,0.235212009,0.209393583,0.202278256,0.130311925,0.027444789,0.0,0.0,0.0,0.0,0.0,0.0,0.0,0.0,0.0,0.0,0.079488242,0.206954041,0.248426166,0.264079853,0.269162229,0.219761614,0.190283876,0.208377098,0.217525365,0.235212009,0.209393583,0.202278256,0.130311925,0.027444789,0.0,0.0,0.0,0.0,0.0,0.0,0.0,0.0,0.0,0.0,0.079488242,0.206954041,0.248426166,0.264079853,0.269162229,0.219761614,0.190283876,0.208377098,0.217525365,0.235212009,0.209393583,0.202278256,0.130311925,0.027444789,0.0,0.0,0.0,0.0
0.0,0.0,0.0,0.0,0.0,0.0,0.048503066,0.021269787,0.064604491,0.111716073,0.08984994,0.12861264,0.118474705,0.126426019,0.128215067,0.126227239,0.119667399,0.102770844,0.06440571,0.012125767,0.0,0.0,0.0,0.0,0.0,0.0,0.0,0.0,0.0,0.0,0.048503066,0.021269787,0.064604491,0.111716073,0.08984994,0.12861264,0.118474705,0.126426019,0.128215067,0.126227239,0.119667399,0.102770844,0.06440571,0.012125767,0.0,0.0,0.0,0.0,0.0,0.0,0.0,0.0,0.0,0.0,0.048503066,0.021269787,0.064604491,0.111716073,0.08984994,0.12861264,0.118474705,0.126426019,0.128215067,0.126227239,0.119667399,0.102770844,0.06440571,0.012125767,0.0,0.0,0.0,0.0,0.0,0.0,0.0,0.0,0.0,0.0,0.048503066,0.021269787,0.064604491,0.111716073,0.08984994,0.12861264,0.118474705,0.126426019,0.128215067,0.126227239,0.119667399,0.102770844,0.06440571,0.012125767,0.0,0.0,0.0,0.0
0.0,0.0,0.0,0.0,0.0,0.0,0.142631772,0.511164857,0.706829918,0.742920166,0.825729011,0.827490258,0.842003838,0.836981149,0.811401011,0.83928587,0.859962312,0.715892857,0.48276999,0.149325885,0.001590265,0.0,0.0,0.0,0.0,0.0,0.0,0.0,0.0,0.0,0.142631772,0.511164857,0.706829918,0.742920166,0.825729011,0.827490258,0.842003838,0.836981149,0.811401011,0.83928587,0.859962312,0.715892857,0.48276999,0.149325885,0.001590265,0.0,0.0,0.0,0.0,0.0,0.0,0.0,0.0,0.0,0.142631772,0.511164857,0.706829918,0.742920166,0.825729011,0.827490258,0.842003838,0.836981149,0.811401011,0.83928587,0.859962312,0.715892857,0.48276999,0.149325885,0.001590265,0.0,0.0,0.0,0.0,0.0,0.0,0.0,0.0,0.0,0.142631772,0.511164857,0.706829918,0.742920166,0.825729011,0.827490258,0.842003838,0.836981149,0.811401011,0.83928587,0.859962312,0.715892857,0.48276999,0.149325885,0.001590265,0.0,0.0,0.0
0.0,0.0,0.0,0.0,0.0,0.0,0.0,0.0,0.0,0.0,0.0,0.0,0.0,0.0,0.0,0.0,0.0,0.0,0.0,0.0,0.0,0.0,0.0,0.0,0.0,0.0,0.0,0.0,0.0,0.0,0.0,0.0,0.0,0.0,0.0,0.0,0.0,0.0,0.0,0.0,0.0,0.0,0.0,0.0,0.0,0.0,0.0,0.0,0.0,0.0,0.0,0.0,0.0,0.0,0.0,0.0,0.0,0.0,0.0,0.0,0.0,0.0,0.0,0.0,0.0,0.0,0.0,0.0,0.0,0.0,0.0,0.0,0.0,0.0,0.0,0.0,0.0,0.0,0.0,0.0,0.0,0.0,0.0,0.0,0.0,0.0,0.0,0.0,0.0,0.0,0.0,0.0,0.0,0.0,0.0,0.0
0.0,0.0,0.0,0.0,0.0,0.0,0.0,0.0,0.0,0.0,0.0,0.0,0.0,0.0,0.0,0.0,0.0,0.0,0.0,0.0,0.0,0.0,0.0,0.0,0.0,0.0,0.0,0.0,0.0,0.0,0.0,0.0,0.0,0.0,0.0,0.0,0.0,0.0,0.0,0.0,0.0,0.0,0.0,0.0,0.0,0.0,0.0,0.0,0.0,0.0,0.0,0.0,0.0,0.0,0.0,0.0,0.0,0.0,0.0,0.0,0.0,0.0,0.0,0.0,0.0,0.0,0.0,0.0,0.0,0.0,0.0,0.0,0.0,0.0,0.0,0.0,0.0,0.0,0.0,0.0,0.0,0.0,0.0,0.0,0.0,0.0,0.0,0.0,0.0,0.0,0.0,0.0,0.0,0.0,0.0,0.0
0.0,0.0,0.0,0.0,0.0,0.0,0.0,0.0,0.0,0.0,0.0,0.0,0.0,0.0,0.0,0.0,0.0,0.0,0.0,0.0,0.0,0.0,0.0,0.0,0.0,0.0,0.0,0.0,0.0,0.0,0.0,0.0,0.0,0.0,0.0,0.0,0.0,0.0,0.0,0.0,0.0,0.0,0.0,0.0,0.0,0.0,0.0,0.0,0.0,0.0,0.0,0.0,0.0,0.0,0.0,0.0,0.0,0.0,0.0,0.0,0.0,0.0,0.0,0.0,0.0,0.0,0.0,0.0,0.0,0.0,0.0,0.0,0.0,0.0,0.0,0.0,0.0,0.0,0.0,0.0,0.0,0.0,0.0,0.0,0.0,0.0,0.0,0.0,0.0,0.0,0.0,0.0,0.0,0.0,0.0,0.0
0.0,0.0,0.0,0.0,0.0,0.0,0.0,0.0,0.0,0.0,0.0,0.0,0.0,0.0,0.0,0.0,0.0,0.0,0.0,0.0,0.0,0.0,0.0,0.0,0.0,0.0,0.0,0.0,0.0,0.0,0.0,0.0,0.0,0.0,0.0,0.0,0.0,0.0,0.0,0.0,0.0,0.0,0.0,0.0,0.0,0.0,0.0,0.0,0.0,0.0,0.0,0.0,0.0,0.0,0.0,0.0,0.0,0.0,0.0,0.0,0.0,0.0,0.0,0.0,0.0,0.0,0.0,0.0,0.0,0.0,0.0,0.0,0.0,0.0,0.0,0.0,0.0,0.0,0.0,0.0,0.0,0.0,0.0,0.0,0.0,0.0,0.0,0.0,0.0,0.0,0.0,0.0,0.0,0.0,0.0,0.0
0.0,0.0,0.0,0.0,0.0,0.0,0.0,0.0,0.0,0.0,0.0,0.0,0.0,0.0,0.0,0.0,0.0,0.0,0.0,0.0,0.0,0.0,0.0,0.0,0.0,0.0,0.0,0.0,0.0,0.0,0.0,0.0,0.0,0.0,0.0,0.0,0.0,0.0,0.0,0.0,0.0,0.0,0.0,0.0,0.0,0.0,0.0,0.0,0.0,0.0,0.0,0.0,0.0,0.0,0.0,0.0,0.0,0.0,0.0,0.0,0.0,0.0,0.0,0.0,0.0,0.0,0.0,0.0,0.0,0.0,0.0,0.0,0.0,0.0,0.0,0.0,0.0,0.0,0.0,0.0,0.0,0.0,0.0,0.0,0.0,0.0,0.0,0.0,0.0,0.0,0.0,0.0,0.0,0.0,0.0,0.0
0.0,0.0,0.0,0.0,0.0,0.0,0.0,0.0,0.0,0.0,0.0,0.0,0.0,0.0,0.0,0.0,0.0,0.0,0.0,0.0,0.0,0.0,0.0,0.0,0.0,0.0,0.0,0.0,0.0,0.0,0.0,0.0,0.0,0.0,0.0,0.0,0.0,0.0,0.0,0.0,0.0,0.0,0.0,0.0,0.0,0.0,0.0,0.0,0.0,0.0,0.0,0.0,0.0,0.0,0.0,0.0,0.0,0.0,0.0,0.0,0.0,0.0,0.0,0.0,0.0,0.0,0.0,0.0,0.0,0.0,0.0,0.0,0.0,0.0,0.0,0.0,0.0,0.0,0.0,0.0,0.0,0.0,0.0,0.0,0.0,0.0,0.0,0.0,0.0,0.0,0.0,0.0,0.0,0.0,0.0,0.0
0.0,0.0,0.0,0.0,0.0,0.0,0.0,0.0,0.0,0.0,0.0,0.0,0.0,0.0,0.0,0.0,0.0,0.0,0.0,0.0,0.0,0.0,0.0,0.0,0.0,0.0,0.0,0.0,0.0,0.0,0.0,0.0,0.0,0.0,0.0,0.0,0.0,0.0,0.0,0.0,0.0,0.0,0.0,0.0,0.0,0.0,0.0,0.0,0.0,0.0,0.0,0.0,0.0,0.0,0.0,0.0,0.0,0.0,0.0,0.0,0.0,0.0,0.0,0.0,0.0,0.0,0.0,0.0,0.0,0.0,0.0,0.0,0.0,0.0,0.0,0.0,0.0,0.0,0.0,0.0,0.0,0.0,0.0,0.0,0.0,0.0,0.0,0.0,0.0,0.0,0.0,0.0,0.0,0.0,0.0,0.0
0.0,0.0,0.0,0.0,0.0,0.0,0.0,0.0,0.0,0.0,0.0,0.0,0.0,0.0,0.0,0.0,0.0,0.0,0.0,0.0,0.0,0.0,0.0,0.0,0.0,0.0,0.0,0.0,0.0,0.0,0.0,0.0,0.0,0.0,0.0,0.0,0.0,0.0,0.0,0.0,0.0,0.0,0.0,0.0,0.0,0.0,0.0,0.0,0.0,0.0,0.0,0.0,0.0,0.0,0.0,0.0,0.0,0.0,0.0,0.0,0.0,0.0,0.0,0.0,0.0,0.0,0.0,0.0,0.0,0.0,0.0,0.0,0.0,0.0,0.0,0.0,0.0,0.0,0.0,0.0,0.0,0.0,0.0,0.0,0.0,0.0,0.0,0.0,0.0,0.0,0.0,0.0,0.0,0.0,0.0,0.0
0.0,0.0,0.0,0.0,0.0,0.0,0.145707979,0.436527587,0.552020537,0.571428571,0.570900101,0.564476003,0.554604719,0.552616902,0.553809597,0.55679134,0.530551971,0.456604678,0.214685697,0.0,0.0,0.0,0.0,0.0,0.0,0.0,0.0,0.0,0.0,0.0,0.145707979,0.436527587,0.552020537,0.571428571,0.570900101,0.564476003,0.554604719,0.552616902,0.553809597,0.55679134,0.530551971,0.456604678,0.214685697,0.0,0.0,0.0,0.0,0.0,0.0,0.0,0.0,0.0,0.0,0.0,0.145707979,0.436527587,0.552020537,0.571428571,0.570900101,0.564476003,0.554604719,0.552616902,0.553809597,0.55679134,0.530551971,0.456604678,0.214685697,0.0,0.0,0.0,0.0,0.0,0.0,0.0,0.0,0.0,0.0,0.0,0.145707979,0.436527587,0.552020537,0.571428571,0.570900101,0.564476003,0.554604719,0.552616902,0.553809597,0.55679134,0.530551971,0.456604678,0.214685697,0.0,0.0,0.0,0.0,0.0
0.0,0.0,0.0,0.0,0.0,0.0,0.005367143,0.082296186,0.134377346,0.142857143,0.142857143,0.142857143,0.142857143,0.142857143,0.142857143,0.142857143,0.142857143,0.133184651,0.085277929,0.017095343,0.0,0.0,0.0,0.0,0.0,0.0,0.0,0.0,0.0,0.0,0.005367143,0.082296186,0.134377346,0.142857143,0.142857143,0.142857143,0.142857143,0.142857143,0.142857143,0.142857143,0.142857143,0.133184651,0.085277929,0.017095343,0.0,0.0,0.0,0.0,0.0,0.0,0.0,0.0,0.0,0.0,0.005367143,0.082296186,0.134377346,0.142857143,0.142857143,0.142857143,0.142857143,0.142857143,0.142857143,0.142857143,0.142857143,0.133184651,0.085277929,0.017095343,0.0,0.0,0.0,0.0,0.0,0.0,0.0,0.0,0.0,0.0,0.005367143,0.082296186,0.134377346,0.142857143,0.142857143,0.142857143,0.142857143,0.142857143,0.142857143,0.142857143,0.142857143,0.133184651,0.085277929,0.017095343,0.0,0.0,0.0,0.0
0.0,0.0,0.0,0.0,0.0,0.0,0.055261689,0.122052801,0.140539624,0.142857143,0.142857143,0.140738405,0.132190737,0.117878351,0.088458459,0.04870185,0.051882379,0.0598337,0.022462485,0.0,0.0,0.0,0.0,0.0,0.0,0.0,0.0,0.0,0.0,0.0,0.055261689,0.122052801,0.140539624,0.142857143,0.142857143,0.140738405,0.132190737,0.117878351,0.088458459,0.04870185,0.051882379,0.0598337,0.022462485,0.0,0.0,0.0,0.0,0.0,0.0,0.0,0.0,0.0,0.0,0.0,0.055261689,0.122052801,0.140539624,0.142857143,0.142857143,0.140738405,0.132190737,0.117878351,0.088458459,0.04870185,0.051882379,0.0598337,0.022462485,0.0,0.0,0.0,0.0,0.0,0.0,0.0,0.0,0.0,0.0,0.0,0.055261689,0.122052801,0.140539624,0.142857143,0.142857143,0.140738405,0.132190737,0.117878351,0.088458459,0.04870185,0.051882379,0.0598337,0.022462485,0.0,0.0,0.0,0.0,0.0
0.0,0.0,0.0,0.0,0.0,0.0,0.111241252,0.447887595,0.563211537,0.571428571,0.571428571,0.569567884,0.568386341,0.567795582,0.569174032,0.568189421,0.550298585,0.465407937,0.194047968,0.0,0.0,0.0,0.0,0.0,0.0,0.0,0.0,0.0,0.0,0.0,0.111241252,0.447887595,0.563211537,0.571428571,0.571428571,0.569567884,0.568386341,0.567795582,0.569174032,0.568189421,0.550298585,0.465407937,0.194047968,0.0,0.0,0.0,0.0,0.0,0.0,0.0,0.0,0.0,0.0,0.0,0.111241252,0.447887595,0.563211537,0.571428571,0.571428571,0.569567884,0.568386341,0.567795582,0.569174032,0.568189421,0.550298585,0.465407937,0.194047968,0.0,0.0,0.0,0.0,0.0,0.0,0.0,0.0,0.0,0.0,0.0,0.111241252,0.447887595,0.563211537,0.571428571,0.571428571,0.569567884,0.568386341,0.567795582,0.569174032,0.568189421,0.550298585,0.465407937,0.194047968,0.0,0.0,0.0,0.0,0.0
0.0,0.0,0.0,0.0,0.0,0.0,0.270789634,0.738302808,0.853235071,0.857142857,0.857011947,0.854030204,0.851843583,0.851247242,0.852042376,0.853433851,0.824631949,0.672797114,0.255683981,0.0,0.0,0.0,0.0,0.0,0.0,0.0,0.0,0.0,0.0,0.0,0.270789634,0.738302808,0.853235071,0.857142857,0.857011947,0.854030204,0.851843583,0.851247242,0.852042376,0.853433851,0.824631949,0.672797114,0.255683981,0.0,0.0,0.0,0.0,0.0,0.0,0.0,0.0,0.0,0.0,0.0,0.270789634,0.738302808,0.853235071,0.857142857,0.857011947,0.854030204,0.851843583,0.851247242,0.852042376,0.853433851,0.824631949,0.672797114,0.255683981,0.0,0.0,0.0,0.0,0.0,0.0,0.0,0.0,0.0,0.0,0.0,0.270789634,0.738302808,0.853235071,0.857142857,0.857011947,0.854030204,0.851843583,0.851247242,0.852042376,0.853433851,0.824631949,0.672797114,0.255683981,0.0,0.0,0.0,0.0,0.0
0.0,0.0,0.0,0.0,0.0,0.0,0.071815298,0.212502852,0.271299668,0.283054601,0.281488146,0.275640144,0.27050751,0.270902095,0.273462476,0.274444484,0.268326843,0.237542912,0.121322896,0.0,0.0,0.0,0.0,0.0,0.0,0.0,0.0,0.0,0.0,0.0,0.071815298,0.212502852,0.271299668,0.283054601,0.281488146,0.275640144,0.27050751,0.270902095,0.273462476,0.274444484,0.268326843,0.237542912,0.121322896,0.0,0.0,0.0,0.0,0.0,0.0,0.0,0.0,0.0,0.0,0.0,0.071815298,0.212502852,0.271299668,0.283054601,0.281488146,0.275640144,0.27050751,0.270902095,0.273462476,0.274444484,0.268326843,0.237542912,0.121322896,0.0,0.0,0.0,0.0,0.0,0.0,0.0,0.0,0.0,0.0,0.0,0.071815298,0.212502852,0.271299668,0.283054601,0.281488146,0.275640144,0.27050751,0.270902095,0.273462476,0.274444484,0.268326843,0.237542912,0.121322896,0.0,0.0,0.0,0.0,0.0
0.0,0.0,0.0,0.0,0.0,0.0,0.077658588,0.236228482,0.285714286,0.285714286,0.285714286,0.285714286,0.285714286,0.285714286,0.285714286,0.285714286,0.27627755,0.233382356,0.096768293,0.0,0.0,0.0,0.0,0.0,0.0,0.0,0.0,0.0,0.0,0.0,0.077658588,0.236228482,0.285714286,0.285714286,0.285714286,0.285714286,0.285714286,0.285714286,0.285714286,0.285714286,0.27627755,0.233382356,0.096768293,0.0,0.0,0.0,0.0,0.0,0.0,0.0,0.0,0.0,0.0,0.0,0.077658588,0.236228482,0.285714286,0.285714286,0.285714286,0.285714286,0.285714286,0.285714286,0.285714286,0.285714286,0.27627755,0.233382356,0.096768293,0.0,0.0,0.0,0.0,0.0,0.0,0.0,0.0,0.0,0.0,0.0,0.077658588,0.236228482,0.285714286,0.285714286,0.285714286,0.285714286,0.285714286,0.285714286,0.285714286,0.285714286,0.27627755,0.233382356,0.096768293,0.0,0.0,0.0,0.0,0.0
0.0,0.0,0.0,0.0,0.0,0.0,0.04492497,0.115890523,0.137756662,0.142857143,0.142527453,0.13954571,0.137359089,0.137359089,0.138353003,0.139943271,0.132389517,0.11310756,0.047707932,0.0,0.0,0.0,0.0,0.0,0.0,0.0,0.0,0.0,0.0,0.0,0.04492497,0.115890523,0.137756662,0.142857143,0.142527453,0.13954571,0.137359089,0.137359089,0.138353003,0.139943271,0.132389517,0.11310756,0.047707932,0.0,0.0,0.0,0.0,0.0,0.0,0.0,0.0,0.0,0.0,0.0,0.04492497,0.115890523,0.137756662,0.142857143,0.142527453,0.13954571,0.137359089,0.137359089,0.138353003,0.139943271,0.132389517,0.11310756,0.047707932,0.0,0.0,0.0,0.0,0.0,0.0,0.0,0.0,0.0,0.0,0.0,0.04492497,0.115890523,0.137756662,0.142857143,0.142527453,0.13954571,0.137359089,0.137359089,0.138353003,0.139943271,0.132389517,0.11310756,0.047707932,0.0,0.0,0.0,0.0,0.0
0.0,0.0,0.0,0.0,0.0,0.0,0.079537319,0.595131348,0.940895778,1.0,1.0,0.997205827,0.993638894,0.993095226,0.994487014,0.986331337,0.965117181,0.867234848,0.490976554,0.061423964,0.0,0.0,0.0,0.0,0.0,0.0,0.0,0.0,0.0,0.0,0.079537319,0.595131348,0.940895778,1.0,1.0,0.997205827,0.993638894,0.993095226,0.994487014,0.986331337,0.965117181,0.867234848,0.490976554,0.061423964,0.0,0.0,0.0,0.0,0.0,0.0,0.0,0.0,0.0,0.0,0.079537319,0.595131348,0.940895778,1.0,1.0,0.997205827,0.993638894,0.993095226,0.994487014,0.986331337,0.965117181,0.867234848,0.490976554,0.061423964,0.0,0.0,0.0,0.0,0.0,0.0,0.0,0.0,0.0,0.0,0.079537319,0.595131348,0.940895778,1.0,1.0,0.997205827,0.993638894,0.993095226,0.994487014,0.986331337,0.965117181,0.867234848,0.490976554,0.061423964,0.0,0.0,0.0,0.0
0.0,0.0,0.0,0.0,0.0,0.0,0.0,0.0,0.0,0.0,0.0,0.0,0.0,0.0,0.0,0.0,0.0,0.0,0.0,0.0,0.0,0.0,0.0,0.0,0.0,0.0,0.0,0.0,0.0,0.0,0.0,0.0,0.0,0.0,0.0,0.0,0.0,0.0,0.0,0.0,0.0,0.0,0.0,0.0,0.0,0.0,0.0,0.0,0.0,0.0,0.0,0.0,0.0,0.0,0.0,0.0,0.0,0.0,0.0,0.0,0.0,0.0,0.0,0.0,0.0,0.0,0.0,0.0,0.0,0.0,0.0,0.0,0.0,0.0,0.0,0.0,0.0,0.0,0.0,0.0,0.0,0.0,0.0,0.0,0.0,0.0,0.0,0.0,0.0,0.0,0.0,0.0,0.0,0.0,0.0,0.0
0.0,0.0,0.0,0.0,0.0,0.0,0.0,0.0,0.0,0.0,0.0,0.0,0.0,0.0,0.0,0.0,0.0,0.0,0.0,0.0,0.0,0.0,0.0,0.0,0.0,0.0,0.0,0.0,0.0,0.0,0.0,0.0,0.0,0.0,0.0,0.0,0.0,0.0,0.0,0.0,0.0,0.0,0.0,0.0,0.0,0.0,0.0,0.0,0.0,0.0,0.0,0.0,0.0,0.0,0.0,0.0,0.0,0.0,0.0,0.0,0.0,0.0,0.0,0.0,0.0,0.0,0.0,0.0,0.0,0.0,0.0,0.0,0.0,0.0,0.0,0.0,0.0,0.0,0.0,0.0,0.0,0.0,0.0,0.0,0.0,0.0,0.0,0.0,0.0,0.0,0.0,0.0,0.0,0.0,0.0,0.0
0.0,0.0,0.0,0.0,0.0,0.0,0.0,0.0,0.0,0.0,0.0,0.0,0.0,0.0,0.0,0.0,0.0,0.0,0.0,0.0,0.0,0.0,0.0,0.0,0.0,0.0,0.0,0.0,0.0,0.0,0.0,0.0,0.0,0.0,0.0,0.0,0.0,0.0,0.0,0.0,0.0,0.0,0.0,0.0,0.0,0.0,0.0,0.0,0.0,0.0,0.0,0.0,0.0,0.0,0.0,0.0,0.0,0.0,0.0,0.0,0.0,0.0,0.0,0.0,0.0,0.0,0.0,0.0,0.0,0.0,0.0,0.0,0.0,0.0,0.0,0.0,0.0,0.0,0.0,0.0,0.0,0.0,0.0,0.0,0.0,0.0,0.0,0.0,0.0,0.0,0.0,0.0,0.0,0.0,0.0,0.0
0.0,0.0,0.0,0.0,0.0,0.0,0.0,0.0,0.0,0.0,0.0,0.0,0.0,0.0,0.0,0.0,0.0,0.0,0.0,0.0,0.0,0.0,0.0,0.0,0.0,0.0,0.0,0.0,0.0,0.0,0.0,0.0,0.0,0.0,0.0,0.0,0.0,0.0,0.0,0.0,0.0,0.0,0.0,0.0,0.0,0.0,0.0,0.0,0.0,0.0,0.0,0.0,0.0,0.0,0.0,0.0,0.0,0.0,0.0,0.0,0.0,0.0,0.0,0.0,0.0,0.0,0.0,0.0,0.0,0.0,0.0,0.0,0.0,0.0,0.0,0.0,0.0,0.0,0.0,0.0,0.0,0.0,0.0,0.0,0.0,0.0,0.0,0.0,0.0,0.0,0.0,0.0,0.0,0.0,0.0,0.0
0.0,0.0,0.0,0.0,0.0,0.0,0.0,0.0,0.0,0.0,0.0,0.0,0.0,0.0,0.0,0.0,0.0,0.0,0.0,0.0,0.0,0.0,0.0,0.0,0.0,0.0,0.0,0.0,0.0,0.0,0.0,0.0,0.0,0.0,0.0,0.0,0.0,0.0,0.0,0.0,0.0,0.0,0.0,0.0,0.0,0.0,0.0,0.0,0.0,0.0,0.0,0.0,0.0,0.0,0.0,0.0,0.0,0.0,0.0,0.0,0.0,0.0,0.0,0.0,0.0,0.0,0.0,0.0,0.0,0.0,0.0,0.0,0.0,0.0,0.0,0.0,0.0,0.0,0.0,0.0,0.0,0.0,0.0,0.0,0.0,0.0,0.0,0.0,0.0,0.0,0.0,0.0,0.0,0.0,0.0,0.0
0.0,0.0,0.0,0.0,0.0,0.0,0.0,0.0,0.0,0.0,0.0,0.0,0.0,0.0,0.0,0.0,0.0,0.0,0.0,0.0,0.0,0.0,0.0,0.0,0.0,0.0,0.0,0.0,0.0,0.0,0.0,0.0,0.0,0.0,0.0,0.0,0.0,0.0,0.0,0.0,0.0,0.0,0.0,0.0,0.0,0.0,0.0,0.0,0.0,0.0,0.0,0.0,0.0,0.0,0.0,0.0,0.0,0.0,0.0,0.0,0.0,0.0,0.0,0.0,0.0,0.0,0.0,0.0,0.0,0.0,0.0,0.0,0.0,0.0,0.0,0.0,0.0,0.0,0.0,0.0,0.0,0.0,0.0,0.0,0.0,0.0,0.0,0.0,0.0,0.0,0.0,0.0,0.0,0.0,0.0,0.0
0.0,0.0,0.0,0.0,0.0,0.0,0.0,0.0,0.0,0.0,0.0,0.0,0.0,0.0,0.0,0.0,0.0,0.0,0.0,0.0,0.0,0.0,0.0,0.0,0.0,0.0,0.0,0.0,0.0,0.0,0.0,0.0,0.0,0.0,0.0,0.0,0.0,0.0,0.0,0.0,0.0,0.0,0.0,0.0,0.0,0.0,0.0,0.0,0.0,0.0,0.0,0.0,0.0,0.0,0.0,0.0,0.0,0.0,0.0,0.0,0.0,0.0,0.0,0.0,0.0,0.0,0.0,0.0,0.0,0.0,0.0,0.0,0.0,0.0,0.0,0.0,0.0,0.0,0.0,0.0,0.0,0.0,0.0,0.0,0.0,0.0,0.0,0.0,0.0,0.0,0.0,0.0,0.0,0.0,0.0,0.0
0.0,0.0,0.0,0.0,0.0,0.0,0.0,0.0,0.0,0.0,0.0,0.0,0.0,0.0,0.0,0.0,0.0,0.0,0.0,0.0,0.0,0.0,0.0,0.0,0.0,0.0,0.0,0.0,0.0,0.0,0.0,0.0,0.0,0.0,0.0,0.0,0.0,0.0,0.0,0.0,0.0,0.0,0.0,0.0,0.0,0.0,0.0,0.0,0.0,0.0,0.0,0.0,0.0,0.0,0.0,0.0,0.0,0.0,0.0,0.0,0.0,0.0,0.0,0.0,0.0,0.0,0.0,0.0,0.0,0.0,0.0,0.0,0.0,0.0,0.0,0.0,0.0,0.0,0.0,0.0,0.0,0.0,0.0,0.0,0.0,0.0,0.0,0.0,0.0,0.0,0.0,0.0,0.0,0.0,0.0,0.0
0.0,0.0,0.0,0.0,0.0,0.0,0.0,0.0,0.006957407,0.058442219,0.259411893,0.372320669,0.351647225,0.356418016,0.381663465,0.223233371,0.173338827,0.0,0.0,0.0,0.0,0.0,0.0,0.0,0.0,0.0,0.0,0.0,0.0,0.0,0.0,0.0,0.006957407,0.058442219,0.259411893,0.372320669,0.351647225,0.356418016,0.381663465,0.223233371,0.173338827,0.0,0.0,0.0,0.0,0.0,0.0,0.0,0.0,0.0,0.0,0.0,0.0,0.0,0.0,0.0,0.006957407,0.058442219,0.259411893,0.372320669,0.351647225,0.356418016,0.381663465,0.223233371,0.173338827,0.0,0.0,0.0,0.0,0.0,0.0,0.0,0.0,0.0,0.0,0.0,0.0,0.0,0.0,0.0,0.006957407,0.058442219,0.259411893,0.372320669,0.351647225,0.356418016,0.381663465,0.223233371,0.173338827,0.0,0.0,0.0,0.0,0.0,0.0,0.0
0.0,0.0,0.0,0.0,0.0,0.0,0.0,0.0,0.0,0.049099414,0.096807346,0.096807346,0.085874282,0.083687667,0.077127828,0.056056823,0.019878306,0.001391481,0.0,0.0,0.0,0.0,0.0,0.0,0.0,0.0,0.0,0.0,0.0,0.0,0.0,0.0,0.0,0.049099414,0.096807346,0.096807346,0.085874282,0.083687667,0.077127828,0.056056823,0.019878306,0.001391481,0.0,0.0,0.0,0.0,0.0,0.0,0.0,0.0,0.0,0.0,0.0,0.0,0.0,0.0,0.0,0.049099414,0.096807346,0.096807346,0.085874282,0.083687667,0.077127828,0.056056823,0.019878306,0.001391481,0.0,0.0,0.0,0.0,0.0,0.0,0.0,0.0,0.0,0.0,0.0,0.0,0.0,0.0,0.0,0.049099414,0.096807346,0.096807346,0.085874282,0.083687667,0.077127828,0.056056823,0.019878306,0.001391481,0.0,0.0,0.0,0.0,0.0,0.0
0.0,0.0,0.0,0.0,0.0,0.0,0.0,0.0,0.010933068,0.107342855,0.113306341,0.098993961,0.08984994,0.096807346,0.110722159,0.111716073,0.046316451,0.0,0.0,0.0,0.0,0.0,0.0,0.0,0.0,0.0,0.0,0.0,0.0,0.0,0.0,0.0,0.010933068,0.107342855,0.113306341,0.098993961,0.08984994,0.096807346,0.110722159,0.111716073,0.046316451,0.0,0.0,0.0,0.0,0.0,0.0,0.0,0.0,0.0,0.0,0.0,0.0,0.0,0.0,0.0,0.010933068,0.107342855,0.113306341,0.098993961,0.08984994,0.096807346,0.110722159,0.111716073,0.046316451,0.0,0.0,0.0,0.0,0.0,0.0,0.0,0.0,0.0,0.0,0.0,0.0,0.0,0.0,0.0,0.010933068,0.107342855,0.113306341,0.098993961,0.08984994,0.096807346,0.110722159,0.111716073,0.046316451,0.0,0.0,0.0,0.0,0.0,0.0,0.0
0.0,0.0,0.0,0.0,0.0,0.0,0.0,0.0,0.054632208,0.040193149,0.116245294,0.177960335,0.139718534,0.14167236,0.101332027,0.092819755,0.087048558,0.0,0.0,0.0,0.0,0.0,0.0,0.0,0.0,0.0,0.0,0.0,0.0,0.0,0.0,0.0,0.054632208,0.040193149,0.116245294,0.177960335,0.139718534,0.14167236,0.101332027,0.092819755,0.087048558,0.0,0.0,0.0,0.0,0.0,0.0,0.0,0.0,0.0,0.0,0.0,0.0,0.0,0.0,0.0,0.054632208,0.040193149,0.116245294,0.177960335,0.139718534,0.14167236,0.101332027,0.092819755,0.087048558,0.0,0.0,0.0,0.0,0.0,0.0,0.0,0.0,0.0,0.0,0.0,0.0,0.0,0.0,0.0,0.054632208,0.040193149,0.116245294,0.177960335,0.139718534,0.14167236,0.101332027,0.092819755,0.087048558,0.0,0.0,0.0,0.0,0.0,0.0,0.0
0.0,0.0,0.0,0.0,0.0,0.0,0.0,0.0,0.118364544,0.282454116,0.251977857,0.371189788,0.418592746,0.356544447,0.310955591,0.425620221,0.189282377,0.0,0.0,0.0,0.0,0.0,0.0,0.0,0.0,0.0,0.0,0.0,0.0,0.0,0.0,0.0,0.118364544,0.282454116,0.251977857,0.371189788,0.418592746,0.356544447,0.310955591,0.425620221,0.189282377,0.0,0.0,0.0,0.0,0.0,0.0,0.0,0.0,0.0,0.0,0.0,0.0,0.0,0.0,0.0,0.118364544,0.282454116,0.251977857,0.371189788,0.418592746,0.356544447,0.310955591,0.425620221,0.189282377,0.0,0.0,0.0,0.0,0.0,0.0,0.0,0.0,0.0,0.0,0.0,0.0,0.0,0.0,0.0,0.118364544,0.282454116,0.251977857,0.371189788,0.418592746,0.356544447,0.310955591,0.425620221,0.189282377,0.0,0.0,0.0,0.0,0.0,0.0,0.0
0.0,0.0,0.0,0.0,0.0,0.0,0.0,0.0,0.006162275,0.075441666,0.109290045,0.138681854,0.144879208,0.154610641,0.17640832,0.19865947,0.107542023,0.0,0.0,0.0,0.0,0.0,0.0,0.0,0.0,0.0,0.0,0.0,0.0,0.0,0.0,0.0,0.006162275,0.075441666,0.109290045,0.138681854,0.144879208,0.154610641,0.17640832,0.19865947,0.107542023,0.0,0.0,0.0,0.0,0.0,0.0,0.0,0.0,0.0,0.0,0.0,0.0,0.0,0.0,0.0,0.006162275,0.075441666,0.109290045,0.138681854,0.144879208,0.154610641,0.17640832,0.19865947,0.107542023,0.0,0.0,0.0,0.0,0.0,0.0,0.0,0.0,0.0,0.0,0.0,0.0,0.0,0.0,0.0,0.006162275,0.075441666,0.109290045,0.138681854,0.144879208,0.154610641,0.17640832,0.19865947,0.107542023,0.0,0.0,0.0,0.0,0.0,0.0,0.0
0.0,0.0,0.0,0.0,0.0,0.0,0.0,0.0,0.041878715,0.028257968,0.087620029,0.119537304,0.138443713,0.175849941,0.213052889,0.219964906,0.128482272,0.0,0.0,0.0,0.0,0.0,0.0,0.0,0.0,0.0,0.0,0.0,0.0,0.0,0.0,0.0,0.041878715,0.028257968,0.087620029,0.119537304,0.138443713,0.175849941,0.213052889,0.219964906,0.128482272,0.0,0.0,0.0,0.0,0.0,0.0,0.0,0.0,0.0,0.0,0.0,0.0,0.0,0.0,0.0,0.041878715,0.028257968,0.087620029,0.119537304,0.138443713,0.175849941,0.213052889,0.219964906,0.128482272,0.0,0.0,0.0,0.0,0.0,0.0,0.0,0.0,0.0,0.0,0.0,0.0,0.0,0.0,0.0,0.041878715,0.028257968,0.087620029,0.119537304,0.138443713,0.175849941,0.213052889,0.219964906,0.128482272,0.0,0.0,0.0,0.0,0.0,0.0,0.0
0.0,0.0,0.0,0.0,0.0,0.0,0.0,0.0,0.00516836,0.01888439,0.035383385,0.09422317,0.085874282,0.089253592,0.101180576,0.104758673,0.055858036,0.0,0.0,0.0,0.0,0.0,0.0,0.0,0.0,0.0,0.0,0.0,0.0,0.0,0.0,0.0,0.00516836,0.01888439,0.035383385,0.09422317,0.085874282,0.089253592,0.101180576,0.104758673,0.055858036,0.0,0.0,0.0,0.0,0.0,0.0,0.0,0.0,0.0,0.0,0.0,0.0,0.0,0.0,0.0,0.00516836,0.01888439,0.035383385,0.09422317,0.085874282,0.089253592,0.101180576,0.104758673,0.055858036,0.0,0.0,0.0,0.0,0.0,0.0,0.0,0.0,0.0,0.0,0.0,0.0,0.0,0.0,0.0,0.00516836,0.01888439,0.035383385,0.09422317,0.085874282,0.089253592,0.101180576,0.104758673,0.055858036,0.0,0.0,0.0,0.0,0.0,0.0,0.0
0.0,0.0,0.0,0.0,0.0,0.0,0.0,0.0,0.038185692,0.254402995,0.369773304,0.416782294,0.432775028,0.440540027,0.37486479,0.375538805,0.249369232,0.029850194,0.0,0.0,0.0,0.0,0.0,0.0,0.0,0.0,0.0,0.0,0.0,0.0,0.0,0.0,0.038185692,0.254402995,0.369773304,0.416782294,0.432775028,0.440540027,0.37486479,0.375538805,0.249369232,0.029850194,0.0,0.0,0.0,0.0,0.0,0.0,0.0,0.0,0.0,0.0,0.0,0.0,0.0,0.0,0.038185692,0.254402995,0.369773304,0.416782294,0.432775028,0.440540027,0.37486479,0.375538805,0.249369232,0.029850194,0.0,0.0,0.0,0.0,0.0,0.0,0.0,0.0,0.0,0.0,0.0,0.0,0.0,0.0,0.038185692,0.254402995,0.369773304,0.416782294,0.432775028,0.440540027,0.37486479,0.375538805,0.249369232,0.029850194,0.0,0.0,0.0,0.0,0.0,0.0
0.0,0.0,0.0,0.0,0.0,0.0,0.0,0.0,0.0,0.0,0.0,0.0,0.0,0.0,0.0,0.0,0.0,0.0,0.0,0.0,0.0,0.0,0.0,0.0,0.0,0.0,0.0,0.0,0.0,0.0,0.0,0.0,0.0,0.0,0.0,0.0,0.0,0.0,0.0,0.0,0.0,0.0,0.0,0.0,0.0,0.0,0.0,0.0,0.0,0.0,0.0,0.0,0.0,0.0,0.0,0.0,0.0,0.0,0.0,0.0,0.0,0.0,0.0,0.0,0.0,0.0,0.0,0.0,0.0,0.0,0.0,0.0,0.0,0.0,0.0,0.0,0.0,0.0,0.0,0.0,0.0,0.0,0.0,0.0,0.0,0.0,0.0,0.0,0.0,0.0,0.0,0.0,0.0,0.0,0.0,0.0
0.0,0.0,0.0,0.0,0.0,0.0,0.0,0.0,0.0,0.0,0.0,0.0,0.0,0.0,0.0,0.0,0.0,0.0,0.0,0.0,0.0,0.0,0.0,0.0,0.0,0.0,0.0,0.0,0.0,0.0,0.0,0.0,0.0,0.0,0.0,0.0,0.0,0.0,0.0,0.0,0.0,0.0,0.0,0.0,0.0,0.0,0.0,0.0,0.0,0.0,0.0,0.0,0.0,0.0,0.0,0.0,0.0,0.0,0.0,0.0,0.0,0.0,0.0,0.0,0.0,0.0,0.0,0.0,0.0,0.0,0.0,0.0,0.0,0.0,0.0,0.0,0.0,0.0,0.0,0.0,0.0,0.0,0.0,0.0,0.0,0.0,0.0,0.0,0.0,0.0,0.0,0.0,0.0,0.0,0.0,0.0
0.0,0.0,0.0,0.0,0.0,0.0,0.0,0.0,0.0,0.0,0.0,0.0,0.0,0.0,0.0,0.0,0.0,0.0,0.0,0.0,0.0,0.0,0.0,0.0,0.0,0.0,0.0,0.0,0.0,0.0,0.0,0.0,0.0,0.0,0.0,0.0,0.0,0.0,0.0,0.0,0.0,0.0,0.0,0.0,0.0,0.0,0.0,0.0,0.0,0.0,0.0,0.0,0.0,0.0,0.0,0.0,0.0,0.0,0.0,0.0,0.0,0.0,0.0,0.0,0.0,0.0,0.0,0.0,0.0,0.0,0.0,0.0,0.0,0.0,0.0,0.0,0.0,0.0,0.0,0.0,0.0,0.0,0.0,0.0,0.0,0.0,0.0,0.0,0.0,0.0,0.0,0.0,0.0,0.0,0.0,0.0
0.0,0.0,0.0,0.0,0.0,0.0,0.0,0.0,0.0,0.0,0.0,0.0,0.0,0.0,0.0,0.0,0.0,0.0,0.0,0.0,0.0,0.0,0.0,0.0,0.0,0.0,0.0,0.0,0.0,0.0,0.0,0.0,0.0,0.0,0.0,0.0,0.0,0.0,0.0,0.0,0.0,0.0,0.0,0.0,0.0,0.0,0.0,0.0,0.0,0.0,0.0,0.0,0.0,0.0,0.0,0.0,0.0,0.0,0.0,0.0,0.0,0.0,0.0,0.0,0.0,0.0,0.0,0.0,0.0,0.0,0.0,0.0,0.0,0.0,0.0,0.0,0.0,0.0,0.0,0.0,0.0,0.0,0.0,0.0,0.0,0.0,0.0,0.0,0.0,0.0,0.0,0.0,0.0,0.0,0.0,0.0
0.0,0.0,0.0,0.0,0.0,0.0,0.0,0.0,0.0,0.0,0.0,0.0,0.0,0.0,0.0,0.0,0.0,0.0,0.0,0.0,0.0,0.0,0.0,0.0,0.0,0.0,0.0,0.0,0.0,0.0,0.0,0.0,0.0,0.0,0.0,0.0,0.0,0.0,0.0,0.0,0.0,0.0,0.0,0.0,0.0,0.0,0.0,0.0,0.0,0.0,0.0,0.0,0.0,0.0,0.0,0.0,0.0,0.0,0.0,0.0,0.0,0.0,0.0,0.0,0.0,0.0,0.0,0.0,0.0,0.0,0.0,0.0,0.0,0.0,0.0,0.0,0.0,0.0,0.0,0.0,0.0,0.0,0.0,0.0,0.0,0.0,0.0,0.0,0.0,0.0,0.0,0.0,0.0,0.0,0.0,0.0
0.0,0.0,0.0,0.0,0.0,0.0,0.0,0.0,0.0,0.0,0.0,0.0,0.0,0.0,0.0,0.0,0.0,0.0,0.0,0.0,0.0,0.0,0.0,0.0,0.0,0.0,0.0,0.0,0.0,0.0,0.0,0.0,0.0,0.0,0.0,0.0,0.0,0.0,0.0,0.0,0.0,0.0,0.0,0.0,0.0,0.0,0.0,0.0,0.0,0.0,0.0,0.0,0.0,0.0,0.0,0.0,0.0,0.0,0.0,0.0,0.0,0.0,0.0,0.0,0.0,0.0,0.0,0.0,0.0,0.0,0.0,0.0,0.0,0.0,0.0,0.0,0.0,0.0,0.0,0.0,0.0,0.0,0.0,0.0,0.0,0.0,0.0,0.0,0.0,0.0,0.0,0.0,0.0,0.0,0.0,0.0
0.0,0.0,0.0,0.0,0.0,0.0,0.0,0.0,0.0,0.0,0.0,0.0,0.0,0.0,0.0,0.0,0.0,0.0,0.0,0.0,0.0,0.0,0.0,0.0,0.0,0.0,0.0,0.0,0.0,0.0,0.0,0.0,0.0,0.0,0.0,0.0,0.0,0.0,0.0,0.0,0.0,0.0,0.0,0.0,0.0,0.0,0.0,0.0,0.0,0.0,0.0,0.0,0.0,0.0,0.0,0.0,0.0,0.0,0.0,0.0,0.0,0.0,0.0,0.0,0.0,0.0,0.0,0.0,0.0,0.0,0.0,0.0,0.0,0.0,0.0,0.0,0.0,0.0,0.0,0.0,0.0,0.0,0.0,0.0,0.0,0.0,0.0,0.0,0.0,0.0,0.0,0.0,0.0,0.0,0.0,0.0
0.0,0.0,0.0,0.0,0.0,0.0,0.0,0.0,0.0,0.0,0.0,0.0,0.0,0.0,0.0,0.0,0.0,0.0,0.0,0.0,0.0,0.0,0.0,0.0,0.0,0.0,0.0,0.0,0.0,0.0,0.0,0.0,0.0,0.0,0.0,0.0,0.0,0.0,0.0,0.0,0.0,0.0,0.0,0.0,0.0,0.0,0.0,0.0,0.0,0.0,0.0,0.0,0.0,0.0,0.0,0.0,0.0,0.0,0.0,0.0,0.0,0.0,0.0,0.0,0.0,0.0,0.0,0.0,0.0,0.0,0.0,0.0,0.0,0.0,0.0,0.0,0.0,0.0,0.0,0.0,0.0,0.0,0.0,0.0,0.0,0.0,0.0,0.0,0.0,0.0,0.0,0.0,0.0,0.0,0.0,0.0
0.0,0.0,0.0,0.0,0.0,0.0,0.0,0.0,0.038762695,0.229991994,0.382458599,0.310101568,0.246689769,0.267959561,0.322028552,0.316860194,0.150677555,0.0,0.0,0.0,0.0,0.0,0.0,0.0,0.0,0.0,0.0,0.0,0.0,0.0,0.0,0.0,0.038762695,0.229991994,0.382458599,0.310101568,0.246689769,0.267959561,0.322028552,0.316860194,0.150677555,0.0,0.0,0.0,0.0,0.0,0.0,0.0,0.0,0.0,0.0,0.0,0.0,0.0,0.0,0.0,0.038762695,0.229991994,0.382458599,0.310101568,0.246689769,0.267959561,0.322028552,0.316860194,0.150677555,0.0,0.0,0.0,0.0,0.0,0.0,0.0,0.0,0.0,0.0,0.0,0.0,0.0,0.0,0.0,0.038762695,0.229991994,0.382458599,0.310101568,0.246689769,0.267959561,0.322028552,0.316860194,0.150677555,0.0,0.0,0.0,0.0,0.0,0.0,0.0
0.0,0.0,0.0,0.0,0.0,0.0,0.0,0.0,0.0,0.04094931,0.061225181,0.074146079,0.068977721,0.074941213,0.0820974,0.049099414,0.028823542,0.0,0.0,0.0,0.0,0.0,0.0,0.0,0.0,0.0,0.0,0.0,0.0,0.0,0.0,0.0,0.0,0.04094931,0.061225181,0.074146079,0.068977721,0.074941213,0.0820974,0.049099414,0.028823542,0.0,0.0,0.0,0.0,0.0,0.0,0.0,0.0,0.0,0.0,0.0,0.0,0.0,0.0,0.0,0.0,0.04094931,0.061225181,0.074146079,0.068977721,0.074941213,0.0820974,0.049099414,0.028823542,0.0,0.0,0.0,0.0,0.0,0.0,0.0,0.0,0.0,0.0,0.0,0.0,0.0,0.0,0.0,0.0,0.04094931,0.061225181,0.074146079,0.068977721,0.074941213,0.0820974,0.049099414,0.028823542,0.0,0.0,0.0,0.0,0.0,0.0,0.0
0.0,0.0,0.0,0.0,0.0,0.0,0.0,0.0,0.019679522,0.065995972,0.080507138,0.078121742,0.069176502,0.074742427,0.0832901,0.068381374,0.019878306,0.0,0.0,0.0,0.0,0.0,0.0,0.0,0.0,0.0,0.0,0.0,0.0,0.0,0.0,0.0,0.019679522,0.065995972,0.080507138,0.078121742,0.069176502,0.074742427,0.0832901,0.068381374,0.019878306,0.0,0.0,0.0,0.0,0.0,0.0,0.0,0.0,0.0,0.0,0.0,0.0,0.0,0.0,0.0,0.019679522,0.065995972,0.080507138,0.078121742,0.069176502,0.074742427,0.0832901,0.068381374,0.019878306,0.0,0.0,0.0,0.0,0.0,0.0,0.0,0.0,0.0,0.0,0.0,0.0,0.0,0.0,0.0,0.019679522,0.065995972,0.080507138,0.078121742,0.069176502,0.074742427,0.0832901,0.068381374,0.019878306,0.0,0.0,0.0,0.0,0.0,0.0,0.0
0.0,0.0,0.0,0.0,0.0,0.0,0.0,0.0,0.127269053,0.424185577,0.457219415,0.419008238,0.380320382,0.383350073,0.417437996,0.454614815,0.261798752,0.0,0.0,0.0,0.0,0.0,0.0,0.0,0.0,0.0,0.0,0.0,0.0,0.0,0.0,0.0,0.127269053,0.424185577,0.457219415,0.419008238,0.380320382,0.383350073,0.417437996,0.454614815,0.261798752,0.0,0.0,0.0,0.0,0.0,0.0,0.0,0.0,0.0,0.0,0.0,0.0,0.0,0.0,0.0,0.127269053,0.424185577,0.457219415,0.419008238,0.380320382,0.383350073,0.417437996,0.454614815,0.261798752,0.0,0.0,0.0,0.0,0.0,0.0,0.0,0.0,0.0,0.0,0.0,0.0,0.0,0.0,0.0,0.127269053,0.424185577,0.457219415,0.419008238,0.380320382,0.383350073,0.417437996,0.454614815,0.261798752,0.0,0.0,0.0,0.0,0.0,0.0,0.0
0.0,0.0,0.0,0.0,0.0,0.0,0.0,0.0,0.145081094,0.562312126,0.581068027,0.520269408,0.474237243,0.518688121,0.496555302,0.505838827,0.158211658,0.0,0.0,0.0,0.0,0.0,0.0,0.0,0.0,0.0,0.0,0.0,0.0,0.0,0.0,0.0,0.145081094,0.562312126,0.581068027,0.520269408,0.474237243,0.518688121,0.496555302,0.505838827,0.158211658,0.0,0.0,0.0,0.0,0.0,0.0,0.0,0.0,0.0,0.0,0.0,0.0,0.0,0.0,0.0,0.145081094,0.562312126,0.581068027,0.520269408,0.474237243,0.518688121,0.496555302,0.505838827,0.158211658,0.0,0.0,0.0,0.0,0.0,0.0,0.0,0.0,0.0,0.0,0.0,0.0,0.0,0.0,0.0,0.145081094,0.562312126,0.581068027,0.520269408,0.474237243,0.518688121,0.496555302,0.505838827,0.158211658,0.0,0.0,0.0,0.0,0.0,0.0,0.0
0.0,0.0,0.0,0.0,0.0,0.0,0.0,0.0,0.004969576,0.123979155,0.152100879,0.154768399,0.142939647,0.149090013,0.173563492,0.117845354,0.044846288,0.0,0.0,0.0,0.0,0.0,0.0,0.0,0.0,0.0,0.0,0.0,0.0,0.0,0.0,0.0,0.004969576,0.123979155,0.152100879,0.154768399,0.142939647,0.149090013,0.173563492,0.117845354,0.044846288,0.0,0.0,0.0,0.0,0.0,0.0,0.0,0.0,0.0,0.0,0.0,0.0,0.0,0.0,0.0,0.004969576,0.123979155,0.152100879,0.154768399,0.142939647,0.149090013,0.173563492,0.117845354,0.044846288,0.0,0.0,0.0,0.0,0.0,0.0,0.0,0.0,0.0,0.0,0.0,0.0,0.0,0.0,0.0,0.004969576,0.123979155,0.152100879,0.154768399,0.142939647,0.149090013,0.173563492,0.117845354,0.044846288,0.0,0.0,0.0,0.0,0.0,0.0,0.0
0.0,0.0,0.0,0.0,0.0,0.0,0.0,0.0,0.028867853,0.195772829,0.223827505,0.201261783,0.129702043,0.127465799,0.111405513,0.144542561,0.103883605,0.0,0.0,0.0,0.0,0.0,0.0,0.0,0.0,0.0,0.0,0.0,0.0,0.0,0.0,0.0,0.028867853,0.195772829,0.223827505,0.201261783,0.129702043,0.127465799,0.111405513,0.144542561,0.103883605,0.0,0.0,0.0,0.0,0.0,0.0,0.0,0.0,0.0,0.0,0.0,0.0,0.0,0.0,0.0,0.028867853,0.195772829,0.223827505,0.201261783,0.129702043,0.127465799,0.111405513,0.144542561,0.103883605,0.0,0.0,0.0,0.0,0.0,0.0,0.0,0.0,0.0,0.0,0.0,0.0,0.0,0.0,0.0,0.028867853,0.195772829,0.223827505,0.201261783,0.129702043,0.127465799,0.111405513,0.144542561,0.103883605,0.0,0.0,0.0,0.0,0.0,0.0,0.0
0.0,0.0,0.0,0.0,0.0,0.0,0.0,0.0,0.015505079,0.06758624,0.086073063,0.073152165,0.066989892,0.052279946,0.072357031,0.03319677,0.012125767,0.0,0.0,0.0,0.0,0.0,0.0,0.0,0.0,0.0,0.0,0.0,0.0,0.0,0.0,0.0,0.015505079,0.06758624,0.086073063,0.073152165,0.066989892,0.052279946,0.072357031,0.03319677,0.012125767,0.0,0.0,0.0,0.0,0.0,0.0,0.0,0.0,0.0,0.0,0.0,0.0,0.0,0.0,0.0,0.015505079,0.06758624,0.086073063,0.073152165,0.066989892,0.052279946,0.072357031,0.03319677,0.012125767,0.0,0.0,0.0,0.0,0.0,0.0,0.0,0.0,0.0,0.0,0.0,0.0,0.0,0.0,0.0,0.015505079,0.06758624,0.086073063,0.073152165,0.066989892,0.052279946,0.072357031,0.03319677,0.012125767,0.0,0.0,0.0,0.0,0.0,0.0,0.0
0.0,0.0,0.0,0.0,0.0,0.0,0.0,0.0,0.034202635,0.379909888,0.562217303,0.546001094,0.530975708,0.511373664,0.569677481,0.616274113,0.417001395,0.021071004,0.0,0.0,0.0,0.0,0.0,0.0,0.0,0.0,0.0,0.0,0.0,0.0,0.0,0.0,0.034202635,0.379909888,0.562217303,0.546001094,0.530975708,0.511373664,0.569677481,0.616274113,0.417001395,0.021071004,0.0,0.0,0.0,0.0,0.0,0.0,0.0,0.0,0.0,0.0,0.0,0.0,0.0,0.0,0.034202635,0.379909888,0.562217303,0.546001094,0.530975708,0.511373664,0.569677481,0.616274113,0.417001395,0.021071004,0.0,0.0,0.0,0.0,0.0,0.0,0.0,0.0,0.0,0.0,0.0,0.0,0.0,0.0,0.034202635,0.379909888,0.562217303,0.546001094,0.530975708,0.511373664,0.569677481,0.616274113,0.417001395,0.021071004,0.0,0.0,0.0,0.0,0.0,0.0
0.0,0.0,0.0,0.0,0.0,0.0,0.0,0.0,0.0,0.0,0.0,0.0,0.0,0.0,0.0,0.0,0.0,0.0,0.0,0.0,0.0,0.0,0.0,0.0,0.0,0.0,0.0,0.0,0.0,0.0,0.0,0.0,0.0,0.0,0.0,0.0,0.0,0.0,0.0,0.0,0.0,0.0,0.0,0.0,0.0,0.0,0.0,0.0,0.0,0.0,0.0,0.0,0.0,0.0,0.0,0.0,0.0,0.0,0.0,0.0,0.0,0.0,0.0,0.0,0.0,0.0,0.0,0.0,0.0,0.0,0.0,0.0,0.0,0.0,0.0,0.0,0.0,0.0,0.0,0.0,0.0,0.0,0.0,0.0,0.0,0.0,0.0,0.0,0.0,0.0,0.0,0.0,0.0,0.0,0.0,0.0
0.0,0.0,0.0,0.0,0.0,0.0,0.0,0.0,0.0,0.0,0.0,0.0,0.0,0.0,0.0,0.0,0.0,0.0,0.0,0.0,0.0,0.0,0.0,0.0,0.0,0.0,0.0,0.0,0.0,0.0,0.0,0.0,0.0,0.0,0.0,0.0,0.0,0.0,0.0,0.0,0.0,0.0,0.0,0.0,0.0,0.0,0.0,0.0,0.0,0.0,0.0,0.0,0.0,0.0,0.0,0.0,0.0,0.0,0.0,0.0,0.0,0.0,0.0,0.0,0.0,0.0,0.0,0.0,0.0,0.0,0.0,0.0,0.0,0.0,0.0,0.0,0.0,0.0,0.0,0.0,0.0,0.0,0.0,0.0,0.0,0.0,0.0,0.0,0.0,0.0,0.0,0.0,0.0,0.0,0.0,0.0
0.0,0.0,0.0,0.0,0.0,0.0,0.0,0.0,0.0,0.0,0.0,0.0,0.0,0.0,0.0,0.0,0.0,0.0,0.0,0.0,0.0,0.0,0.0,0.0,0.0,0.0,0.0,0.0,0.0,0.0,0.0,0.0,0.0,0.0,0.0,0.0,0.0,0.0,0.0,0.0,0.0,0.0,0.0,0.0,0.0,0.0,0.0,0.0,0.0,0.0,0.0,0.0,0.0,0.0,0.0,0.0,0.0,0.0,0.0,0.0,0.0,0.0,0.0,0.0,0.0,0.0,0.0,0.0,0.0,0.0,0.0,0.0,0.0,0.0,0.0,0.0,0.0,0.0,0.0,0.0,0.0,0.0,0.0,0.0,0.0,0.0,0.0,0.0,0.0,0.0,0.0,0.0,0.0,0.0,0.0,0.0
0.0,0.0,0.0,0.0,0.0,0.0,0.0,0.0,0.0,0.0,0.0,0.0,0.0,0.0,0.0,0.0,0.0,0.0,0.0,0.0,0.0,0.0,0.0,0.0,0.0,0.0,0.0,0.0,0.0,0.0,0.0,0.0,0.0,0.0,0.0,0.0,0.0,0.0,0.0,0.0,0.0,0.0,0.0,0.0,0.0,0.0,0.0,0.0,0.0,0.0,0.0,0.0,0.0,0.0,0.0,0.0,0.0,0.0,0.0,0.0,0.0,0.0,0.0,0.0,0.0,0.0,0.0,0.0,0.0,0.0,0.0,0.0,0.0,0.0,0.0,0.0,0.0,0.0,0.0,0.0,0.0,0.0,0.0,0.0,0.0,0.0,0.0,0.0,0.0,0.0,0.0,0.0,0.0,0.0,0.0,0.0
0.0,0.0,0.0,0.0,0.0,0.0,0.0,0.0,0.0,0.0,0.0,0.0,0.0,0.0,0.0,0.0,0.0,0.0,0.0,0.0,0.0,0.0,0.0,0.0,0.0,0.0,0.0,0.0,0.0,0.0,0.0,0.0,0.0,0.0,0.0,0.0,0.0,0.0,0.0,0.0,0.0,0.0,0.0,0.0,0.0,0.0,0.0,0.0,0.0,0.0,0.0,0.0,0.0,0.0,0.0,0.0,0.0,0.0,0.0,0.0,0.0,0.0,0.0,0.0,0.0,0.0,0.0,0.0,0.0,0.0,0.0,0.0,0.0,0.0,0.0,0.0,0.0,0.0,0.0,0.0,0.0,0.0,0.0,0.0,0.0,0.0,0.0,0.0,0.0,0.0,0.0,0.0,0.0,0.0,0.0,0.0
0.0,0.0,0.0,0.0,0.0,0.0,0.0,0.0,0.0,0.0,0.0,0.0,0.0,0.0,0.0,0.0,0.0,0.0,0.0,0.0,0.0,0.0,0.0,0.0,0.0,0.0,0.0,0.0,0.0,0.0,0.0,0.0,0.0,0.0,0.0,0.0,0.0,0.0,0.0,0.0,0.0,0.0,0.0,0.0,0.0,0.0,0.0,0.0,0.0,0.0,0.0,0.0,0.0,0.0,0.0,0.0,0.0,0.0,0.0,0.0,0.0,0.0,0.0,0.0,0.0,0.0,0.0,0.0,0.0,0.0,0.0,0.0,0.0,0.0,0.0,0.0,0.0,0.0,0.0,0.0,0.0,0.0,0.0,0.0,0.0,0.0,0.0,0.0,0.0,0.0,0.0,0.0,0.0,0.0,0.0,0.0
0.0,0.0,0.0,0.0,0.0,0.0,0.0,0.0,0.0,0.0,0.0,0.0,0.0,0.0,0.0,0.0,0.0,0.0,0.0,0.0,0.0,0.0,0.0,0.0,0.0,0.0,0.0,0.0,0.0,0.0,0.0,0.0,0.0,0.0,0.0,0.0,0.0,0.0,0.0,0.0,0.0,0.0,0.0,0.0,0.0,0.0,0.0,0.0,0.0,0.0,0.0,0.0,0.0,0.0,0.0,0.0,0.0,0.0,0.0,0.0,0.0,0.0,0.0,0.0,0.0,0.0,0.0,0.0,0.0,0.0,0.0,0.0,0.0,0.0,0.0,0.0,0.0,0.0,0.0,0.0,0.0,0.0,0.0,0.0,0.0,0.0,0.0,0.0,0.0,0.0,0.0,0.0,0.0,0.0,0.0,0.0
0.0,0.0,0.0,0.0,0.0,0.0,0.0,0.0,0.0,0.0,0.0,0.0,0.0,0.0,0.0,0.0,0.0,0.0,0.0,0.0,0.0,0.0,0.0,0.0,0.0,0.0,0.0,0.0,0.0,0.0,0.0,0.0,0.0,0.0,0.0,0.0,0.0,0.0,0.0,0.0,0.0,0.0,0.0,0.0,0.0,0.0,0.0,0.0,0.0,0.0,0.0,0.0,0.0,0.0,0.0,0.0,0.0,0.0,0.0,0.0,0.0,0.0,0.0,0.0,0.0,0.0,0.0,0.0,0.0,0.0,0.0,0.0,0.0,0.0,0.0,0.0,0.0,0.0,0.0,0.0,0.0,0.0,0.0,0.0,0.0,0.0,0.0,0.0,0.0,0.0,0.0,0.0,0.0,0.0,0.0,0.0
0.0,0.0,0.0,0.0,0.0,0.0,0.064405711,0.097204913,0.182284062,0.105951369,0.116486873,0.155647137,0.196596446,0.284458552,0.349858174,0.406312573,0.416251722,0.393391668,0.223034589,0.060231266,0.0,0.0,0.0,0.0,0.0,0.0,0.0,0.0,0.0,0.0,0.064405711,0.097204913,0.182284062,0.105951369,0.116486873,0.155647137,0.196596446,0.284458552,0.349858174,0.406312573,0.416251722,0.393391668,0.223034589,0.060231266,0.0,0.0,0.0,0.0,0.0,0.0,0.0,0.0,0.0,0.0,0.064405711,0.097204913,0.182284062,0.105951369,0.116486873,0.155647137,0.196596446,0.284458552,0.349858174,0.406312573,0.416251722,0.393391668,0.223034589,0.060231266,0.0,0.0,0.0,0.0,0.0,0.0,0.0,0.0,0.0,0.0,0.064405711,0.097204913,0.182284062,0.105951369,0.116486873,0.155647137,0.196596446,0.284458552,0.349858174,0.406312573,0.416251722,0.393391668,0.223034589,0.060231266,0.0,0.0,0.0,0.0
0.0,0.0,0.0,0.0,0.0,0.0,0.029419893,0.095415865,0.132787078,0.142857143,0.142857143,0.142857143,0.142857143,0.137955442,0.11748079,0.112511207,0.093626817,0.054466555,0.109927025,0.04552132,0.0,0.0,0.0,0.0,0.0,0.0,0.0,0.0,0.0,0.0,0.029419893,0.095415865,0.132787078,0.142857143,0.142857143,0.142857143,0.142857143,0.137955442,0.11748079,0.112511207,0.093626817,0.054466555,0.109927025,0.04552132,0.0,0.0,0.0,0.0,0.0,0.0,0.0,0.0,0.0,0.0,0.029419893,0.095415865,0.132787078,0.142857143,0.142857143,0.142857143,0.142857143,0.137955442,0.11748079,0.112511207,0.093626817,0.054466555,0.109927025,0.04552132,0.0,0.0,0.0,0.0,0.0,0.0,0.0,0.0,0.0,0.0,0.029419893,0.095415865,0.132787078,0.142857143,0.142857143,0.142857143,0.142857143,0.137955442,0.11748079,0.112511207,0.093626817,0.054466555,0.109927025,0.04552132,0.0,0.0,0.0,0.0
0.0,0.0,0.0,0.0,0.0,0.000795132,0.068977721,0.099590309,0.131991944,0.128811421,0.121257667,0.091241421,0.104957453,0.112113646,0.082296186,0.09442195,0.135768833,0.121854009,0.071561903,0.008348888,0.0,0.0,0.0,0.0,0.0,0.0,0.0,0.0,0.0,0.000795132,0.068977721,0.099590309,0.131991944,0.128811421,0.121257667,0.091241421,0.104957453,0.112113646,0.082296186,0.09442195,0.135768833,0.121854009,0.071561903,0.008348888,0.0,0.0,0.0,0.0,0.0,0.0,0.0,0.0,0.0,0.000795132,0.068977721,0.099590309,0.131991944,0.128811421,0.121257667,0.091241421,0.104957453,0.112113646,0.082296186,0.09442195,0.135768833,0.121854009,0.071561903,0.008348888,0.0,0.0,0.0,0.0,0.0,0.0,0.0,0.0,0.0,0.000795132,0.068977721,0.099590309,0.131991944,0.128811421,0.121257667,0.091241421,0.104957453,0.112113646,0.082296186,0.09442195,0.135768833,0.121854009,0.071561903,0.008348888,0.0,0.0,0.0,0.0
0.0,0.0,0.0,0.0,0.0,0.0,0.094539219,0.365321788,0.479829127,0.497660468,0.483311228,0.422759233,0.410808221,0.385572766,0.365196826,0.278735498,0.05330473,0.060037086,0.015182143,0.003741526,0.0,0.0,0.0,0.0,0.0,0.0,0.0,0.0,0.0,0.0,0.094539219,0.365321788,0.479829127,0.497660468,0.483311228,0.422759233,0.410808221,0.385572766,0.365196826,0.278735498,0.05330473,0.060037086,0.015182143,0.003741526,0.0,0.0,0.0,0.0,0.0,0.0,0.0,0.0,0.0,0.0,0.094539219,0.365321788,0.479829127,0.497660468,0.483311228,0.422759233,0.410808221,0.385572766,0.365196826,0.278735498,0.05330473,0.060037086,0.015182143,0.003741526,0.0,0.0,0.0,0.0,0.0,0.0,0.0,0.0,0.0,0.0,0.094539219,0.365321788,0.479829127,0.497660468,0.483311228,0.422759233,0.410808221,0.385572766,0.365196826,0.278735498,0.05330473,0.060037086,0.015182143,0.003741526,0.0,0.0,0.0,0.0
0.0,0.0,0.0,0.0,0.0,0.0,0.278391953,0.575575127,0.750686941,0.812430045,0.765451927,0.739640931,0.681464673,0.647653224,0.561935821,0.366419726,0.15909529,0.093520362,0.02304311,0.010535502,0.0,0.0,0.0,0.0,0.0,0.0,0.0,0.0,0.0,0.0,0.278391953,0.575575127,0.750686941,0.812430045,0.765451927,0.739640931,0.681464673,0.647653224,0.561935821,0.366419726,0.15909529,0.093520362,0.02304311,0.010535502,0.0,0.0,0.0,0.0,0.0,0.0,0.0,0.0,0.0,0.0,0.278391953,0.575575127,0.750686941,0.812430045,0.765451927,0.739640931,0.681464673,0.647653224,0.561935821,0.366419726,0.15909529,0.093520362,0.02304311,0.010535502,0.0,0.0,0.0,0.0,0.0,0.0,0.0,0.0,0.0,0.0,0.278391953,0.575575127,0.750686941,0.812430045,0.765451927,0.739640931,0.681464673,0.647653224,0.561935821,0.366419726,0.15909529,0.093520362,0.02304311,0.010535502,0.0,0.0,0.0,0.0
0.0,0.0,0.0,0.0,0.0,0.0,0.012858391,0.021236399,0.04268051,0.063637756,0.061596349,0.116191291,0.14970695,0.105657082,0.231280729,0.261143873,0.220619568,0.177931806,0.161396056,0.048335733,0.0,0.0,0.0,0.0,0.0,0.0,0.0,0.0,0.0,0.0,0.012858391,0.021236399,0.04268051,0.063637756,0.061596349,0.116191291,0.14970695,0.105657082,0.231280729,0.261143873,0.220619568,0.177931806,0.161396056,0.048335733,0.0,0.0,0.0,0.0,0.0,0.0,0.0,0.0,0.0,0.0,0.012858391,0.021236399,0.04268051,0.063637756,0.061596349,0.116191291,0.14970695,0.105657082,0.231280729,0.261143873,0.220619568,0.177931806,0.161396056,0.048335733,0.0,0.0,0.0,0.0,0.0,0.0,0.0,0.0,0.0,0.0,0.012858391,0.021236399,0.04268051,0.063637756,0.061596349,0.116191291,0.14970695,0.105657082,0.231280729,0.261143873,0.220619568,0.177931806,0.161396056,0.048335733,0.0,0.0,0.0,0.0
0.0,0.0,0.0,0.0,0.0,0.0,0.084977202,0.204311213,0.232772467,0.242733914,0.259200782,0.090669451,0.126449324,0.204921096,0.033950221,0.0115878,0.058752179,0.035983167,0.067900439,0.003456011,0.0,0.0,0.0,0.0,0.0,0.0,0.0,0.0,0.0,0.0,0.084977202,0.204311213,0.232772467,0.242733914,0.259200782,0.090669451,0.126449324,0.204921096,0.033950221,0.0115878,0.058752179,0.035983167,0.067900439,0.003456011,0.0,0.0,0.0,0.0,0.0,0.0,0.0,0.0,0.0,0.0,0.084977202,0.204311213,0.232772467,0.242733914,0.259200782,0.090669451,0.126449324,0.204921096,0.033950221,0.0115878,0.058752179,0.035983167,0.067900439,0.003456011,0.0,0.0,0.0,0.0,0.0,0.0,0.0,0.0,0.0,0.0,0.084977202,0.204311213,0.232772467,0.242733914,0.259200782,0.090669451,0.126449324,0.204921096,0.033950221,0.0115878,0.058752179,0.035983167,0.067900439,0.003456011,0.0,0.0,0.0,0.0
0.0,0.0,0.0,0.0,0.0,0.0,0.045322537,0.092831689,0.119071046,0.062815449,0.05327386,0.015703862,0.027432061,0.011529417,0.013318465,0.035979732,0.10873433,0.104758673,0.0598337,0.006957407,0.0,0.0,0.0,0.0,0.0,0.0,0.0,0.0,0.0,0.0,0.045322537,0.092831689,0.119071046,0.062815449,0.05327386,0.015703862,0.027432061,0.011529417,0.013318465,0.035979732,0.10873433,0.104758673,0.0598337,0.006957407,0.0,0.0,0.0,0.0,0.0,0.0,0.0,0.0,0.0,0.0,0.045322537,0.092831689,0.119071046,0.062815449,0.05327386,0.015703862,0.027432061,0.011529417,0.013318465,0.035979732,0.10873433,0.104758673,0.0598337,0.006957407,0.0,0.0,0.0,0.0,0.0,0.0,0.0,0.0,0.0,0.0,0.045322537,0.092831689,0.119071046,0.062815449,0.05327386,0.015703862,0.027432061,0.011529417,0.013318465,0.035979732,0.10873433,0.104758673,0.0598337,0.006957407,0.0,0.0,0.0,0.0
0.0,0.0,0.0,0.0,0.0,0.0,0.144522583,0.473508211,0.613845028,0.843730595,0.822391848,0.817870439,0.868694795,0.774723073,0.796881285,0.733029661,0.810107277,0.814092271,0.558481504,0.228271933,0.0,0.0,0.0,0.0,0.0,0.0,0.0,0.0,0.0,0.0,0.144522583,0.473508211,0.613845028,0.843730595,0.822391848,0.817870439,0.868694795,0.774723073,0.796881285,0.733029661,0.810107277,0.814092271,0.558481504,0.228271933,0.0,0.0,0.0,0.0,0.0,0.0,0.0,0.0,0.0,0.0,0.144522583,0.473508211,0.613845028,0.843730595,0.822391848,0.817870439,0.868694795,0.774723073,0.796881285,0.733029661,0.810107277,0.814092271,0.558481504,0.228271933,0.0,0.0,0.0,0.0,0.0,0.0,0.0,0.0,0.0,0.0,0.144522583,0.473508211,0.613845028,0.843730595,0.822391848,0.817870439,0.868694795,0.774723073,0.796881285,0.733029661,0.810107277,0.814092271,0.558481504,0.228271933,0.0,0.0,0.0,0.0
0.0,0.0,0.0,0.0,0.0,0.0,0.0,0.0,0.0,0.0,0.0,0.0,0.0,0.0,0.0,0.0,0.0,0.0,0.0,0.0,0.0,0.0,0.0,0.0,0.0,0.0,0.0,0.0,0.0,0.0,0.0,0.0,0.0,0.0,0.0,0.0,0.0,0.0,0.0,0.0,0.0,0.0,0.0,0.0,0.0,0.0,0.0,0.0,0.0,0.0,0.0,0.0,0.0,0.0,0.0,0.0,0.0,0.0,0.0,0.0,0.0,0.0,0.0,0.0,0.0,0.0,0.0,0.0,0.0,0.0,0.0,0.0,0.0,0.0,0.0,0.0,0.0,0.0,0.0,0.0,0.0,0.0,0.0,0.0,0.0,0.0,0.0,0.0,0.0,0.0,0.0,0.0,0.0,0.0,0.0,0.0
0.0,0.0,0.0,0.0,0.0,0.0,0.0,0.0,0.0,0.0,0.0,0.0,0.0,0.0,0.0,0.0,0.0,0.0,0.0,0.0,0.0,0.0,0.0,0.0,0.0,0.0,0.0,0.0,0.0,0.0,0.0,0.0,0.0,0.0,0.0,0.0,0.0,0.0,0.0,0.0,0.0,0.0,0.0,0.0,0.0,0.0,0.0,0.0,0.0,0.0,0.0,0.0,0.0,0.0,0.0,0.0,0.0,0.0,0.0,0.0,0.0,0.0,0.0,0.0,0.0,0.0,0.0,0.0,0.0,0.0,0.0,0.0,0.0,0.0,0.0,0.0,0.0,0.0,0.0,0.0,0.0,0.0,0.0,0.0,0.0,0.0,0.0,0.0,0.0,0.0,0.0,0.0,0.0,0.0,0.0,0.0
0.0,0.0,0.0,0.0,0.0,0.0,0.0,0.0,0.0,0.0,0.0,0.0,0.0,0.0,0.0,0.0,0.0,0.0,0.0,0.0,0.0,0.0,0.0,0.0,0.0,0.0,0.0,0.0,0.0,0.0,0.0,0.0,0.0,0.0,0.0,0.0,0.0,0.0,0.0,0.0,0.0,0.0,0.0,0.0,0.0,0.0,0.0,0.0,0.0,0.0,0.0,0.0,0.0,0.0,0.0,0.0,0.0,0.0,0.0,0.0,0.0,0.0,0.0,0.0,0.0,0.0,0.0,0.0,0.0,0.0,0.0,0.0,0.0,0.0,0.0,0.0,0.0,0.0,0.0,0.0,0.0,0.0,0.0,0.0,0.0,0.0,0.0,0.0,0.0,0.0,0.0,0.0,0.0,0.0,0.0,0.0
0.0,0.0,0.0,0.0,0.0,0.0,0.0,0.0,0.0,0.0,0.0,0.0,0.0,0.0,0.0,0.0,0.0,0.0,0.0,0.0,0.0,0.0,0.0,0.0,0.0,0.0,0.0,0.0,0.0,0.0,0.0,0.0,0.0,0.0,0.0,0.0,0.0,0.0,0.0,0.0,0.0,0.0,0.0,0.0,0.0,0.0,0.0,0.0,0.0,0.0,0.0,0.0,0.0,0.0,0.0,0.0,0.0,0.0,0.0,0.0,0.0,0.0,0.0,0.0,0.0,0.0,0.0,0.0,0.0,0.0,0.0,0.0,0.0,0.0,0.0,0.0,0.0,0.0,0.0,0.0,0.0,0.0,0.0,0.0,0.0,0.0,0.0,0.0,0.0,0.0,0.0,0.0,0.0,0.0,0.0,0.0
0.0,0.0,0.0,0.0,0.0,0.0,0.0,0.0,0.0,0.0,0.0,0.0,0.0,0.0,0.0,0.0,0.0,0.0,0.0,0.0,0.0,0.0,0.0,0.0,0.0,0.0,0.0,0.0,0.0,0.0,0.0,0.0,0.0,0.0,0.0,0.0,0.0,0.0,0.0,0.0,0.0,0.0,0.0,0.0,0.0,0.0,0.0,0.0,0.0,0.0,0.0,0.0,0.0,0.0,0.0,0.0,0.0,0.0,0.0,0.0,0.0,0.0,0.0,0.0,0.0,0.0,0.0,0.0,0.0,0.0,0.0,0.0,0.0,0.0,0.0,0.0,0.0,0.0,0.0,0.0,0.0,0.0,0.0,0.0,0.0,0.0,0.0,0.0,0.0,0.0,0.0,0.0,0.0,0.0,0.0,0.0
0.0,0.0,0.0,0.0,0.0,0.0,0.0,0.0,0.0,0.0,0.0,0.0,0.0,0.0,0.0,0.0,0.0,0.0,0.0,0.0,0.0,0.0,0.0,0.0,0.0,0.0,0.0,0.0,0.0,0.0,0.0,0.0,0.0,0.0,0.0,0.0,0.0,0.0,0.0,0.0,0.0,0.0,0.0,0.0,0.0,0.0,0.0,0.0,0.0,0.0,0.0,0.0,0.0,0.0,0.0,0.0,0.0,0.0,0.0,0.0,0.0,0.0,0.0,0.0,0.0,0.0,0.0,0.0,0.0,0.0,0.0,0.0,0.0,0.0,0.0,0.0,0.0,0.0,0.0,0.0,0.0,0.0,0.0,0.0,0.0,0.0,0.0,0.0,0.0,0.0,0.0,0.0,0.0,0.0,0.0,0.0
0.0,0.0,0.0,0.0,0.0,0.0,0.0,0.0,0.0,0.0,0.0,0.0,0.0,0.0,0.0,0.0,0.0,0.0,0.0,0.0,0.0,0.0,0.0,0.0,0.0,0.0,0.0,0.0,0.0,0.0,0.0,0.0,0.0,0.0,0.0,0.0,0.0,0.0,0.0,0.0,0.0,0.0,0.0,0.0,0.0,0.0,0.0,0.0,0.0,0.0,0.0,0.0,0.0,0.0,0.0,0.0,0.0,0.0,0.0,0.0,0.0,0.0,0.0,0.0,0.0,0.0,0.0,0.0,0.0,0.0,0.0,0.0,0.0,0.0,0.0,0.0,0.0,0.0,0.0,0.0,0.0,0.0,0.0,0.0,0.0,0.0,0.0,0.0,0.0,0.0,0.0,0.0,0.0,0.0,0.0,0.0
0.0,0.0,0.0,0.0,0.0,0.0,0.0,0.0,0.0,0.0,0.0,0.0,0.0,0.0,0.0,0.0,0.0,0.0,0.0,0.0,0.0,0.0,0.0,0.0,0.0,0.0,0.0,0.0,0.0,0.0,0.0,0.0,0.0,0.0,0.0,0.0,0.0,0.0,0.0,0.0,0.0,0.0,0.0,0.0,0.0,0.0,0.0,0.0,0.0,0.0,0.0,0.0,0.0,0.0,0.0,0.0,0.0,0.0,0.0,0.0,0.0,0.0,0.0,0.0,0.0,0.0,0.0,0.0,0.0,0.0,0.0,0.0,0.0,0.0,0.0,0.0,0.0,0.0,0.0,0.0,0.0,0.0,0.0,0.0,0.0,0.0,0.0,0.0,0.0,0.0,0.0,0.0,0.0,0.0,0.0,0.0
