7263.82725825475,9047.563447795912,9368.00569196559,0.0,5245.089202683894,1457.5915432343209,0.0,0.0,0.0,0.0,0.0,0.0,0.0,0.0,0.0,0.0,0.0,0.0,0.0,0.0,0.0,0.0,10006.738572168888,11517.847091151112,7102.166925349694,9047.563447795912,9073.593426522997,0.0,2924.1926669090744,3491.5506203360856,0.0,0.0,0.0,0.0,0.0,0.0,0.0,0.0,0.0,0.0,0.0,0.0,0.0,0.0,3620.5537239846126,7892.674472902597,10006.738572168888,11517.847091151112,0.0,9047.563447795912,0.0,10600.22887490122,0.0,1264.6657843967205,0.0,0.0,0.0,0.0,0.0,0.0,0.0,0.0,0.0,0.0,0.0,0.0,0.0,0.0,0.0,0.0,10006.738572168888,11517.847091151112,0.0,9047.563447795912,0.0,1927.0834003578204,0.0,0.0,0.0,0.0,3661.1043159837027,0.0,0.0,0.0,0.0,0.0,0.0,0.0,0.0,0.0,0.0,0.0,0.0,0.0,0.0,6500.919693978384
0.0,0.0,0.0,0.0,0.0,0.0,0.0,0.0,0.0,0.0,0.0,0.0,0.0,0.0,0.0,0.0,0.0,0.0,0.0,0.0,0.0,0.0,0.0,0.0,0.0,0.0,0.0,0.0,0.0,0.0,0.0,0.0,0.0,0.0,0.0,0.0,0.0,0.0,0.0,0.0,0.0,0.0,0.0,0.0,0.0,0.0,0.0,0.0,0.0,0.0,0.0,0.0,0.0,0.0,0.0,0.0,0.0,0.0,0.0,0.0,0.0,0.0,0.0,0.0,0.0,0.0,0.0,0.0,0.0,0.0,0.0,0.0,0.0,0.0,0.0,0.0,0.0,0.0,0.0,0.0,0.0,0.0,0.0,0.0,0.0,0.0,0.0,0.0,0.0,0.0,0.0,0.0,0.0,0.0,0.0,0.0
0.0,0.0,0.0,0.0,0.0,0.0,0.0,0.0,0.0,2207.4220038875674,7695.137316472078,11876.38057479589,6362.807877718256,10416.174629479574,12206.769143993686,8975.156435971725,10694.933545327594,0.0,0.0,0.0,0.0,0.0,2904.1202072541582,2355.496294186567,0.0,0.0,0.0,0.0,0.0,0.0,0.0,0.0,0.0,1588.0025968284447,12127.108698949194,10615.6122978148,10313.50751664307,11145.4426669451,11454.666138076082,13008.019063502677,9596.326158219907,1084.2111479644009,1383.5785515932457,4425.007474405895,4920.733743768378,1550.6790672322768,0.0,0.0,0.0,0.0,0.0,0.0,0.0,0.0,0.0,0.0,0.0,3457.9359095710124,10246.653699341705,3873.616240519682,9092.454608007423,9763.856178934768,3534.7357835905814,5320.946196567279,8723.947453227362,4109.862126610959,0.0,1792.9961004996512,354.0093916982005,0.0,5689.169154876499,2234.659470167804,1330.0009343544289,0.0,0.0,0.0,0.0,0.0,0.0,0.0,0.0,3568.1041436407304,12127.108698949194,4760.936120407218,12065.866956935903,12607.064671771555,10647.455887389295,12201.482345594557,1559.7622035668564,0.0,0.0,0.0,0.0,0.0,0.0,0.0
0.0,758.6846208799988,957.540098148152,178.84499397225125,0.0,0.0,0.0,0.0,4617.990201673523,373.5954131300259,2155.1453122431058,204.8778903436978,0.0,0.0,0.0,0.0,0.0,0.0,0.0,0.0,0.0,0.0,0.0,0.0,0.0,0.0,1357.5871904148237,0.0,0.0,0.0,0.0,0.0,0.0,689.2782815392349,2858.3745360742496,1098.084740806182,0.0,0.0,0.0,0.0,0.0,0.0,0.0,0.0,0.0,0.0,0.0,0.0,0.0,0.0,2622.779134834678,0.0,0.0,0.0,0.0,0.0,3611.2007364927567,998.724108260272,2920.1967934669037,911.610613400351,0.0,0.0,0.0,0.0,0.0,0.0,0.0,0.0,0.0,0.0,1151.9974198303626,0.0,0.0,0.0,0.0,0.0,0.0,0.0,0.0,0.0,0.0,1128.0648340021908,972.4949349489111,5030.055330656547,0.0,0.0,0.0,0.0,0.0,0.0,0.0,0.0,0.0,0.0,0.0,0.0
0.0,0.0,2461.1418834556057,3250.7598287201386,2634.2471323326927,3680.7181112425283,3481.609725230115,2746.0896899833106,1197.6528004160264,6929.672441248336,6017.142670069366,0.0,0.0,0.0,0.0,0.0,0.0,0.0,0.0,0.0,0.0,0.0,0.0,0.0,0.0,0.0,0.0,0.0,0.0,2663.36294712155,0.0,0.0,3910.4791307628657,10420.465408020282,0.0,0.0,0.0,0.0,0.0,0.0,0.0,0.0,0.0,0.0,0.0,0.0,0.0,0.0,0.0,0.0,0.0,6116.998307660302,0.0,5521.084562650373,773.1572413936798,0.0,9745.141956894975,2783.886191637298,2038.9533304025604,0.0,0.0,0.0,0.0,0.0,0.0,0.0,0.0,0.0,0.0,0.0,0.0,0.0,0.0,0.0,0.0,5403.44193498434,4856.384347664566,4931.024296167996,3093.468505036135,0.0,9745.141956894975,7768.84546754727,5933.694240278479,0.0,0.0,0.0,0.0,0.0,0.0,0.0,0.0,0.0,0.0,0.0,0.0,0.0
1953.8710210591437,8784.859565846904,4091.052459896053,10059.807229276887,9929.827046749744,9439.72133806108,8841.531650735797,9064.380647457516,9567.967881790706,4262.74998433911,0.0,0.0,0.0,0.0,0.0,0.0,0.0,0.0,0.0,0.0,0.0,2757.4523649736693,8353.104992465409,3797.730612311171,7561.5182114798645,7594.61069316554,9443.831935973853,10059.807229276887,9929.827046749744,3641.188283747535,8841.531650735797,9064.380647457516,9567.967881790706,8346.839896414898,0.0,0.0,0.0,0.0,0.0,0.0,0.0,0.0,0.0,0.0,0.0,0.0,2617.1698543013554,3580.416897752202,6985.4370349213805,5090.94807394792,9443.831935973853,10059.807229276887,9929.827046749744,2688.445502072451,4815.270969621503,3987.584381410229,9567.967881790706,8346.839896414898,5327.188190400937,0.0,0.0,0.0,0.0,0.0,0.0,0.0,0.0,0.0,0.0,3960.196391169541,8060.151643570707,2190.572429026468,7561.5182114798645,8784.859565846904,9443.831935973853,4477.838262186603,9929.827046749744,9439.72133806108,5316.521142033676,6459.129709586125,9567.967881790706,4837.890317049966,2254.3407410836194,0.0,0.0,0.0,0.0,0.0,0.0,0.0,0.0,0.0,0.0,2344.4064154650737,2037.2900517820526,7732.740283626175
0.0,0.0,0.0,0.0,0.0,0.0,0.0,0.0,0.0,0.0,0.0,0.0,0.0,0.0,0.0,0.0,0.0,0.0,0.0,0.0,0.0,0.0,0.0,0.0,0.0,936.2989762806241,0.0,2180.469181440518,0.0,2606.47934554892,0.0,0.0,0.0,0.0,0.0,0.0,0.0,0.0,0.0,0.0,0.0,0.0,0.0,0.0,0.0,0.0,0.0,0.0,0.0,0.0,0.0,0.0,0.0,0.0,0.0,0.0,0.0,0.0,0.0,0.0,0.0,0.0,0.0,0.0,0.0,0.0,0.0,0.0,0.0,0.0,0.0,0.0,0.0,26.09042058592948,0.0,0.0,0.0,0.0,0.0,0.0,0.0,0.0,0.0,0.0,0.0,0.0,0.0,0.0,0.0,0.0,0.0,0.0,0.0,0.0,0.0,0.0
0.0,0.0,0.0,4841.199659950828,4489.787321435004,2625.042919874235,2626.6392847165534,997.8392308867301,8186.07659685244,8017.882855188967,0.0,0.0,0.0,0.0,0.0,0.0,0.0,0.0,0.0,0.0,0.0,0.0,0.0,0.0,0.0,0.0,0.0,7129.443451517245,8005.480315228226,7893.689577435031,5280.090855546758,1779.361442105781,8186.07659685244,3212.826237148988,5567.740491263676,0.0,0.0,0.0,0.0,0.0,0.0,0.0,0.0,0.0,0.0,0.0,0.0,0.0,0.0,2763.721723725033,4266.4730794565585,0.0,8005.480315228226,7893.689577435031,8045.442242492823,8231.698872280615,788.4309347997805,8017.882855188967,0.0,0.0,0.0,0.0,0.0,0.0,0.0,0.0,0.0,0.0,0.0,0.0,0.0,0.0,0.0,0.0,4266.4730794565585,5449.042213751986,4387.7432421192425,0.0,8045.442242492823,8231.698872280615,873.9326284592278,8017.882855188967,0.0,0.0,0.0,0.0,0.0,0.0,0.0,0.0,0.0,0.0,0.0,0.0,0.0,0.0
14032.893489047,15694.202604524207,21229.05368408394,15173.05771225983,0.0,0.0,0.0,0.0,0.0,0.0,0.0,0.0,0.0,0.0,0.0,0.0,0.0,0.0,0.0,5416.590242764594,13000.811720749034,26556.307311896668,17763.61605951701,26445.00769383778,10029.649843506893,19624.979871543474,24464.874871186177,15221.541598934979,0.0,0.0,0.0,0.0,0.0,0.0,0.0,0.0,0.0,0.0,0.0,0.0,0.0,0.0,0.0,7307.557912077233,11134.115110060251,19437.016491379094,22599.161410539855,26470.997314432265,18491.51921442286,19248.04198231247,23984.416315411218,16320.765927956836,0.0,0.0,0.0,0.0,0.0,0.0,0.0,0.0,0.0,0.0,0.0,0.0,0.0,0.0,0.0,7002.6649169003695,11263.798555160696,24515.813276343455,10369.233808585926,28500.870912316113,12987.632105879407,15888.940796569535,26153.019757423805,23170.84363402488,0.0,0.0,0.0,0.0,0.0,0.0,0.0,0.0,0.0,0.0,0.0,0.0,0.0,0.0,0.0,7486.815941409958,17785.606277172315,26216.949579736625,28738.270671498438,26272.544816981128
0.0,679.5,679.5,339.75,679.5,0.0,679.5,679.5,679.5,679.5,679.5,0.0,0.0,0.0,0.0,0.0,0.0,0.0,0.0,0.0,0.0,0.0,0.0,0.0,0.0,0.0,679.5,339.75,679.5,679.5,679.5,679.5,679.5,679.5,679.5,0.0,177.12428899999986,116.53992399999993,0.0,0.0,0.0,0.0,0.0,0.0,0.0,0.0,0.0,0.0,0.0,0.0,148.99999999999955,0.0,574.6785956548131,149.0,679.5,679.5,118.36393006641538,679.5,148.99999999999977,0.0,0.0,0.0,133.7848180000001,0.0,0.0,0.0,0.0,0.0,0.0,0.0,0.0,0.0,0.0,679.5,0.0,0.0,0.0,679.5,679.5,679.5,679.5,679.5,679.5,0.0,0.0,0.0,133.7848180000001,0.0,0.0,0.0,0.0,0.0,0.0,0.0,0.0,0.0
245.24216970915018,492.2449785,491.201932635073,247.5,495.0,149.0,495.0,495.0,495.0,495.0,495.0,149.0,144.314479,116.53992400000004,133.78481799999997,0.0,0.0,0.0,0.0,0.0,0.0,0.0,0.0,0.0,411.6377118890366,492.2449785,495.0,247.5,495.0,495.0,495.0,495.0,495.0,0.0,495.0,182.2000000000005,0.0,0.0,133.78481799999997,0.0,0.0,0.0,0.0,0.0,0.0,0.0,0.0,0.0,209.64190289588294,492.2449785,0.0,247.5,495.0,0.0,495.0,495.0,495.0,495.0,0.0,149.0,144.31447899999955,136.45562400000006,0.0,0.0,0.0,0.0,0.0,0.0,0.0,0.0,0.0,0.0,219.90417527975865,492.2449785,243.45245085706756,0.0,495.0,495.0,495.0,495.0,495.0,495.0,495.0,182.20000000000005,144.314479,116.53992400000004,0.0,0.0,0.0,0.0,0.0,0.0,0.0,0.0,0.0,0.0
0.0,516.6,516.6,258.3,516.6,516.6,516.6,516.6,516.6,516.6,516.6,33.199999999999136,32.80980999999997,19.915700000000015,0.0,0.0,0.0,0.0,0.0,0.0,0.0,0.0,0.0,0.0,0.0,0.0,516.6,258.3,516.6,0.0,516.6,516.6,516.6,516.6,516.6,0.0,0.0,19.915700000000015,0.0,0.0,0.0,0.0,0.0,0.0,0.0,0.0,0.0,0.0,0.0,0.0,33.200000000000614,0.0,0.0,33.200000000000045,516.6,516.6,33.2000000000005,516.6,33.20000000000027,33.200000000000045,32.809810000000425,0.0,0.0,0.0,0.0,0.0,0.0,0.0,0.0,0.0,0.0,0.0,0.0,0.0,0.0,0.0,0.0,516.6,516.6,516.6,516.6,516.6,516.6,0.0,32.80980999999997,19.915700000000015,0.0,0.0,0.0,0.0,0.0,0.0,0.0,0.0,0.0,0.0
0.0,54.0,54.0,0.0,54.0,0.0,0.0,7.698241974366425,0.0,54.0,0.0,37.040797999999995,0.0,25.73390900000004,30.427372000000105,0.0,0.0,0.0,0.0,0.0,0.0,0.0,0.0,0.0,0.0,0.0,0.0,0.0,54.0,54.0,54.0,0.0,54.0,0.0,0.0,37.040797999999995,40.06115599999998,0.0,0.0,0.0,0.0,0.0,0.0,0.0,0.0,0.0,0.0,0.0,0.0,54.0,54.0,0.0,54.0,0.0,54.0,0.0,0.0,0.0,0.0,37.040798000000024,0.0,25.73390899999771,30.427371999999906,0.0,0.0,0.0,0.0,0.0,0.0,0.0,0.0,0.0,40.5,0.0,40.5,0.0,54.0,0.0,0.0,0.0,0.0,0.0,0.0,0.0,0.0,25.733908999999983,30.427371999999963,0.0,0.0,0.0,0.0,0.0,0.0,0.0,0.0,7.0664859
40.499999999999886,380.7,380.7,190.35,380.7,380.7,380.7,0.0,0.0,380.7,0.0,0.0,35.24478194506844,0.0,0.0,0.0,0.0,0.0,0.0,0.0,0.0,0.0,0.0,0.0,40.5,0.0,0.0,0.0,380.7,380.7,0.0,0.0,339.5851723788175,0.0,0.0,0.0,0.0,0.0,0.0,0.0,0.0,0.0,0.0,0.0,0.0,0.0,0.0,0.0,40.5,380.7,61.69780618241464,0.0,380.7,380.7,0.0,0.0,380.7,0.0,0.0,0.0,17.23185867342238,0.0,0.0,0.0,0.0,0.0,0.0,0.0,0.0,0.0,0.0,0.0,0.0,380.7,0.0,0.0,380.7,0.0,380.7,0.0,0.0,0.0,35.591041542424705,0.0,0.0,0.0,0.0,0.0,0.0,0.0,0.0,0.0,0.0,0.0,0.0,0.0
0.0,121.5,121.5,34.38551486868424,121.5,0.0,0.0,32.801758025633575,66.80763757618604,121.5,71.70675304945195,0.0,4.816374054931487,0.0,0.0,0.0,0.0,0.0,0.0,0.0,0.0,0.0,0.0,0.0,0.0,40.500000000001364,27.116220987305866,0.0,121.5,121.5,4.369127342587262,44.139756630351485,59.5587907581255,66.8076375761861,84.15865761469115,0.0,0.0,0.0,0.0,0.0,0.0,0.0,0.0,0.0,0.0,0.0,0.0,0.0,0.0,121.5,0.0,0.0,0.0,0.0,9.321455496602596,40.5,51.74354666241649,75.21556446078972,74.75768446315772,0.0,0.0,0.0,0.0,0.0,0.0,0.0,0.0,0.0,0.0,0.0,0.0,0.0,0.0,0.0,0.0,0.0,0.0,79.10000000000002,26.157811836785896,66.80763757618604,66.80763757618604,63.979305856729525,4.908958457575352,37.040798000000024,40.06115599999998,0.0,0.0,0.0,0.0,0.0,0.0,0.0,0.0,0.0,0.0,0.0
0.0,364.05,364.05,182.025,364.05,364.05,0.0,0.0,0.0,364.05,0.0,0.0,0.0,0.0,0.0,0.0,0.0,0.0,0.0,0.0,0.0,0.0,0.0,0.0,0.0,0.0,51.983779012694185,0.0,364.05,364.05,0.0,0.0,0.0,0.0,0.0,0.0,0.0,25.73390900000004,30.42737199999999,0.0,0.0,0.0,0.0,0.0,0.0,0.0,0.0,0.0,0.0,364.05,364.05,0.0,0.0,0.0,0.0,0.0,0.0,364.05,0.0,0.0,22.829297326577603,0.0,0.0,0.0,0.0,0.0,0.0,0.0,0.0,0.0,0.0,0.0,0.0,0.0,0.0,0.0,0.0,0.0,52.942188163214155,0.0,0.0,0.0,0.0,0.0,0.0,0.0,0.0,0.0,0.0,0.0,0.0,0.0,0.0,0.0,0.0,0.0
128.30000000000018,905.740869582799,1164.15,-1.0237367544323205e-12,1164.15,1164.15,128.30000000000018,128.30000000000018,128.30000000000018,1164.15,1164.15,1164.15,121.97424000000001,111.01872999999978,92.89564000000018,0.0,0.0,0.0,3.410605131648481e-13,-1.1424205265939223e-13,1.1368683772161603e-13,0.0,-2.5635059981141227e-13,4.121147867408581e-13,128.30000000000018,128.30000000000018,128.30000000000018,582.0750000000003,1164.15,128.30000000000018,399.09051864073126,128.30000000000018,1164.15,1164.15,1164.15,1164.15,437.08484481911046,111.01872999999978,92.89564000000018,480.16204763426754,0.0,0.0,3.410605131648481e-13,-1.1424205265939223e-13,1.1368683772161603e-13,0.0,46.55695235000016,4.121147867408581e-13,128.30000000000018,128.30000000000018,1164.15,-1.0237367544323205e-12,1131.9570690024939,831.2711469580349,128.30000000000018,128.30000000000018,1164.15,1164.15,1164.15,1164.15,1109.1380172287431,111.01872999999978,92.89564000000018,0.0,0.0,0.0,3.410605131648481e-13,-1.1424205265939223e-13,1.1368683772161603e-13,50.7410674999999,46.55695235000016,4.121147867408581e-13,128.30000000000018,128.30000000000018,128.30000000000018,-1.0237367544323205e-12,128.30000000000018,128.30000000000018,128.30000000000018,128.30000000000018,128.30000000000018,1164.15,1164.15,128.30000000000018,347.86161891770917,111.01872999999978,92.89564000000018,0.0,0.0,0.0,3.410605131648481e-13,-1.1424205265939223e-13,1.1368683772161603e-13,0.0,-2.5635059981141227e-13,4.121147867408581e-13
8286.016522881542,12367.84947342108,12598.225671909146,4388.058384087977,10651.508091631571,12554.657231181322,4441.284368142435,12294.787619241575,8315.377594263728,9139.004638219847,8838.253362376525,9465.593271279906,10434.116619848463,11118.993121343037,11302.585471389066,12833.058241798446,12639.46557465173,12613.34891142636,12465.83201525717,12508.616190979496,12492.674083610385,12161.400460657322,12506.981043760077,9562.359461528898,12329.514934891999,12367.84947342108,6151.352573012322,12687.839386084723,12658.679901612062,11121.374638264035,12561.951398443784,12294.787619241575,11033.577357621147,9139.004638219847,8838.253362376525,9465.593271279906,10434.116619848463,11118.993121343037,11302.585471389066,12833.058241798446,12520.441165153212,12613.34891142636,12465.83201525717,4685.743795115533,12492.674083610385,0.0,12506.981043760077,7293.08014545077,12329.514934891999,8433.293047028379,3882.3943589120895,12687.839386084723,0.0,12554.657231181322,12561.951398443784,2665.0202909692503,11033.577357621147,9139.004638219847,8838.253362376525,8642.372604448083,10434.116619848463,0.0,10837.559668384645,12833.058241798446,12639.46557465173,10083.13874148523,12465.83201525717,0.0,12492.674083610385,12161.400460657322,12506.981043760077,12265.068080320043,12329.514934891999,12367.84947342108,12598.225671909146,12687.839386084723,12667.675462622723,12554.657231181322,12561.951398443784,12294.787619241575,11033.577357621147,9139.004638219847,8838.253362376525,9465.593271279906,10434.116619848463,11118.993121343037,11302.585471389066,12833.058241798446,12639.46557465173,12613.34891142636,12465.83201525717,12508.616190979496,12492.674083610385,12161.400460657322,12506.981043760077,12265.068080320043
0.0,0.0,0.0,0.0,0.0,0.0,0.0,0.0,0.0,0.0,0.0,0.0,0.0,0.0,0.0,0.0,0.0,0.0,0.0,0.0,0.0,0.0,0.0,0.0,0.0,0.0,0.0,0.0,0.0,0.0,0.0,0.0,0.0,0.0,0.0,0.0,0.0,0.0,0.0,0.0,0.0,0.0,0.0,0.0,0.0,0.0,0.0,0.0,0.0,0.0,0.0,0.0,0.0,0.0,0.0,0.0,0.0,0.0,0.0,0.0,0.0,0.0,0.0,0.0,0.0,0.0,0.0,0.0,0.0,0.0,0.0,0.0,0.0,0.0,0.0,0.0,0.0,0.0,0.0,0.0,0.0,0.0,0.0,0.0,0.0,0.0,0.0,0.0,0.0,0.0,0.0,0.0,0.0,0.0,0.0,0.0
6160.103834501955,7047.295653569182,0.0,824.8586190370979,0.0,0.0,0.0,0.0,0.0,7018.171740313405,5689.215529397243,6739.61981314239,0.0,5574.697531974965,4745.482025205176,1054.7825693867944,0.0,0.0,0.0,565.6176124255944,0.0,0.0,0.0,0.0,7757.508531000417,6433.8048192721635,5380.135330218053,1047.9535181355277,0.0,0.0,0.0,0.0,0.0,0.0,7559.467267859128,0.0,0.0,6273.455922767312,3368.2209860022995,7686.596202440458,4617.647556909617,0.0,0.0,0.0,0.0,2178.2282428471526,0.0,4348.601639927898,7264.021379825197,6573.528750619645,0.0,0.0,0.0,0.0,0.0,0.0,0.0,4221.1710143977125,6640.123310692735,3983.6725035121094,0.0,0.0,674.1937511414744,6815.30246266997,0.0,0.0,0.0,0.0,0.0,0.0,2941.771843326225,0.0,7277.418208327242,1386.047572363841,4607.233037773034,0.0,0.0,0.0,0.0,0.0,0.0,2748.326018984355,7559.467267859128,0.0,0.0,7976.703901006581,0.0,0.0,0.0,0.0,0.0,0.0,0.0,0.0,0.0,0.0
1786.1591144694455,0.0,0.0,0.0,0.0,0.0,1573.9435809584427,0.0,10933.00438849004,6687.503520262263,9068.521648654449,10672.933531562121,11619.805139346303,11860.348516667604,11720.958766339807,12885.1450598899,12510.628642268046,4020.5217338360026,0.0,648.6965609954547,1786.9270406676437,0.0,1339.2403150184841,855.6616222671089,2532.3918428707043,2534.1974801283686,1724.3374108598196,0.0,2534.2661915722115,0.0,0.0,5793.724999257337,12094.845747663594,11339.790768785575,9284.831884134876,11878.047238700869,12861.962810949319,13128.25970651616,12981.658539671324,14206.074744317122,13807.611162064262,9432.985768791561,2660.838026895055,2534.2661915722115,2533.480598160444,968.5425576982343,1898.7565116171536,0.0,4892.433085231155,4895.921471261399,4231.5254265016465,0.0,2146.4882599981083,0.0,4885.305867310219,8227.04866848748,14461.706454402653,14604.041687312743,15375.64041907978,14440.09013445607,15403.50551557444,15722.55508574376,15572.736449564038,16824.025029635002,16400.70430371666,11941.53834863076,0.0,4896.054217596428,4894.536497020094,0.0,2798.7614067354652,0.0,0.0,0.0,0.0,0.0,0.0,0.0,0.0,0.0,5856.501777531243,7294.55926824444,10856.331093156108,5536.7039698071585,7540.895493527212,8091.54396092649,9689.332123399548,11579.657575227116,8376.373817828859,1758.0562511858589,0.0,0.0,0.0,0.0,0.0,0.0
5771.902747219307,5771.707955312597,3334.5150148117104,5300.837962939835,4913.284438465016,3471.164095992446,0.0,7397.203285562004,10656.187937559076,10148.277995892331,10002.105101013423,9238.580145269127,0.0,1664.4773048888228,4926.561426611413,2470.5672683144594,338.2026245122094,4314.85006321987,0.0,5191.508724861229,3019.0744921097753,581.9892751282011,2982.1200354030634,5400.675448678606,0.0,4812.445456233914,4414.2610853880915,2928.640012037652,1431.7799223766233,4120.672429471512,4987.030601766405,8590.822423247939,12811.931836332384,12315.440933465572,11704.50207651681,11118.728540683593,3730.2814525064946,4969.650736799779,8965.928170619982,3813.6825808298036,5610.247772402316,0.0,2636.7965374241594,4954.159453986794,0.0,4148.769148876686,0.0,0.0,7428.826539254795,7428.575828845187,2738.567965469305,5838.116801646593,7405.924425315608,0.0,0.0,8381.627471226131,4502.701692959591,12990.332259562325,12802.445875672684,11833.293542148249,6619.750988607649,9674.275036286163,6179.4085367703265,4397.135891480748,0.0,1884.5760980060413,4442.2453431522,5593.63776047626,5899.345679973529,2604.768050039019,4178.470417459737,0.0,7137.790304410178,7428.575828845187,4828.420636683447,0.0,0.0,0.0,7292.656342858023,9499.706709863654,13650.077995120784,12990.332259562325,8293.272511781239,11833.293542148249,3471.8349040247076,5966.713520704394,3382.468997459883,0.0,3209.7239296548055,1395.247125291592,1646.8029744880787,6928.725575006867,4518.708907334795,5836.433016450392,6901.69741276601,6168.255887835707
10077.654166432367,10195.253490889008,8313.706842848447,10163.0462335019,5167.485386475108,10183.433385093553,10166.800192387098,5974.402304661136,9143.289086072371,7991.893930588124,0.0,655.7867154326891,7130.377387922089,371.60213765075605,9906.66809008873,10216.986487799819,8514.01853847054,6037.5114813959935,10077.153931197201,10172.836675151264,10195.2435665162,9960.545851072435,10136.746181158294,10124.188356422821,10077.654166432367,10195.253490889008,10195.35955498381,10163.0462335019,10165.183973274225,10183.433385093553,6648.746556773467,10181.157232885465,9143.289086072371,7991.893930588124,7047.888013069547,6679.491069280195,7130.377387922089,7655.092819874541,9906.66809008873,10216.986487799819,10249.823444111506,10237.445889410323,10077.153931197201,10172.836675151264,9584.971047969791,9960.545851072435,7275.379883737211,10124.188356422821,10077.654166432367,10195.253490889008,10195.35955498381,10163.0462335019,10165.183973274225,10183.433385093553,10166.800192387098,10181.157232885465,9143.289086072371,7991.893930588124,7047.888013069547,6679.491069280195,7130.377387922089,7655.092819874541,9906.66809008873,10216.986487799819,6913.440391159658,4397.659560600682,8025.663254593229,10172.836675151264,10195.2435665162,9960.545851072435,10136.746181158294,10124.188356422821,10077.654166432367,10195.253490889008,10195.35955498381,10163.0462335019,4583.167376345722,10183.433385093553,10166.800192387098,10181.157232885465,9143.289086072371,7991.893930588124,7047.888013069547,6679.491069280195,7130.377387922089,7655.092819874541,9906.66809008873,10216.986487799819,10249.823444111506,10237.445889410323,10077.153931197201,10172.836675151264,10195.2435665162,9960.545851072435,10136.746181158294,10124.188356422821
0.0,1162.7181770996926,0.0,0.0,977.7912245186462,0.0,0.0,0.0,0.0,2320.984607879543,1681.6355548525785,0.0,627.9268132862339,2306.0627275320144,0.0,0.0,0.0,3224.612049517342,0.0,2732.1694191020274,2732.1694191020274,2732.1694191020274,2716.4454547543664,0.0,0.0,1540.2120045284837,0.0,0.0,0.0,0.0,0.0,1349.7151328299003,0.0,3154.8728401193084,3109.8099404474247,0.0,0.0,0.0,0.0,3688.901929435044,0.0,3759.9144928063656,0.0,0.0,0.0,2732.1694191020274,0.0,0.0,0.0,2671.810519354775,0.0,2249.338001151704,0.0,0.0,0.0,0.0,2990.596024333782,0.0,0.0,0.0,0.0,0.0,0.0,2438.51348039748,4330.446686052148,0.0,0.0,0.0,0.0,0.0,0.0,0.0,0.0,0.0,0.0,0.0,0.0,0.0,0.0,0.0,0.0,0.0,0.0,0.0,0.0,0.0,0.0,175.80344462256062,1207.3873205515958,0.0,0.0,0.0,0.0,0.0,0.0,0.0
8231.72085498903,8224.995655157005,8216.834562516557,2502.364733208744,5051.15232943065,8202.801664094624,4487.151514166721,8188.24746966336,6168.829546574962,0.0,0.0,0.0,1609.3154008642932,2834.5406649178467,0.0,0.0,0.0,0.0,3008.4420219962067,8010.749135828097,2731.686776545063,8226.175035058675,8231.664076308885,4534.403338407319,8231.72085498903,8224.995655157005,8216.834562516557,7838.310589189687,7773.016220624615,1921.9855943891162,8228.89625596431,8188.24746966336,6168.829546574962,0.0,0.0,0.0,0.0,2834.5406649178467,0.0,0.0,0.0,0.0,0.0,8010.749135828097,8008.211228836484,8226.175035058675,8231.664076308885,8231.49386026754,8231.72085498903,8224.995655157005,8216.834562516557,4296.256035566257,4204.669697587564,8202.801664094624,8228.89625596431,8188.24746966336,6168.829546574962,4451.180259258361,1814.6198641531464,0.0,3096.563689097658,0.0,0.0,0.0,3216.63193452558,5314.804090994148,4149.593723498354,8010.749135828097,8008.211228836484,8226.175035058675,3325.6225313701807,8231.49386026754,8231.72085498903,8224.995655157005,8216.834562516557,7838.310589189687,7773.016220624615,8202.801664094624,649.7757021292782,8188.24746966336,6168.829546574962,4318.433683398116,3304.7636853368654,0.0,3096.563689097658,0.0,0.0,2465.4979178777335,0.0,5314.804090994148,7503.0120516991765,0.0,8008.211228836484,8226.175035058675,8231.664076308885,8231.49386026754
27865.698134441296,23037.180541790636,22071.654897032877,27751.759422331488,24168.38808633304,15237.307900539477,27877.337752705454,27056.05586450087,25864.479619184007,24688.20948972529,24651.727939527667,24912.57227078783,25603.65512964924,25783.39049289651,16084.555669066951,26295.494277825324,25823.877375647324,25365.817191748305,26275.741952515895,16440.830935738028,20529.96281828972,20105.6518296735,13266.248278967745,22594.958637989395,30032.007349110292,22319.691637150365,28982.644513689618,9124.794572780085,8895.260964673884,29532.10110493947,28591.119500806282,13405.257382442882,29368.441972774257,29168.444504333245,29046.194451428284,29209.645360542756,29894.801200894166,28741.897116924232,20875.05747069307,22693.826312016623,30240.850596414646,29146.653092220386,26783.20383727863,27863.866452228733,27074.05996105317,26673.331439168724,23289.046153403586,24351.514919775065,15943.724573871223,22180.26065826211,29982.567450516184,9480.086399453972,30003.62208487435,21883.698930340637,21049.23374596028,29287.58539465129,20728.42929476009,17431.69614176895,29046.194451428284,29209.645360542756,29894.801200894166,30054.439114152017,25854.742402196884,18210.32622422135,30240.850596414646,29146.653092220386,25624.584736489494,27863.866452228733,23942.808981364837,26189.277305688167,21555.47841544478,19994.035915622306,19964.54250614706,30063.136230978598,27582.162474844925,16557.664367545858,22666.238315518836,24100.52461440614,28604.225743538394,25434.5773721658,29368.441972774257,29168.444504333245,29046.194451428284,29209.645360542756,29894.801200894166,30054.439114152017,30602.885724978307,30799.277803223176,30240.850596414646,29146.653092220386,28885.487532226223,27631.831524779423,28206.86385081395,26673.331439168724,12674.82962865231,16677.94338371588
679.5,679.5,0.0,0.0,202.13123652684226,679.5,679.5,667.361295,620.98854,0.0,158.49949000000026,406.0490595,386.768348,259.522727,265.1265755,246.897806,283.426303,0.0,0.0,0.0,543.438285,482.9251305,483.751844,0.0,679.5,679.5,679.5,0.0,679.5,679.5,679.5,667.361295,620.98854,620.33246,0.0,406.0490595,386.768348,0.0,0.0,246.897806,283.426303,211.377752,319.134405,0.0,543.438285,482.9251305,483.751844,667.296135,679.5,679.5,679.5,679.5,679.5,679.5,679.5,667.361295,620.98854,0.0,579.249745,406.0490595,386.768348,259.522727,265.1265755,246.897806,0.0,0.0,319.134405,440.3209435,0.0,482.9251305,483.751844,334.5922700000019,679.5,0.0,241.40281513538503,679.5,679.5,359.0,679.5,667.361295,620.98854,620.33246,579.249745,0.0,386.768348,0.0,0.0,246.897806,283.426303,211.377752,319.134405,0.0,543.438285,482.9251305,0.0,0.0
495.0,0.0,302.0379434657633,265.50997022826346,0.0,183.287322365578,495.0,474.0959985,474.181355,0.0,394.894362,335.909868,200.245531,201.38034,195.652331,192.127541,119.9916685,0.0,223.88054,0.0,346.546227,310.1765135,401.648869,445.1939695,495.0,51.88483461820158,51.88483461820192,340.9749677667046,495.0,304.71671000235574,495.0,474.0959985,474.181355,435.5624665,0.0,335.909868,200.245531,201.38034,0.0,192.127541,119.9916685,136.6691655,223.88054,0.0,346.546227,310.1765135,401.64886899999993,445.1939695,495.0,495.0,495.0,361.9935260052662,323.01406859573717,0.0,495.0,0.0,474.181355,435.5624665,394.894362,335.909868,200.245531,201.38034,195.652331,0.0,119.9916685,0.0,223.88054,269.0099240000036,0.0,310.1765135,401.648869,445.1939695,495.0,495.0,0.0,495.0,495.0,495.0,495.0,474.0959985,474.181355,435.5624665,394.894362,0.0,200.245531,0.0,0.0,192.127541,0.0,136.6691655,0.0,334.504962,346.546227,310.1765135,401.648869,445.1939695
90.2564894061278,0.0,0.0,0.0,0.0,0.0,516.6,516.064685,500.29687,431.5845685,0.0,283.3070655,223.630188,247.8519865,225.634762,122.2509985,83.9705985,0.0,0.0,0.0,274.860886,275.7245025,441.3938985,499.3499315,515.938625,516.6,516.6,0.0,0.0,516.6,516.6,0.0,500.29687,431.5845685,0.0,0.0,223.630188,247.8519865,0.0,122.2509985,83.9705985,107.0067065,273.3483025,0.0,274.860886,275.7245025,441.3938985,499.3499315,515.938625,516.6,0.0,0.0,0.0,33.200000000000045,0.0,516.064685,500.29687,431.5845685,294.388065,283.3070655,223.630188,0.0,225.634762,0.0,83.9705985,0.0,273.3483025,262.240914,0.0,0.0,441.3938985,475.5281619711345,515.938625,516.6,0.0,516.6,439.0817373474847,516.6,516.6,516.064685,500.29687,431.5845685,294.388065,0.0,223.630188,0.0,0.0,122.2509985,0.0,107.0067065,273.3483025,0.0,274.860886,275.7245025,441.3938985,499.3499315
0.0,54.0,0.0,53.862731,54.0,54.0,0.0,53.0902675,46.57861195,45.51433605,0.0,0.0,18.0453658,14.9303282,10.42491305,3.427026265,4.205508865,9.1914617,0.0,0.0,13.9570098,35.16325495,47.6417035,0.0,0.0,54.0,53.672097,53.862731,54.0,54.0,0.0,53.0902675,46.57861195,45.51433605,0.0,0.0,18.0453658,14.9303282,10.42491305,3.427026265,4.205508865,0.0,0.0,0.0,0.0,0.0,47.6417035,0.0,0.0,54.0,53.672097,53.862731,0.0,54.0,0.0,53.0902675,46.57861195,45.51433605,24.12290115,0.0,0.0,0.0,10.42491305,3.427026265,0.0,9.1914617,0.0,0.0,13.9570098,0.0,0.0,0.0,0.0,0.0,0.0,0.0,54.00000000000469,0.0,40.5,0.0,46.57861195,0.0,0.0,0.0,0.0,0.0,0.0,0.0,4.205508865,0.0,0.0,0.0,0.0,0.0,0.0,0.0
377.8810355,380.7,29.37727600000005,379.7322535,0.0,380.7,380.7,374.2863875,0.0,0.0,0.0,0.0,127.219829,105.258814,73.495637,24.1605352,29.6488375,64.799805,0.0,0.0,98.396919,247.900947,335.87401,258.4130285,377.8810355,380.7,378.3882825,379.7322535,0.0,380.7,380.7,374.2863875,328.379214,320.876069,170.066453,0.0,127.219829,105.258814,73.495637,24.1605352,29.6488375,0.0,0.0,0.0,0.0,0.0,335.87401,0.0,377.8810355,0.0,325.84916579496814,379.7322535,380.7,380.7,0.0,374.2863875,328.379214,320.876069,170.066453,171.3468545,0.0,0.0,73.495637,0.0,0.0,64.799805,88.6904535,0.0,98.396919,247.900947,0.0,0.0,0.0,0.0,0.0,22.775990000000093,0.0,0.0,0.0,0.0,328.379214,0.0,0.0,0.0,0.0,0.0,0.0,0.0,29.6488375,0.0,0.0,0.0,0.0,0.0,0.0,0.0
0.0,116.189062,0.0,0.0,121.5,0.0,0.0,121.5,117.457492,13.492775684847913,0.0,0.0,58.156316,24.8042891,11.7659344,0.0,11.385017,23.8144411,0.0,0.0,117.1974615,107.422266,109.5117535,108.334572,117.357263,116.189062,118.5782585,0.0,0.0,121.5,0.0,121.5,117.457492,116.6018685,90.1115015,0.0,58.156316,0.0,11.765934400006266,-5.787925797703792e-12,11.385017000005739,0.0,0.0,0.0,0.0,0.0,109.5117535,0.0,0.0,116.189062,118.5782585,119.473474,66.45234800000003,121.5,40.5,121.5,117.457492,116.6018685,90.1115015,0.0,58.156316,0.0,11.765934400009904,0.0,11.38501700000608,23.8144411,0.0,0.0,117.1974615,0.0,0.0,0.0,0.0,0.0,29.37727600000005,0.0,0.0,40.5,0.0,0.0,117.457492,116.6018685,0.0,0.0,4.258371649479827,0.0,0.0,12.33330335,11.385017,0.0,0.0,0.0,0.0,0.0,0.0,0.0
78.21599355087415,351.931979,0.0,0.0,357.726174,364.05,364.05,364.05,359.0815845,295.2386865,0.0,0.0,153.6361705,96.8064015,38.2336573,0.0,33.57354035,59.803638,144.5983555,0.0,301.8381985,336.066662,333.6266875,0.0,357.1772955,351.931979,364.05,358.3195365,357.726174,364.05,0.0,364.05,359.0815845,295.2386865,0.0,0.0,0.0,96.8064015,38.2336573,29.2649538,33.57354035,0.0,0.0,0.0,301.8381985,0.0,333.6266875,0.0,0.0,0.0,364.05,0.0,0.0,364.05,0.0,364.05,359.0815845,295.2386865,252.297831,0.0,153.6361705,0.0,38.2336573,0.0,0.0,59.803638,0.0,0.0,301.8381985,0.0,0.0,0.0,12.031482000006577,169.7962769264924,0.0,0.0,0.0,0.0,0.0,25.85331000000008,359.0815845,83.7080179968599,0.0,0.0,0.0,0.0,0.0,0.0,33.57354035,59.803638,0.0,0.0,0.0,0.0,0.0,0.0
-1.1424205265939223e-13,736.6141500000001,0.0,868.3513249999999,-3.416157281026243e-13,-7.963630789890884e-13,994.1853150000002,1128.666605,0.0,-1.7058577807620166e-12,947.443115,1.1368683772161603e-13,563.1824549999999,343.31463499999984,160.69417300000015,35.02963,7.082967999999836,34.91418420000009,-5.552149377762008e-16,218.9847449999998,518.641055,684.8563200000001,708.5913649999998,0.0,608.7599205533571,379.21008938811065,0.0,868.3513249999999,831.0258649999998,-7.963630789890884e-13,413.61754165170055,1128.666605,880.4611799999998,918.0052149999999,0.0,380.72809992177656,563.1824549999999,343.31463499999984,160.69417300000015,35.02963,7.082967999999836,34.91418420000009,-5.552149377762008e-16,-5.121459846850483e-13,0.0,0.0,708.5913649999998,0.0,681.453145,736.6141500000001,0.0,868.3513249999999,-3.416157281026243e-13,975.4917800000001,994.1853150000002,1128.666605,880.4611799999998,918.0052149999999,947.443115,1.1368683772161603e-13,443.33614757953524,-1.3647972675971686e-12,160.69417300000015,35.02963,7.082967999999836,1.8474111129762605e-13,-5.552149377762008e-16,-5.121459846850483e-13,518.641055,0.0,708.5913649999998,0.0,-1.1424205265939223e-13,0.0,0.0,-3.416157281026243e-13,-3.416157281026243e-13,-7.963630789890884e-13,0.0,57.33320999999978,0.0,918.0052149999999,0.0,505.71594500000003,563.1824549999999,343.31463499999984,2.8421709430404007e-13,0.0,7.082967999999836,1.8474111129762605e-13,-5.552149377762008e-16,-5.121459846850483e-13,0.0,0.0,0.0,0.0
0.0,0.0,1898.748915635546,2914.2665549048393,0.0,0.0,0.0,0.0,0.0,0.0,0.0,0.0,0.0,0.0,0.0,0.0,0.0,0.0,0.0,4546.077622992763,3788.0768510166918,0.0,5885.006827741754,0.0,0.0,6520.451632476104,2244.1245558562973,1247.9336956722505,2330.9068497982835,0.0,0.0,0.0,0.0,0.0,0.0,0.0,0.0,0.0,0.0,0.0,0.0,0.0,0.0,0.0,6399.6220881513445,0.0,0.0,0.0,6707.064227980921,1221.236481910347,0.0,0.0,2999.4140214892946,0.0,0.0,0.0,0.0,0.0,0.0,0.0,0.0,0.0,0.0,0.0,0.0,0.0,0.0,0.0,0.0,0.0,0.0,0.0,0.0,0.0,0.0,0.0,1683.5131375266203,0.0,0.0,0.0,0.0,0.0,0.0,0.0,0.0,0.0,0.0,0.0,0.0,0.0,0.0,863.2801039078504,8956.9998878254,8345.919135372103,3702.9711228617516,0.0
0.0,0.0,0.0,0.0,0.0,0.0,0.0,0.0,0.0,0.0,0.0,0.0,0.0,0.0,0.0,0.0,0.0,0.0,0.0,0.0,0.0,0.0,0.0,0.0,0.0,0.0,0.0,0.0,0.0,0.0,0.0,0.0,0.0,0.0,0.0,0.0,0.0,0.0,0.0,0.0,0.0,0.0,0.0,0.0,0.0,0.0,0.0,0.0,0.0,0.0,0.0,0.0,0.0,0.0,0.0,0.0,0.0,0.0,0.0,0.0,0.0,0.0,0.0,0.0,0.0,0.0,0.0,0.0,0.0,0.0,0.0,0.0,0.0,0.0,0.0,0.0,0.0,0.0,0.0,0.0,0.0,0.0,0.0,0.0,0.0,0.0,0.0,0.0,0.0,0.0,0.0,0.0,0.0,0.0,0.0,0.0
0.0,0.0,0.0,0.0,0.0,0.0,0.0,0.0,0.0,0.0,0.0,0.0,0.0,0.0,0.0,0.0,0.0,0.0,0.0,0.0,0.0,0.0,0.0,0.0,0.0,0.0,0.0,0.0,0.0,0.0,0.0,0.0,0.0,0.0,0.0,0.0,0.0,0.0,0.0,0.0,0.0,0.0,0.0,0.0,0.0,0.0,0.0,0.0,0.0,0.0,0.0,0.0,0.0,0.0,0.0,0.0,0.0,0.0,0.0,0.0,0.0,0.0,0.0,0.0,0.0,0.0,0.0,0.0,0.0,0.0,0.0,0.0,0.0,0.0,0.0,0.0,0.0,0.0,0.0,0.0,0.0,0.0,0.0,0.0,0.0,0.0,0.0,0.0,0.0,0.0,0.0,0.0,0.0,0.0,0.0,0.0
0.0,0.0,0.0,0.0,0.0,0.0,0.0,0.0,0.0,0.0,0.0,0.0,0.0,0.0,0.0,0.0,0.0,0.0,0.0,0.0,1775.7743974546706,0.0,0.0,0.0,0.0,0.0,0.0,0.0,0.0,0.0,0.0,0.0,0.0,0.0,0.0,0.0,0.0,0.0,0.0,0.0,0.0,0.0,0.0,0.0,0.0,0.0,0.0,0.0,0.0,0.0,0.0,0.0,0.0,0.0,0.0,0.0,0.0,0.0,0.0,0.0,0.0,0.0,0.0,0.0,0.0,0.0,0.0,0.0,0.0,4896.054217596428,0.0,0.0,0.0,0.0,0.0,0.0,0.0,0.0,0.0,0.0,0.0,0.0,0.0,0.0,0.0,0.0,0.0,0.0,0.0,0.0,0.0,0.0,0.0,0.0,0.0,0.0
0.0,0.0,0.0,0.0,0.0,0.0,0.0,0.0,0.0,0.0,0.0,0.0,0.0,0.0,0.0,0.0,0.0,0.0,0.0,0.0,0.0,0.0,0.0,0.0,0.0,0.0,0.0,0.0,0.0,0.0,0.0,0.0,0.0,0.0,0.0,0.0,0.0,0.0,0.0,0.0,448.57508084332767,0.0,0.0,0.0,0.0,0.0,0.0,0.0,0.0,0.0,0.0,0.0,0.0,0.0,0.0,0.0,0.0,0.0,0.0,0.0,0.0,0.0,0.0,0.0,0.0,0.0,0.0,0.0,0.0,0.0,0.0,0.0,0.0,0.0,0.0,0.0,0.0,0.0,0.0,0.0,0.0,0.0,0.0,0.0,0.0,0.0,0.0,0.0,0.0,0.0,0.0,0.0,0.0,0.0,0.0,0.0
1668.8896384433838,5247.783467589565,0.0,1914.7149789555733,5267.380530865626,4596.124997536674,2089.7842171150314,2168.7426628472167,0.0,0.0,0.0,0.0,0.0,0.0,0.0,0.0,1079.1068938185501,0.0,0.0,0.0,7878.122559600207,7004.55598140687,0.0,0.0,2693.781969866957,1897.4920304287302,0.0,2186.402802335444,1427.5821395001385,4082.3547222750594,2193.208958064949,2043.7786337943107,0.0,0.0,0.0,0.0,0.0,0.0,0.0,0.0,0.0,0.0,0.0,2006.7663848042412,44.252060205273665,0.0,5839.368688215719,0.0,0.0,1785.6201695772622,885.3534133030826,3448.206808648927,2242.48932820854,4713.992562388309,1012.2046514665476,1912.4401833587162,0.0,0.0,0.0,0.0,0.0,0.0,0.0,0.0,0.0,0.0,0.0,0.0,5724.22362228544,0.0,0.0,0.0,0.0,6917.175346930013,0.0,3838.1022321000673,1175.2650720236506,4274.588471134499,2042.6657997457396,955.2464612713211,0.0,0.0,0.0,0.0,0.0,0.0,0.0,0.0,0.0,0.0,0.0,0.0,4041.352700121947,0.0,0.0,0.0
0.0,0.0,0.0,0.0,0.0,0.0,0.0,0.0,0.0,0.0,0.0,0.0,0.0,0.0,0.0,0.0,0.0,0.0,0.0,1098.284571713838,0.0,0.0,0.0,0.0,0.0,0.0,0.0,0.0,0.0,0.0,0.0,0.0,0.0,0.0,0.0,0.0,0.0,0.0,0.0,0.0,0.0,0.0,0.0,0.0,0.0,0.0,0.0,0.0,0.0,0.0,0.0,0.0,0.0,0.0,0.0,0.0,0.0,0.0,0.0,0.0,0.0,0.0,0.0,0.0,0.0,0.0,0.0,0.0,0.0,0.0,0.0,0.0,0.0,0.0,0.0,0.0,0.0,0.0,0.0,0.0,0.0,0.0,0.0,0.0,0.0,0.0,0.0,0.0,0.0,0.0,0.0,0.0,0.0,0.0,0.0,0.0
0.0,0.0,0.0,0.0,0.0,0.0,0.0,0.0,0.0,0.0,0.0,0.0,0.0,0.0,0.0,0.0,0.0,0.0,0.0,0.0,0.0,0.0,0.0,0.0,0.0,0.0,0.0,0.0,0.0,0.0,0.0,0.0,0.0,0.0,0.0,0.0,0.0,0.0,0.0,0.0,0.0,0.0,0.0,0.0,0.0,0.0,0.0,0.0,0.0,0.0,0.0,0.0,0.0,0.0,0.0,0.0,0.0,0.0,0.0,0.0,0.0,0.0,0.0,0.0,0.0,0.0,0.0,0.0,0.0,0.0,0.0,0.0,0.0,0.0,0.0,0.0,0.0,0.0,0.0,0.0,0.0,0.0,0.0,0.0,0.0,0.0,0.0,0.0,0.0,0.0,0.0,0.0,0.0,0.0,0.0,0.0
0.0,0.0,0.0,0.0,0.0,0.0,0.0,0.0,0.0,0.0,0.0,0.0,0.0,0.0,0.0,0.0,0.0,0.0,0.0,0.0,0.0,2430.162609924999,0.0,0.0,0.0,0.0,0.0,0.0,0.0,0.0,0.0,0.0,0.0,0.0,0.0,0.0,0.0,0.0,0.0,0.0,0.0,0.0,0.0,0.0,0.0,6499.170768267362,0.0,0.0,0.0,0.0,0.0,0.0,0.0,0.0,0.0,0.0,0.0,0.0,0.0,0.0,0.0,0.0,0.0,0.0,0.0,0.0,0.0,0.0,0.0,4112.616562978012,0.0,0.0,0.0,0.0,0.0,0.0,0.0,0.0,0.0,0.0,0.0,0.0,0.0,0.0,0.0,0.0,0.0,0.0,0.0,0.0,0.0,0.0,0.0,0.0,0.0,0.0
0.0,0.0,0.0,0.0,0.0,0.0,0.0,0.0,0.0,0.0,0.0,0.0,0.0,0.0,0.0,0.0,202.061225,0.0,0.0,0.0,0.0,0.0,0.0,0.0,0.0,0.0,0.0,0.0,0.0,0.0,0.0,0.0,0.0,0.0,0.0,0.0,0.0,0.0,0.0,0.0,202.061225,0.0,0.0,0.0,0.0,0.0,0.0,0.0,0.0,0.0,0.0,0.0,0.0,0.0,0.0,0.0,0.0,0.0,0.0,0.0,0.0,0.0,0.0,0.0,0.0,0.0,0.0,0.0,0.0,0.0,0.0,86.9788295,0.0,0.0,0.0,0.0,0.0,0.0,0.0,0.0,0.0,0.0,0.0,0.0,0.0,0.0,0.0,0.0,0.0,0.0,0.0,0.0,0.0,0.0,0.0,0.0
0.0,0.0,0.0,0.0,0.0,0.0,0.0,0.0,0.0,0.0,0.0,0.0,0.0,0.0,0.0,0.0,147.679934,0.0,0.0,0.0,0.0,0.0,0.0,0.0,0.0,0.0,0.0,0.0,0.0,0.0,0.0,0.0,0.0,0.0,0.0,0.0,0.0,0.0,0.0,0.0,0.0,0.0,0.0,0.0,0.0,0.0,0.0,0.0,0.0,0.0,0.0,0.0,0.0,0.0,0.0,0.0,0.0,0.0,0.0,0.0,0.0,0.0,0.0,0.0,0.0,0.0,0.0,0.0,0.0,0.0,0.0,83.415388,0.0,0.0,0.0,0.0,0.0,0.0,0.0,0.0,0.0,0.0,0.0,0.0,0.0,0.0,0.0,0.0,0.0,0.0,0.0,0.0,0.0,0.0,0.0,0.0
0.0,0.0,0.0,0.0,0.0,0.0,0.0,0.0,0.0,0.0,0.0,0.0,0.0,0.0,0.0,0.0,155.882574,0.0,0.0,0.0,0.0,0.0,0.0,0.0,0.0,0.0,0.0,0.0,0.0,0.0,0.0,0.0,0.0,0.0,0.0,0.0,0.0,0.0,0.0,0.0,155.882574,0.0,0.0,0.0,0.0,0.0,0.0,0.0,0.0,0.0,0.0,0.0,0.0,0.0,0.0,0.0,0.0,0.0,0.0,0.0,0.0,0.0,0.0,0.0,0.0,0.0,0.0,0.0,0.0,0.0,0.0,0.0,0.0,0.0,0.0,0.0,0.0,0.0,0.0,0.0,0.0,0.0,0.0,0.0,0.0,0.0,0.0,0.0,0.0,0.0,0.0,0.0,0.0,0.0,0.0,0.0
0.0,0.0,0.0,0.0,0.0,0.0,0.0,0.0,0.0,0.0,0.0,0.0,0.0,0.0,0.0,0.0,0.0,0.0,0.0,20.653099,17.1829122,18.9092839,0.0,0.0,0.0,0.0,0.0,0.0,0.0,0.0,0.0,0.0,0.0,0.0,0.0,0.0,0.0,0.0,0.0,0.0,0.0,0.0,0.0,0.0,0.0,0.0,0.0,0.0,0.0,0.0,0.0,0.0,0.0,0.0,0.0,0.0,0.0,0.0,0.0,0.0,0.0,0.0,0.0,0.0,0.0,0.0,0.0,0.0,17.1829122,0.0,0.0,0.0,0.0,0.0,0.0,0.0,0.0,0.0,0.0,0.0,0.0,0.0,0.0,0.0,0.0,0.0,0.0,0.0,0.0,0.0,0.0,0.0,0.0,18.9092839,0.0,0.0
0.0,0.0,0.0,0.0,0.0,0.0,0.0,0.0,0.0,0.0,0.0,0.0,0.0,0.0,0.0,0.0,0.0,0.0,0.0,145.604348,121.139531,133.3104515,0.0,0.0,0.0,0.0,0.0,0.0,0.0,0.0,0.0,0.0,0.0,0.0,0.0,0.0,0.0,0.0,0.0,0.0,0.0,0.0,0.0,0.0,0.0,0.0,0.0,0.0,0.0,0.0,0.0,0.0,0.0,0.0,0.0,0.0,0.0,0.0,0.0,0.0,0.0,0.0,0.0,0.0,0.0,0.0,0.0,145.604348,0.0,0.0,0.0,0.0,0.0,0.0,0.0,0.0,0.0,0.0,0.0,0.0,0.0,0.0,0.0,0.0,0.0,0.0,0.0,0.0,0.0,0.0,0.0,0.0,0.0,0.0,0.0,0.0
0.0,0.0,0.0,0.0,0.0,0.0,0.0,0.0,0.0,0.0,0.0,0.0,0.0,0.0,0.0,0.0,0.0,0.0,0.0,64.6814815,52.02818,46.4073874,0.0,0.0,0.0,0.0,0.0,0.0,0.0,0.0,0.0,0.0,0.0,0.0,0.0,0.0,0.0,0.0,0.0,0.0,0.0,0.0,0.0,0.0,0.0,0.0,0.0,0.0,0.0,0.0,0.0,0.0,0.0,0.0,0.0,0.0,0.0,0.0,0.0,0.0,0.0,0.0,0.0,0.0,0.0,0.0,0.0,0.0,0.0,0.0,0.0,0.0,0.0,0.0,0.0,0.0,0.0,0.0,0.0,0.0,0.0,0.0,0.0,0.0,0.0,0.0,0.0,0.0,0.0,0.0,0.0,64.6814815,0.0,0.0,0.0,44.23088385
0.0,0.0,0.0,0.0,0.0,0.0,0.0,0.0,0.0,0.0,0.0,0.0,0.0,0.0,0.0,0.0,0.0,0.0,0.0,168.5931125,150.4204335,123.8636785,0.0,0.0,0.0,0.0,0.0,0.0,0.0,0.0,0.0,0.0,0.0,0.0,0.0,0.0,0.0,0.0,0.0,0.0,0.0,0.0,0.0,0.0,0.0,0.0,0.0,113.564301,0.0,0.0,0.0,0.0,0.0,0.0,0.0,0.0,0.0,0.0,0.0,0.0,0.0,0.0,0.0,0.0,0.0,0.0,0.0,0.0,0.0,0.0,0.0,0.0,0.0,0.0,0.0,0.0,0.0,0.0,0.0,0.0,0.0,0.0,0.0,0.0,0.0,0.0,0.0,0.0,0.0,0.0,0.0,0.0,150.4204335,0.0,0.0,0.0
-1.7058577807620166e-12,-1.2511104298755525e-12,0.0,-5.552149377762008e-16,-1.5921709430404006e-12,-6.826762412674724e-13,0.0,0.0,-1.1424205265939223e-13,-1.0237367544323205e-12,0.0,-1.2511104298755525e-12,0.0,0.0,-1.7058577807620166e-12,0.0,-1.0237367544323205e-12,0.0,-5.552149377762008e-16,0.0,309.1350031938664,1032.60628,0.0,-1.0237367544323205e-12,-1.7058577807620166e-12,-1.2511104298755525e-12,0.0,-5.552149377762008e-16,-1.5921709430404006e-12,-6.826762412674724e-13,0.0,0.0,-1.1424205265939223e-13,-1.0237367544323205e-12,0.0,-1.2511104298755525e-12,0.0,0.0,-1.7058577807620166e-12,0.0,-1.0237367544323205e-12,0.0,-5.552149377762008e-16,0.0,4.547473508864641e-13,0.0,0.0,1047.07703,-1.7058577807620166e-12,-1.2511104298755525e-12,0.0,-5.552149377762008e-16,-1.5921709430404006e-12,-6.826762412674724e-13,0.0,0.0,-1.1424205265939223e-13,-1.0237367544323205e-12,0.0,-1.2511104298755525e-12,0.0,0.0,-1.7058577807620166e-12,0.0,-1.0237367544323205e-12,0.0,-5.552149377762008e-16,359.8377675557746,4.547473508864641e-13,1032.60628,1008.614705,-1.0237367544323205e-12,-1.7058577807620166e-12,-1.2511104298755525e-12,0.0,-5.552149377762008e-16,-1.5921709430404006e-12,-6.826762412674724e-13,0.0,0.0,-1.1424205265939223e-13,-1.0237367544323205e-12,0.0,-1.2511104298755525e-12,0.0,0.0,-1.7058577807620166e-12,0.0,-1.0237367544323205e-12,0.0,-5.552149377762008e-16,0.0,4.547473508864641e-13,0.0,0.0,-1.0237367544323205e-12
9955.444096862553,7267.523824008059,10506.246378989767,2765.144381047727,10706.54303303669,5846.4033055746995,11920.67532672534,11321.689174963203,12165.25494516388,11833.451710277883,11241.704952350312,5902.711766508552,10774.676481040866,5141.951555057687,7160.816727291061,11006.507132989613,849.2808317178474,0.0,2611.6067610386694,4673.101719382316,0.0,3315.7632485610043,2440.735009671371,0.0,0.0,10752.802668560063,10506.246378989767,9786.886327109012,10706.54303303669,9553.878566380808,4002.7879659059577,12055.951651007988,12165.25494516388,5923.163108708532,11241.704952350312,8007.4955632946285,9789.97805195576,6679.73476017336,10980.510882439385,11006.507132989613,0.0,0.0,2347.2261508869224,908.2023184830632,0.0,5175.9494099572385,0.0,0.0,10177.46819459947,9795.24965674843,10506.246378989767,3608.955877882384,10706.54303303669,11556.021496470179,1455.6059573224743,12055.951651007988,12165.25494516388,8360.616698349724,8947.281289298215,10924.274174822878,10774.676481040866,0.0,8748.782679362725,8598.22567561207,0.0,0.0,0.0,3565.7436320870024,133.8252527153238,3398.9607104527026,0.0,0.0,8651.160832232114,0.0,10147.495084563268,9786.886327109012,10706.54303303669,11556.021496470179,11920.67532672534,9349.53301170201,12165.25494516388,11833.451710277883,11241.704952350312,10924.274174822878,10774.676481040866,8453.368616398835,9127.292001342932,6959.570300402727,0.0,0.0,0.0,0.0,0.0,459.8371281396687,3703.016555863963,5251.57289780026
0.0,0.0,0.0,0.0,0.0,0.0,0.0,0.0,0.0,0.0,0.0,0.0,0.0,0.0,0.0,0.0,0.0,0.0,0.0,0.0,0.0,0.0,0.0,0.0,0.0,0.0,0.0,0.0,0.0,0.0,0.0,0.0,0.0,0.0,0.0,0.0,0.0,0.0,0.0,0.0,0.0,0.0,0.0,0.0,0.0,0.0,0.0,0.0,0.0,0.0,0.0,0.0,0.0,0.0,0.0,0.0,0.0,0.0,0.0,0.0,0.0,0.0,0.0,0.0,0.0,0.0,0.0,0.0,0.0,0.0,0.0,0.0,0.0,0.0,0.0,0.0,0.0,0.0,0.0,0.0,0.0,0.0,0.0,0.0,0.0,0.0,0.0,0.0,0.0,0.0,0.0,0.0,0.0,0.0,0.0,0.0
7069.585886954969,3514.4733088299395,7069.585886954969,1355.778771692003,2345.0512825431833,0.0,0.0,0.0,0.0,0.0,0.0,0.0,0.0,0.0,0.0,0.0,0.0,0.0,0.0,0.0,0.0,0.0,0.0,0.0,4740.5343705028845,5856.58350192917,7819.552491211591,7708.368464765015,4865.414791720469,1524.712160064793,0.0,0.0,0.0,0.0,0.0,0.0,0.0,0.0,0.0,0.0,0.0,0.0,0.0,0.0,0.0,0.0,0.0,0.0,7414.317118048217,3583.9328036881925,3053.68734478245,5402.628839114017,2566.8426546653354,0.0,0.0,0.0,0.0,0.0,0.0,0.0,0.0,0.0,0.0,0.0,0.0,0.0,0.0,0.0,0.0,0.0,0.0,0.0,6894.790578828575,2559.457646767834,7083.758060608818,6851.808683715075,0.0,0.0,0.0,0.0,0.0,0.0,0.0,0.0,0.0,0.0,0.0,0.0,0.0,0.0,0.0,0.0,0.0,0.0,0.0,0.0
1114.946466828116,0.0,0.0,0.0,0.0,0.0,0.0,0.0,5474.495940953242,8956.430177062544,0.0,8226.02711079512,5629.195451619926,5063.225795030785,0.0,0.0,0.0,0.0,0.0,0.0,0.0,0.0,0.0,0.0,0.0,0.0,0.0,0.0,0.0,0.0,0.0,0.0,0.0,9435.16962864039,9431.713706875133,8681.70721986624,8379.297122844442,8899.90376193265,2143.4294856533406,145.98301987630694,0.0,0.0,0.0,0.0,0.0,0.0,0.0,0.0,3053.9278042196293,0.0,0.0,0.0,0.0,0.0,0.0,0.0,2687.786133381186,0.0,9701.019982366948,0.0,0.0,5557.603749859936,0.0,0.0,0.0,0.0,0.0,0.0,0.0,0.0,0.0,0.0,0.0,0.0,0.0,0.0,0.0,0.0,0.0,0.0,0.0,0.0,0.0,0.0,0.0,0.0,0.0,0.0,0.0,0.0,0.0,0.0,0.0,0.0,0.0,0.0
2891.688469044085,2441.930097507363,166.47274867699127,0.0,0.0,0.0,0.0,0.0,781.65243199118,5206.870148658393,7617.54088211144,3655.94456581831,7508.3407992967395,1410.571495956206,4303.1289933283015,691.8509892083667,0.0,0.0,1961.22677529191,3090.9372709317527,3153.7058977228667,0.0,4108.195943344082,5707.29284323791,3702.633017155343,1015.1928616684046,0.0,0.0,0.0,0.0,0.0,0.0,0.0,2380.308898753627,3992.6555611341178,6617.573383110805,9223.879451160119,9458.19771874214,3350.557921243703,3078.593930916543,0.0,0.0,0.0,0.0,0.0,6221.654484091393,6466.654559299035,6190.737435466129,5044.775612615681,3689.765613022513,0.0,0.0,0.0,0.0,0.0,0.0,3252.388632432584,8646.1355980031,9755.061444357782,3953.72770073376,6686.78185590492,10095.203674058377,3648.1896872968564,10411.706726889364,3668.700688251728,0.0,0.0,0.0,7427.851503105599,7319.208554790354,7392.305182914786,7345.669252868345,1259.7465977654595,2106.701073662256,341.0692129240624,0.0,0.0,0.0,0.0,0.0,0.0,8266.069122372686,9755.061444357782,9800.300187126335,9932.57431825448,4599.597250858423,9331.129707546152,2350.0186691434033,0.0,0.0,1644.4607002162936,2032.158744789389,447.9548332366397,0.0,0.0,7345.669252868345
9693.1012245602,4357.023923077799,9825.986388588499,10122.816312123545,9920.300252940178,5236.199557875443,5152.684731231557,10053.908334333239,10099.618695344052,10091.375178144885,10053.28387230051,10020.224505285396,5361.333084034037,10081.607382682096,10033.958361306142,9926.021758568862,9902.80081091986,9614.152776025096,4877.075684027167,4646.61347993225,9689.008019975032,9815.174163237312,9523.529755090014,9420.26732189311,4095.848175084793,9462.782199379393,9825.986388588499,10122.816312123545,9920.300252940178,9997.043605725474,9973.643646436052,10053.908334333239,10099.618695344052,10091.375178144885,10053.28387230051,10020.224505285396,10066.077425509644,10081.607382682096,10033.958361306142,9926.021758568862,9902.80081091986,9614.152776025096,9738.07038604667,9701.084213949269,9689.008019975032,9815.174163237312,6294.201758546091,7684.676608520987,9693.1012245602,9462.782199379393,9825.986388588499,10122.816312123545,9920.300252940178,9997.043605725474,9973.643646436052,10053.908334333239,10099.618695344052,10091.375178144885,10053.28387230051,10020.224505285396,6993.911038188195,10081.607382682096,10033.958361306142,9926.021758568862,9902.80081091986,6565.026289337236,9738.07038604667,9701.084213949269,9689.008019975032,9815.174163237312,9523.529755090014,9420.26732189311,9693.1012245602,9462.782199379393,9825.986388588499,10122.816312123545,9920.300252940178,9997.043605725474,9973.643646436052,10053.908334333239,10099.618695344052,10091.375178144885,10053.28387230051,10020.224505285396,8669.266497643719,10081.607382682096,10033.958361306142,9926.021758568862,7762.331146462885,7829.155640983143,7219.296057490835,8765.687757118923,9689.008019975032,9815.174163237312,9523.529755090014,9420.26732189311
0.0,0.0,0.0,0.0,0.0,0.0,0.0,0.0,0.0,1530.7910527478946,1625.1115372733957,1679.9474522440496,0.0,1717.3331723245556,1523.7723600020593,0.0,0.0,0.0,0.0,0.0,0.0,0.0,0.0,0.0,0.0,0.0,0.0,0.0,0.0,0.0,0.0,0.0,0.0,2239.5960571393007,0.0,0.0,0.0,0.0,0.0,0.0,0.0,0.0,0.0,0.0,0.0,0.0,0.0,0.0,0.0,0.0,0.0,0.0,0.0,0.0,0.0,0.0,1594.5239409405774,2239.5960571393007,0.0,1717.0686904498834,0.0,0.0,0.0,0.0,0.0,0.0,0.0,0.0,0.0,0.0,0.0,0.0,0.0,0.0,0.0,0.0,0.0,0.0,0.0,0.0,0.0,0.0,0.0,0.0,0.0,0.0,0.0,0.0,0.0,0.0,0.0,0.0,0.0,0.0,0.0,0.0
6552.595758119279,7844.026543031251,5210.921417338498,5406.716734658289,1389.0540683111658,5728.816598692272,6049.39016986446,1726.5119613849442,7976.349280309533,7763.097770936377,8033.518283646312,8223.873240233417,8252.055654095151,8259.998560034659,8266.87886170403,8229.847520649093,7256.414435056706,5783.635474155839,8231.72085498903,7981.330732666185,8202.398340251724,8077.789421402002,8101.6521376072415,3909.959000973017,5109.414193580925,7844.026543031251,4535.206646121715,6727.278775217305,6468.407412826514,4126.818948634203,3917.130151537305,676.1512598055533,5910.135905657733,7763.097770936377,8033.518283646312,8223.873240233417,3741.548702088877,5785.481355835768,8266.87886170403,8229.847520649093,7911.791311292593,5952.369875953511,5418.9061244398745,8231.72085498903,8202.398340251724,2825.5814967153983,8101.6521376072415,8070.138050519622,5871.9211791186435,6336.692290945862,5208.885248776159,3928.4871094458076,592.7286014191031,5127.461304808247,5522.751114344763,3448.580893676221,7976.349280309533,7763.097770936377,5424.251928682966,8223.873240233417,8252.055654095151,8259.998560034659,8266.87886170403,3550.2963150184014,3562.4739517258463,8231.72085498903,8231.72085498903,8231.72085498903,4149.377214029369,1054.6053391387713,3891.9445212872624,2288.874938466035,1835.277965631174,7844.026543031251,7880.813195251572,6068.882864330142,1439.6817968072696,0.0,4977.597147073087,5421.853458480826,7976.349280309533,7763.097770936377,6357.743790969131,6672.2494863046995,8252.055654095151,8259.998560034659,3628.1415887134312,8229.847520649093,8231.93523308303,6150.32222747006,8231.72085498903,8231.72085498903,8202.398340251724,8077.789421402002,8101.6521376072415,0.0
0.0,19099.271164419286,10058.026726819226,20451.87626528812,17041.214484430035,21884.21436392968,11203.901442274862,12319.694387241281,9344.31636063231,3448.0919987432067,8542.568873041124,0.0,0.0,0.0,0.0,0.0,0.0,0.0,0.0,0.0,103.87302235880702,0.0,0.0,0.0,19452.223845841545,14877.900614734586,17163.41291300439,1068.7524535429384,2617.160355088866,8920.279223723539,21419.01328666715,14814.8185210575,22918.342825767682,19645.652138657322,8489.467903228347,1569.0793081124855,0.0,0.0,0.0,0.0,0.0,0.0,0.0,0.0,0.0,0.0,0.0,0.0,0.0,17462.528446566543,10921.32932198778,22041.827028309774,11693.183672050563,0.0,23802.722809320298,9337.423192198197,7826.503372213355,18921.4885582136,6887.81380631864,3954.8593500764955,0.0,0.0,0.0,0.0,0.0,0.0,0.0,0.0,0.0,0.0,0.0,0.0,13081.458821028515,15794.808724243596,0.0,6562.814725581984,3908.142193977746,11887.574409416902,1817.5830826790784,10866.340553359034,16304.111174362948,5834.070960154278,0.0,0.0,0.0,0.0,0.0,0.0,0.0,0.0,0.0,0.0,0.0,0.0,0.0,0.0
0.0,0.0,0.0,0.0,0.0,0.0,0.0,0.0,170.298361,158.8647065,199.30689,0.0,226.6624375,184.176515,106.062177,151.7391915,75.764449,0.0,0.0,45.13843755,47.41358065,40.4294864,48.63395245,0.0,0.0,0.0,0.0,238.6743905,0.0,0.0,0.0,0.0,0.0,158.8647065,199.30689,186.178659,226.6624375,184.176515,0.0,151.7391915,75.764449,0.0,0.0,45.13843755,0.0,40.4294864,0.0,0.0,0.0,242.972212,0.0,0.0,0.0,0.0,0.0,0.0,0.0,0.0,199.30689,186.178659,226.6624375,184.176515,106.062177,151.7391915,75.764449,0.0,0.0,45.13843755,0.0,0.0,0.0,52.923927,0.0,0.0,0.0,0.0,0.0,0.0,0.0,0.0,170.298361,158.8647065,199.30689,186.178659,0.0,184.176515,106.062177,151.7391915,0.0,0.0,67.8370885,45.13843755,47.41358065,40.4294864,48.63395245,52.923927
0.0,0.0,0.0,157.40194,0.0,0.0,0.0,0.0,194.752273,99.705501,159.00634715889584,166.0851285,167.335757,103.104861,102.094036,99.094784,0.0,0.0,0.0,0.0,48.4313513,36.95250085,43.69814615,0.0,0.0,0.0,163.451811,157.40194,0.0,0.0,0.0,0.0,0.0,99.705501,168.7608145,166.0851285,167.335757,0.0,0.0,99.094784,0.0,0.0,0.0,33.13553325,0.0,0.0,0.0,0.0,0.0,196.644856,163.451811,0.0,0.0,0.0,0.0,0.0,0.0,0.0,168.7608145,166.0851285,167.335757,103.104861,102.094036,0.0,55.760588,0.0,0.0,33.13553325,0.0,0.0,0.0,49.96420295,0.0,0.0,0.0,157.40194,0.0,0.0,0.0,0.0,194.752273,0.0,168.7608145,166.0851285,0.0,103.104861,102.094036,99.094784,55.760588,0.0,0.0,33.13553325,48.4313513,36.95250085,43.69814615,49.96420295
0.0,0.0,0.0,0.0,0.0,0.0,0.0,0.0,125.9476265,178.3984635,142.9559625,154.4913105,128.6466625,134.5494585,78.747477,103.7305865,0.0,0.0,0.0,0.0,0.0,36.2748403,44.67974375,0.0,204.173845,202.0710755,189.375171,0.0,0.0,0.0,0.0,0.0,0.0,178.3984635,142.9559625,154.4913105,128.6466625,0.0,78.747477,103.7305865,59.9725095,0.0,0.0,46.6599003,0.0,36.2748403,44.67974375,0.0,0.0,202.0710755,0.0,0.0,0.0,0.0,0.0,0.0,0.0,178.3984635,142.9559625,154.4913105,128.6466625,134.5494585,0.0,0.0,59.9725095,0.0,0.0,0.0,0.0,0.0,0.0,0.0,0.0,0.0,0.0,0.0,0.0,0.0,0.0,0.0,125.9476265,178.3984635,142.9559625,0.0,128.6466625,134.5494585,78.747477,103.7305865,59.9725095,0.0,47.52019105,46.6599003,46.07483365,36.2748403,44.67974375,44.22230895
0.0,0.0,23.0952374,0.0,18.8708516,0.0,0.0,0.0,14.8316653,13.193133,13.6592202,19.52039625,14.28639845,13.4521065,0.0,11.0436118,0.0,0.0,9.5020752,0.0,0.0,6.8263609,0.0,0.0,0.0,0.0,0.0,0.0,0.0,0.0,0.0,0.0,0.0,0.0,13.6592202,0.0,0.0,0.0,0.0,0.0,0.0,0.0,0.0,0.0,0.0,0.0,0.0,0.0,0.0,23.25573385,0.0,0.0,0.0,0.0,0.0,0.0,14.8316653,0.0,0.0,19.52039625,14.28639845,13.4521065,13.04608495,11.0436118,10.31492455,0.0,0.0,0.0,0.0,0.0,5.44527965,0.0,0.0,23.25573385,0.0,0.0,0.0,0.0,0.0,0.0,0.0,0.0,13.6592202,0.0,0.0,0.0,0.0,0.0,0.0,9.49117525,0.0,7.34502635,0.0,0.0,0.0,0.0
175.3693065,0.0,0.0,0.0,0.0,0.0,0.0,0.0,104.56324,93.011588,0.0,0.0,100.719109,94.8373505,0.0,0.0,0.0,0.0,0.0,0.0,0.0,48.1258443,38.38922145,0.0,175.3693065,163.9529235,162.821424,0.0,0.0,0.0,0.0,0.0,104.56324,0.0,96.2975025,137.6187935,100.719109,0.0,91.974899,0.0,0.0,0.0,66.98963,0.0,0.0,0.0,0.0,39.59686825,0.0,163.9529235,0.0,0.0,0.0,0.0,0.0,0.0,104.56324,93.011588,0.0,137.6187935,100.719109,94.8373505,0.0,0.0,0.0,66.9127855,0.0,0.0,32.4119857,0.0,0.0,39.59686825,0.0,0.0,0.0,0.0,0.0,0.0,0.0,0.0,0.0,0.0,96.2975025,0.0,0.0,0.0,0.0,0.0,72.720218,0.0,66.98963,0.0,0.0,0.0,0.0,0.0
0.0,0.0,0.0,0.0,0.0,0.0,0.0,0.0,0.0,0.0,32.85759605,38.63656775,26.47598435,29.648310801682385,30.3331813,31.25998255,0.0,0.0,0.0,0.0,17.3384612,12.5855971,0.0,11.68272785,64.961579,0.0,0.0,0.0,0.0,0.0,0.0,0.0,0.0,0.0,32.85759605,0.0,26.47598435,0.0,30.3331813,31.25998255,0.0,0.0,0.0,22.91849245,0.0,-5.404232720393338e-12,0.0,0.0,0.0,61.4872175,0.0,0.0,0.0,0.0,0.0,0.0,28.54769675,30.51487135,0.0,38.63656775,0.0,0.0,30.3331813,0.0,34.88641785,24.38650745,0.0,0.0,0.0,0.0,13.226236650011458,0.0,0.0,0.0,0.0,0.0,0.0,0.0,0.0,0.0,28.54769675,0.0,32.85759605,0.0,0.0,0.0,0.0,0.0,0.0,-5.365152869926532e-12,0.0,0.0,0.0,12.585597100006286,0.0,0.0
0.0,0.0,0.0,0.0,0.0,0.0,0.0,0.0,0.0,106.5210645,0.0,100.107687,107.461904,80.002511,0.0,0.0,0.0,0.0,0.0,0.0,0.0,0.0,43.69478975,0.0,0.0,177.9223785,0.0,0.0,0.0,0.0,0.0,0.0,109.1373435,0.0,0.0,100.107687,107.461904,0.0,0.0,89.0973235,0.0,0.0,0.0,0.0,0.0,0.0,0.0,0.0,0.0,0.0,0.0,0.0,0.0,0.0,0.0,0.0,109.1373435,106.5210645,0.0,0.0,107.461904,80.002511,0.0,0.0,0.0,0.0,0.0,0.0,64.985994,0.0,43.69478975,0.0,0.0,0.0,0.0,0.0,0.0,0.0,0.0,0.0,0.0,0.0,80.940193,0.0,0.0,0.0,0.0,89.0973235,0.0,0.0,0.0,0.0,0.0,0.0,0.0,0.0
869.6874700000001,-1.0237367544323205e-12,2.2737367544323206e-13,-1.0237367544323205e-12,0.0,-1.1424205265939223e-13,-1.4784841053187846e-12,2.2737367544323206e-13,538.1127543568869,417.8998993188861,-1.1424205265939223e-13,502.123345,667.240945,704.6924099999999,589.3817750000001,-1.9332314562052487e-12,536.4741399999998,-1.0237367544323205e-12,4.547473508864641e-13,4.547473508864641e-13,1.1368683772161603e-13,-1.2511104298755525e-12,0.0,0.0,869.6874700000001,-1.0237367544323205e-12,2.2737367544323206e-13,10.154159027470314,0.0,-1.1424205265939223e-13,-1.4784841053187846e-12,2.2737367544323206e-13,669.49046,0.0,-1.1424205265939223e-13,502.123345,667.240945,704.6924099999999,589.3817750000001,-1.9332314562052487e-12,0.0,-1.0237367544323205e-12,4.547473508864641e-13,4.547473508864641e-13,1.1368683772161603e-13,-1.2511104298755525e-12,0.0,0.0,869.6874700000001,191.76256404071864,2.2737367544323206e-13,-1.0237367544323205e-12,0.0,-1.1424205265939223e-13,-1.4784841053187846e-12,2.2737367544323206e-13,669.49046,561.7071800000001,-1.1424205265939223e-13,0.0,667.240945,704.6924099999999,589.3817750000001,562.3966999999998,510.94223555718236,-1.0237367544323205e-12,4.547473508864641e-13,4.547473508864641e-13,318.25884400000007,-1.2511104298755525e-12,0.0,0.0,-1.2511104298755525e-12,-1.0237367544323205e-12,2.2737367544323206e-13,-1.0237367544323205e-12,0.0,-1.1424205265939223e-13,-1.4784841053187846e-12,2.2737367544323206e-13,-1.4784841053187846e-12,0.0,-1.1424205265939223e-13,0.0,-1.1424205265939223e-13,-3.416157281026243e-13,2.2737367544323206e-13,-1.9332314562052487e-12,0.0,-1.0237367544323205e-12,4.547473508864641e-13,4.547473508864641e-13,1.1368683772161603e-13,-1.2511104298755525e-12,0.0,0.0
0.0,0.0,0.0,0.0,0.0,0.0,0.0,0.0,0.0,0.0,0.0,0.0,0.0,0.0,0.0,0.0,0.0,0.0,0.0,0.0,0.0,0.0,0.0,0.0,0.0,0.0,0.0,0.0,0.0,0.0,0.0,0.0,0.0,0.0,0.0,0.0,0.0,0.0,0.0,0.0,0.0,0.0,0.0,0.0,0.0,0.0,0.0,0.0,0.0,0.0,0.0,0.0,0.0,0.0,0.0,0.0,0.0,0.0,0.0,0.0,0.0,0.0,0.0,0.0,0.0,0.0,0.0,0.0,0.0,0.0,0.0,0.0,0.0,0.0,0.0,0.0,0.0,0.0,0.0,0.0,0.0,0.0,0.0,0.0,0.0,0.0,0.0,0.0,0.0,0.0,0.0,0.0,0.0,0.0,0.0,0.0
0.0,0.0,0.0,0.0,0.0,0.0,0.0,0.0,0.0,0.0,0.0,0.0,0.0,0.0,0.0,0.0,0.0,0.0,0.0,0.0,0.0,0.0,0.0,0.0,0.0,0.0,0.0,0.0,0.0,0.0,0.0,0.0,0.0,0.0,0.0,0.0,0.0,0.0,0.0,0.0,0.0,0.0,0.0,0.0,0.0,0.0,0.0,0.0,0.0,0.0,0.0,0.0,0.0,0.0,0.0,0.0,0.0,0.0,0.0,0.0,0.0,0.0,0.0,0.0,0.0,0.0,0.0,0.0,0.0,0.0,0.0,0.0,0.0,0.0,0.0,0.0,0.0,0.0,0.0,0.0,0.0,0.0,0.0,0.0,0.0,0.0,0.0,0.0,0.0,0.0,0.0,0.0,0.0,0.0,0.0,0.0
0.0,0.0,0.0,0.0,0.0,0.0,0.0,0.0,0.0,0.0,0.0,0.0,0.0,0.0,0.0,0.0,0.0,0.0,0.0,0.0,0.0,0.0,0.0,0.0,0.0,0.0,0.0,0.0,0.0,0.0,0.0,0.0,0.0,0.0,0.0,0.0,0.0,0.0,0.0,0.0,0.0,0.0,0.0,0.0,0.0,0.0,0.0,0.0,0.0,0.0,0.0,0.0,0.0,0.0,0.0,0.0,0.0,0.0,0.0,0.0,0.0,0.0,0.0,0.0,0.0,0.0,0.0,0.0,0.0,0.0,0.0,0.0,0.0,0.0,0.0,0.0,0.0,0.0,0.0,0.0,0.0,0.0,0.0,0.0,0.0,0.0,0.0,0.0,0.0,0.0,0.0,0.0,0.0,0.0,0.0,0.0
0.0,0.0,0.0,0.0,0.0,0.0,0.0,0.0,0.0,0.0,0.0,0.0,0.0,0.0,0.0,0.0,0.0,0.0,0.0,0.0,0.0,0.0,0.0,0.0,0.0,0.0,0.0,0.0,0.0,0.0,0.0,0.0,0.0,0.0,0.0,0.0,0.0,0.0,0.0,0.0,0.0,0.0,0.0,0.0,0.0,0.0,0.0,0.0,0.0,0.0,0.0,0.0,0.0,0.0,0.0,0.0,0.0,0.0,0.0,0.0,0.0,0.0,0.0,0.0,0.0,0.0,0.0,0.0,0.0,0.0,0.0,0.0,0.0,0.0,0.0,0.0,0.0,0.0,0.0,0.0,0.0,0.0,0.0,0.0,0.0,0.0,0.0,0.0,0.0,0.0,0.0,0.0,0.0,0.0,0.0,0.0
0.0,0.0,0.0,0.0,0.0,0.0,0.0,0.0,0.0,0.0,0.0,0.0,0.0,0.0,0.0,0.0,0.0,0.0,0.0,0.0,0.0,0.0,0.0,0.0,0.0,0.0,0.0,0.0,0.0,0.0,0.0,0.0,0.0,0.0,0.0,0.0,0.0,0.0,0.0,0.0,0.0,0.0,0.0,0.0,0.0,0.0,0.0,0.0,0.0,0.0,0.0,0.0,0.0,0.0,0.0,0.0,0.0,0.0,0.0,0.0,0.0,0.0,0.0,0.0,0.0,0.0,0.0,0.0,0.0,0.0,0.0,0.0,0.0,0.0,0.0,0.0,0.0,0.0,0.0,0.0,0.0,0.0,0.0,0.0,0.0,0.0,0.0,0.0,0.0,0.0,0.0,0.0,0.0,0.0,0.0,0.0
0.0,0.0,0.0,0.0,0.0,0.0,0.0,0.0,0.0,0.0,0.0,0.0,0.0,0.0,0.0,0.0,0.0,0.0,0.0,0.0,0.0,0.0,0.0,0.0,0.0,0.0,0.0,0.0,0.0,0.0,0.0,0.0,0.0,0.0,0.0,0.0,0.0,0.0,0.0,0.0,0.0,0.0,0.0,0.0,0.0,0.0,0.0,0.0,0.0,0.0,0.0,0.0,0.0,0.0,0.0,0.0,0.0,0.0,0.0,0.0,0.0,0.0,0.0,0.0,0.0,0.0,0.0,0.0,0.0,0.0,0.0,0.0,0.0,0.0,0.0,0.0,0.0,0.0,0.0,0.0,0.0,0.0,0.0,0.0,0.0,0.0,0.0,0.0,0.0,0.0,0.0,0.0,0.0,0.0,0.0,0.0
0.0,0.0,0.0,0.0,0.0,0.0,0.0,0.0,0.0,0.0,0.0,0.0,0.0,0.0,0.0,0.0,0.0,0.0,0.0,0.0,0.0,0.0,0.0,0.0,0.0,0.0,0.0,0.0,0.0,0.0,0.0,0.0,0.0,0.0,0.0,0.0,0.0,0.0,0.0,0.0,0.0,0.0,0.0,0.0,0.0,0.0,0.0,0.0,0.0,0.0,0.0,0.0,0.0,0.0,0.0,0.0,0.0,0.0,0.0,0.0,0.0,0.0,0.0,0.0,0.0,0.0,0.0,0.0,0.0,0.0,0.0,0.0,0.0,0.0,0.0,0.0,0.0,0.0,0.0,0.0,0.0,0.0,0.0,0.0,0.0,0.0,0.0,0.0,0.0,0.0,0.0,0.0,0.0,0.0,0.0,0.0
0.0,0.0,0.0,0.0,0.0,0.0,0.0,0.0,0.0,0.0,0.0,0.0,0.0,0.0,0.0,0.0,0.0,0.0,0.0,0.0,0.0,0.0,0.0,0.0,0.0,0.0,0.0,0.0,0.0,0.0,0.0,0.0,0.0,0.0,0.0,0.0,0.0,0.0,0.0,0.0,0.0,0.0,0.0,0.0,0.0,0.0,0.0,0.0,0.0,0.0,0.0,0.0,0.0,0.0,0.0,0.0,0.0,0.0,0.0,0.0,0.0,0.0,0.0,0.0,0.0,0.0,0.0,0.0,0.0,0.0,0.0,0.0,0.0,0.0,0.0,0.0,0.0,0.0,0.0,0.0,0.0,0.0,0.0,0.0,0.0,0.0,0.0,0.0,0.0,0.0,0.0,0.0,0.0,0.0,0.0,0.0
0.0,0.0,0.0,0.0,0.0,0.0,0.0,0.0,0.0,0.0,0.0,0.0,0.0,0.0,0.0,0.0,0.0,0.0,0.0,0.0,0.0,0.0,0.0,0.0,0.0,0.0,0.0,0.0,0.0,0.0,0.0,0.0,0.0,0.0,0.0,0.0,0.0,0.0,0.0,0.0,0.0,0.0,0.0,0.0,0.0,0.0,0.0,0.0,0.0,0.0,0.0,0.0,0.0,0.0,0.0,0.0,0.0,0.0,0.0,0.0,0.0,0.0,0.0,0.0,0.0,0.0,0.0,0.0,0.0,0.0,0.0,0.0,0.0,0.0,0.0,0.0,0.0,0.0,0.0,0.0,0.0,0.0,0.0,0.0,0.0,0.0,0.0,0.0,0.0,0.0,0.0,0.0,0.0,0.0,0.0,0.0
0.0,0.0,0.0,0.0,0.0,0.0,0.0,0.0,0.0,0.0,0.0,0.0,0.0,0.0,0.0,0.0,0.0,0.0,0.0,0.0,0.0,0.0,0.0,0.0,0.0,0.0,0.0,0.0,0.0,0.0,0.0,0.0,0.0,0.0,0.0,0.0,0.0,0.0,154.87522999999987,0.0,0.0,0.0,0.0,0.0,0.0,0.0,0.0,0.0,0.0,0.0,0.0,0.0,0.0,0.0,0.0,162.6654289999999,0.0,0.0,0.0,0.0,0.0,0.0,154.875229999996,0.0,0.0,0.0,0.0,0.0,0.0,0.0,0.0,0.0,0.0,0.0,0.0,0.0,0.0,0.0,75.05750499999772,162.6654289999999,0.0,0.0,182.20000000000005,0.0,0.0,0.0,154.87522999999987,0.0,0.0,0.0,0.0,0.0,0.0,0.0,0.0,0.0
0.0,0.0,0.0,0.0,0.0,0.0,75.0575050000001,162.66542900000024,149.0,149.0,149.0,182.20000000000005,149.0,182.20000000000005,123.70957999999996,0.0,0.0,0.0,0.0,0.0,0.0,0.0,0.0,0.0,0.0,0.0,0.0,0.0,0.0,0.0,75.05750500000022,162.66542900000002,182.20000000000005,149.0,149.0,182.20000000000005,149.0,149.0,0.0,0.0,0.0,0.0,0.0,0.0,0.0,0.0,0.0,0.0,0.0,0.0,0.0,0.0,0.0,0.0,75.0575049999976,0.0,149.0,149.0,148.99999999999807,182.19999999999982,149.0,182.20000000000005,0.0,0.0,0.0,0.0,0.0,0.0,0.0,0.0,0.0,0.0,0.0,0.0,0.0,0.0,0.0,0.0,0.0,0.0,182.19999999999754,182.1999999999996,0.0,182.20000000000005,182.20000000000005,182.20000000000005,0.0,0.0,0.0,0.0,0.0,0.0,0.0,0.0,0.0,0.0
0.0,0.0,0.0,0.0,0.0,0.0,0.0,0.0,33.200000000000045,33.200000000000045,33.200000000000045,0.0,33.19999999999686,0.0,31.16564999999855,1.1368683772161603e-13,0.0,0.0,0.0,0.0,0.0,0.0,0.0,0.0,0.0,0.0,0.0,0.0,0.0,0.0,0.0,0.0,0.0,33.200000000000045,33.200000000000045,0.0,33.200000000000045,33.200000000000045,0.0,0.0,0.0,0.0,0.0,0.0,0.0,0.0,0.0,0.0,0.0,0.0,0.0,0.0,0.0,0.0,0.0,0.0,33.200000000000045,33.200000000000045,33.200000000000045,0.0,33.200000000000045,0.0,0.0,1.1368683772161603e-13,0.0,0.0,0.0,0.0,0.0,0.0,0.0,0.0,0.0,0.0,0.0,0.0,0.0,0.0,0.0,0.0,0.0,0.0,0.0,0.0,0.0,0.0,0.0,0.0,0.0,0.0,0.0,0.0,0.0,0.0,0.0,0.0
0.0,0.0,0.0,0.0,0.0,0.0,30.255337999999995,0.0,0.0,0.0,40.5,0.0,0.0,3.9698356179422234,0.0,0.0,0.0,0.0,0.0,0.0,0.0,0.0,0.0,0.0,0.0,0.0,0.0,0.0,0.0,0.0,0.0,0.0,0.0,0.0,40.5,0.0,40.5,0.0,0.0,0.0,0.0,0.0,0.0,0.0,0.0,0.0,0.0,0.0,0.0,0.0,0.0,0.0,0.0,0.0,0.0,40.5,0.0,0.0,0.0,34.214384916334495,0.0,0.0,0.0,0.0,0.0,0.0,0.0,0.0,0.0,0.0,0.0,0.0,0.0,0.0,0.0,0.0,0.0,0.0,0.0,40.5,0.0,27.26445827095216,40.5,0.0,23.26814132657762,0.0,0.0,0.0,0.0,0.0,0.0,0.0,0.0,0.0,0.0,0.0
0.0,0.0,0.0,0.0,0.0,0.0,0.0,0.0,29.878024277511713,35.59104154242448,0.0,24.930942123926798,0.0,0.0,0.0,0.0,0.0,0.0,0.0,0.0,0.0,0.0,0.0,0.0,0.0,0.0,0.0,0.0,0.0,0.0,0.0,40.5,0.0,0.0,0.0,0.0,0.0,0.0,0.0,0.0,0.0,0.0,0.0,0.0,0.0,0.0,0.0,0.0,0.0,0.0,0.0,0.0,0.0,0.0,0.0,0.0,0.0,1.1368683772161603e-13,35.59104154242459,0.0,40.5,16.28198000000009,0.0,0.0,0.0,0.0,0.0,0.0,0.0,0.0,0.0,0.0,0.0,0.0,0.0,0.0,0.0,0.0,0.0,0.0,0.0,0.0,0.0,0.0,17.23185867342238,0.0,0.0,0.0,0.0,0.0,0.0,0.0,0.0,0.0,0.0,0.0
0.0,0.0,0.0,0.0,0.0,0.0,0.0,40.5,2.521593722488376,4.908958457575466,0.0,15.569057876073202,40.5,12.312144382057966,0.0,1.311674227475919,0.0,0.0,0.0,0.0,0.0,0.0,0.0,0.0,0.0,0.0,0.0,0.0,0.0,0.0,30.255337999999995,0.0,32.39961800000003,40.5,0.0,40.5,0.0,0.0,0.0,0.0,0.0,0.0,0.0,0.0,0.0,0.0,0.0,0.0,0.0,0.0,0.0,0.0,0.0,0.0,30.255337999999995,0.0,32.39961800000009,40.499999999999886,4.90895845757538,6.285615083665505,0.0,0.0,0.0,0.0,0.0,0.0,0.0,0.0,0.0,0.0,0.0,0.0,0.0,0.0,0.0,0.0,0.0,0.0,30.255337999999995,0.0,32.39961800000003,13.235541729047839,0.0,40.5,0.0,0.0,0.0,0.0,0.0,0.0,0.0,0.0,0.0,0.0,0.0,0.0
0.0,0.0,0.0,0.0,0.0,0.0,0.0,0.0,0.0,0.0,0.0,0.0,0.0,0.0,0.0,0.0,0.0,0.0,0.0,0.0,0.0,0.0,0.0,0.0,0.0,0.0,0.0,0.0,0.0,0.0,0.0,0.0,0.0,0.0,0.0,0.0,0.0,16.281979999999976,0.0,0.0,0.0,0.0,0.0,0.0,0.0,0.0,0.0,0.0,0.0,0.0,0.0,0.0,0.0,0.0,0.0,0.0,0.0,0.0,0.0,0.0,0.0,0.0,0.0,0.0,0.0,0.0,0.0,0.0,0.0,0.0,0.0,0.0,0.0,0.0,0.0,0.0,0.0,0.0,0.0,0.0,0.0,0.0,0.0,0.0,0.0,16.28198000000009,0.0,0.0,0.0,0.0,0.0,0.0,0.0,0.0,0.0,0.0
-1.3647972675971686e-12,-1.1374235921539365e-12,0.0,-1.0237367544323205e-12,-1.0237367544323205e-12,-7.963630789890884e-13,94.50214000000005,115.86110000000008,128.30000000000018,128.30000000000018,128.30000000000018,99.72654999999986,128.30000000000018,128.30000000000018,128.30000000000018,100.29332000000022,0.0,-3.416157281026243e-13,0.0,0.0,-1.1424205265939223e-13,4.547473508864641e-13,0.0,-1.0237367544323205e-12,-1.3647972675971686e-12,-1.1374235921539365e-12,0.0,-1.0237367544323205e-12,-1.0237367544323205e-12,-7.963630789890884e-13,94.50214000000005,115.86110000000008,128.30000000000018,128.30000000000018,128.30000000000018,99.72654999999986,128.30000000000018,128.30000000000018,128.30000000000018,100.29332000000022,0.0,-3.416157281026243e-13,0.0,0.0,-1.1424205265939223e-13,4.547473508864641e-13,0.0,-1.0237367544323205e-12,-1.3647972675971686e-12,-1.1374235921539365e-12,0.0,-1.0237367544323205e-12,-1.0237367544323205e-12,-7.963630789890884e-13,94.50214000000005,115.86110000000008,128.30000000000018,128.30000000000018,128.30000000000018,99.72654999999986,128.30000000000018,128.30000000000018,128.30000000000018,100.29332000000022,0.0,-3.416157281026243e-13,0.0,0.0,-1.1424205265939223e-13,4.547473508864641e-13,0.0,-1.0237367544323205e-12,-1.3647972675971686e-12,-1.1374235921539365e-12,0.0,-1.0237367544323205e-12,-1.0237367544323205e-12,-7.963630789890884e-13,94.50214000000005,115.86110000000008,128.30000000000018,128.30000000000018,128.30000000000018,99.72654999999986,128.30000000000018,128.30000000000018,128.30000000000018,100.29332000000022,0.0,-3.416157281026243e-13,0.0,0.0,-1.1424205265939223e-13,4.547473508864641e-13,0.0,-1.0237367544323205e-12
