0.0,0.0,0.0,0.0,0.0,0.557161683,12.06489258,37.16419313,67.69356801,82.71114727,102.1137286,108.3054524,98.81073271,93.81564535,74.94702941,45.0144526,20.22886516,3.320674621,0.0,0.0,0.0,0.0,0.0,0.0,0.0,0.0,0.0,0.0,0.0,0.557161683,12.06489258,37.16419313,67.69356801,82.71114727,102.1137286,108.3054524,98.81073271,93.81564535,74.94702941,45.0144526,20.22886516,3.320674621,0.0,0.0,0.0,0.0,0.0,0.0,0.0,0.0,0.0,0.0,0.0,0.557161683,12.06489258,37.16419313,67.69356801,82.71114727,102.1137286,108.3054524,98.81073271,93.81564535,74.94702941,45.0144526,20.22886516,3.320674621,0.0,0.0,0.0,0.0,0.0,0.0,0.0,0.0,0.0,0.0,0.0,0.557161683,12.06489258,37.16419313,67.69356801,82.71114727,102.1137286,108.3054524,98.81073271,93.81564535,74.94702941,45.0144526,20.22886516,3.320674621,0.0,0.0,0.0,0.0,0.0,0.0
0.0,0.0,0.0,0.0,0.0,0.02194214,0.475139569,1.463600158,2.665907921,3.257330189,4.021442597,4.265285048,3.891364021,3.694647504,2.951563719,1.772759057,0.796653116,0.130774799,0.0,0.0,0.0,0.0,0.0,0.0,0.0,0.0,0.0,0.0,0.0,0.02194214,0.475139569,1.463600158,2.665907921,3.257330189,4.021442597,4.265285048,3.891364021,3.694647504,2.951563719,1.772759057,0.796653116,0.130774799,0.0,0.0,0.0,0.0,0.0,0.0,0.0,0.0,0.0,0.0,0.0,0.02194214,0.475139569,1.463600158,2.665907921,3.257330189,4.021442597,4.265285048,3.891364021,3.694647504,2.951563719,1.772759057,0.796653116,0.130774799,0.0,0.0,0.0,0.0,0.0,0.0,0.0,0.0,0.0,0.0,0.0,0.02194214,0.475139569,1.463600158,2.665907921,3.257330189,4.021442597,4.265285048,3.891364021,3.694647504,2.951563719,1.772759057,0.796653116,0.130774799,0.0,0.0,0.0,0.0,0.0,0.0
0.0,0.0,0.0,0.0,0.0,0.047442841,1.027336941,3.164565969,5.76417093,7.042931916,8.695079949,9.222311051,8.413826745,7.988490363,6.381809984,3.833022941,1.722506878,0.282758565,0.0,0.0,0.0,0.0,0.0,0.0,0.0,0.0,0.0,0.0,0.0,0.047442841,1.027336941,3.164565969,5.76417093,7.042931916,8.695079949,9.222311051,8.413826745,7.988490363,6.381809984,3.833022941,1.722506878,0.282758565,0.0,0.0,0.0,0.0,0.0,0.0,0.0,0.0,0.0,0.0,0.0,0.047442841,1.027336941,3.164565969,5.76417093,7.042931916,8.695079949,9.222311051,8.413826745,7.988490363,6.381809984,3.833022941,1.722506878,0.282758565,0.0,0.0,0.0,0.0,0.0,0.0,0.0,0.0,0.0,0.0,0.0,0.047442841,1.027336941,3.164565969,5.76417093,7.042931916,8.695079949,9.222311051,8.413826745,7.988490363,6.381809984,3.833022941,1.722506878,0.282758565,0.0,0.0,0.0,0.0,0.0,0.0
0.0,0.0,0.0,0.0,0.0,1.846017725,39.97404389,123.1343816,224.2859305,274.0429729,338.3286375,358.8433862,327.3849758,310.8349866,248.3184846,149.1442789,67.02335213,11.0022358,0.0,0.0,0.0,0.0,0.0,0.0,0.0,0.0,0.0,0.0,0.0,1.846017725,39.97404389,123.1343816,224.2859305,274.0429729,338.3286375,358.8433862,327.3849758,310.8349866,248.3184846,149.1442789,67.02335213,11.0022358,0.0,0.0,0.0,0.0,0.0,0.0,0.0,0.0,0.0,0.0,0.0,1.846017725,39.97404389,123.1343816,224.2859305,274.0429729,338.3286375,358.8433862,327.3849758,310.8349866,248.3184846,149.1442789,67.02335213,11.0022358,0.0,0.0,0.0,0.0,0.0,0.0,0.0,0.0,0.0,0.0,0.0,1.846017725,39.97404389,123.1343816,224.2859305,274.0429729,338.3286375,358.8433862,327.3849758,310.8349866,248.3184846,149.1442789,67.02335213,11.0022358,0.0,0.0,0.0,0.0,0.0,0.0
0.0,0.0,0.0,0.0,0.0,0.228635116,4.95091139,15.25058145,27.77851975,33.94108636,41.90306863,44.44388495,40.54766162,38.49789328,30.75502736,18.47198925,8.301053511,1.362661598,0.0,0.0,0.0,0.0,0.0,0.0,0.0,0.0,0.0,0.0,0.0,0.228635116,4.95091139,15.25058145,27.77851975,33.94108636,41.90306863,44.44388495,40.54766162,38.49789328,30.75502736,18.47198925,8.301053511,1.362661598,0.0,0.0,0.0,0.0,0.0,0.0,0.0,0.0,0.0,0.0,0.0,0.228635116,4.95091139,15.25058145,27.77851975,33.94108636,41.90306863,44.44388495,40.54766162,38.49789328,30.75502736,18.47198925,8.301053511,1.362661598,0.0,0.0,0.0,0.0,0.0,0.0,0.0,0.0,0.0,0.0,0.0,0.228635116,4.95091139,15.25058145,27.77851975,33.94108636,41.90306863,44.44388495,40.54766162,38.49789328,30.75502736,18.47198925,8.301053511,1.362661598,0.0,0.0,0.0,0.0,0.0,0.0
0.0,0.0,0.0,0.0,0.0,0.390260156,8.450772925,26.03140931,47.41550476,57.93446722,71.52487491,75.86182625,69.21131365,65.71253828,52.49614305,31.5300708,14.16917265,2.325944221,0.0,0.0,0.0,0.0,0.0,0.0,0.0,0.0,0.0,0.0,0.0,0.390260156,8.450772925,26.03140931,47.41550476,57.93446722,71.52487491,75.86182625,69.21131365,65.71253828,52.49614305,31.5300708,14.16917265,2.325944221,0.0,0.0,0.0,0.0,0.0,0.0,0.0,0.0,0.0,0.0,0.0,0.390260156,8.450772925,26.03140931,47.41550476,57.93446722,71.52487491,75.86182625,69.21131365,65.71253828,52.49614305,31.5300708,14.16917265,2.325944221,0.0,0.0,0.0,0.0,0.0,0.0,0.0,0.0,0.0,0.0,0.0,0.390260156,8.450772925,26.03140931,47.41550476,57.93446722,71.52487491,75.86182625,69.21131365,65.71253828,52.49614305,31.5300708,14.16917265,2.325944221,0.0,0.0,0.0,0.0,0.0,0.0
0.0,0.0,0.0,0.0,0.0,0.775807612,16.79949608,51.74846875,94.25842979,115.1693299,142.1860304,150.8075609,137.5868459,130.6315456,104.3583536,62.67939103,28.16724133,4.623800825,0.0,0.0,0.0,0.0,0.0,0.0,0.0,0.0,0.0,0.0,0.0,0.775807612,16.79949608,51.74846875,94.25842979,115.1693299,142.1860304,150.8075609,137.5868459,130.6315456,104.3583536,62.67939103,28.16724133,4.623800825,0.0,0.0,0.0,0.0,0.0,0.0,0.0,0.0,0.0,0.0,0.0,0.775807612,16.79949608,51.74846875,94.25842979,115.1693299,142.1860304,150.8075609,137.5868459,130.6315456,104.3583536,62.67939103,28.16724133,4.623800825,0.0,0.0,0.0,0.0,0.0,0.0,0.0,0.0,0.0,0.0,0.0,0.775807612,16.79949608,51.74846875,94.25842979,115.1693299,142.1860304,150.8075609,137.5868459,130.6315456,104.3583536,62.67939103,28.16724133,4.623800825,0.0,0.0,0.0,0.0,0.0,0.0
0.0,0.0,0.0,0.0,0.0,1.080732726,23.40240662,72.08779963,131.3059684,160.4357342,198.0711375,210.0812932,191.6642796,181.9752529,145.3755883,87.31503543,39.23815522,6.441149574,0.0,0.0,0.0,0.0,0.0,0.0,0.0,0.0,0.0,0.0,0.0,1.080732726,23.40240662,72.08779963,131.3059684,160.4357342,198.0711375,210.0812932,191.6642796,181.9752529,145.3755883,87.31503543,39.23815522,6.441149574,0.0,0.0,0.0,0.0,0.0,0.0,0.0,0.0,0.0,0.0,0.0,1.080732726,23.40240662,72.08779963,131.3059684,160.4357342,198.0711375,210.0812932,191.6642796,181.9752529,145.3755883,87.31503543,39.23815522,6.441149574,0.0,0.0,0.0,0.0,0.0,0.0,0.0,0.0,0.0,0.0,0.0,1.080732726,23.40240662,72.08779963,131.3059684,160.4357342,198.0711375,210.0812932,191.6642796,181.9752529,145.3755883,87.31503543,39.23815522,6.441149574,0.0,0.0,0.0,0.0,0.0,0.0
0.0,0.0,0.0,0.0,0.0,0.0,0.0,0.0,0.0,0.0,0.0,0.0,0.0,0.0,0.0,0.0,0.0,0.0,0.0,0.0,0.0,0.0,0.0,0.0,0.0,0.0,0.0,0.0,0.0,0.0,0.0,0.0,0.0,0.0,0.0,0.0,0.0,0.0,0.0,0.0,0.0,0.0,0.0,0.0,0.0,0.0,0.0,0.0,0.0,0.0,0.0,0.0,0.0,0.0,0.0,0.0,0.0,0.0,0.0,0.0,0.0,0.0,0.0,0.0,0.0,0.0,0.0,0.0,0.0,0.0,0.0,0.0,0.0,0.0,0.0,0.0,0.0,0.0,0.0,0.0,0.0,0.0,0.0,0.0,0.0,0.0,0.0,0.0,0.0,0.0,0.0,0.0,0.0,0.0,0.0,0.0
0.0,0.0,0.0,0.0,0.0,0.0,0.0,0.0,0.0,0.0,0.0,0.0,0.0,0.0,0.0,0.0,0.0,0.0,0.0,0.0,0.0,0.0,0.0,0.0,0.0,0.0,0.0,0.0,0.0,0.0,0.0,0.0,0.0,0.0,0.0,0.0,0.0,0.0,0.0,0.0,0.0,0.0,0.0,0.0,0.0,0.0,0.0,0.0,0.0,0.0,0.0,0.0,0.0,0.0,0.0,0.0,0.0,0.0,0.0,0.0,0.0,0.0,0.0,0.0,0.0,0.0,0.0,0.0,0.0,0.0,0.0,0.0,0.0,0.0,0.0,0.0,0.0,0.0,0.0,0.0,0.0,0.0,0.0,0.0,0.0,0.0,0.0,0.0,0.0,0.0,0.0,0.0,0.0,0.0,0.0,0.0
0.0,0.0,0.0,0.0,0.0,0.0,0.0,0.0,0.0,0.0,0.0,0.0,0.0,0.0,0.0,0.0,0.0,0.0,0.0,0.0,0.0,0.0,0.0,0.0,0.0,0.0,0.0,0.0,0.0,0.0,0.0,0.0,0.0,0.0,0.0,0.0,0.0,0.0,0.0,0.0,0.0,0.0,0.0,0.0,0.0,0.0,0.0,0.0,0.0,0.0,0.0,0.0,0.0,0.0,0.0,0.0,0.0,0.0,0.0,0.0,0.0,0.0,0.0,0.0,0.0,0.0,0.0,0.0,0.0,0.0,0.0,0.0,0.0,0.0,0.0,0.0,0.0,0.0,0.0,0.0,0.0,0.0,0.0,0.0,0.0,0.0,0.0,0.0,0.0,0.0,0.0,0.0,0.0,0.0,0.0,0.0
0.0,0.0,0.0,0.0,0.0,0.0,0.0,0.0,0.0,0.0,0.0,0.0,0.0,0.0,0.0,0.0,0.0,0.0,0.0,0.0,0.0,0.0,0.0,0.0,0.0,0.0,0.0,0.0,0.0,0.0,0.0,0.0,0.0,0.0,0.0,0.0,0.0,0.0,0.0,0.0,0.0,0.0,0.0,0.0,0.0,0.0,0.0,0.0,0.0,0.0,0.0,0.0,0.0,0.0,0.0,0.0,0.0,0.0,0.0,0.0,0.0,0.0,0.0,0.0,0.0,0.0,0.0,0.0,0.0,0.0,0.0,0.0,0.0,0.0,0.0,0.0,0.0,0.0,0.0,0.0,0.0,0.0,0.0,0.0,0.0,0.0,0.0,0.0,0.0,0.0,0.0,0.0,0.0,0.0,0.0,0.0
0.0,0.0,0.0,0.0,0.0,0.0,0.0,0.0,0.0,0.0,0.0,0.0,0.0,0.0,0.0,0.0,0.0,0.0,0.0,0.0,0.0,0.0,0.0,0.0,0.0,0.0,0.0,0.0,0.0,0.0,0.0,0.0,0.0,0.0,0.0,0.0,0.0,0.0,0.0,0.0,0.0,0.0,0.0,0.0,0.0,0.0,0.0,0.0,0.0,0.0,0.0,0.0,0.0,0.0,0.0,0.0,0.0,0.0,0.0,0.0,0.0,0.0,0.0,0.0,0.0,0.0,0.0,0.0,0.0,0.0,0.0,0.0,0.0,0.0,0.0,0.0,0.0,0.0,0.0,0.0,0.0,0.0,0.0,0.0,0.0,0.0,0.0,0.0,0.0,0.0,0.0,0.0,0.0,0.0,0.0,0.0
0.0,0.0,0.0,0.0,0.0,0.0,0.0,0.0,0.0,0.0,0.0,0.0,0.0,0.0,0.0,0.0,0.0,0.0,0.0,0.0,0.0,0.0,0.0,0.0,0.0,0.0,0.0,0.0,0.0,0.0,0.0,0.0,0.0,0.0,0.0,0.0,0.0,0.0,0.0,0.0,0.0,0.0,0.0,0.0,0.0,0.0,0.0,0.0,0.0,0.0,0.0,0.0,0.0,0.0,0.0,0.0,0.0,0.0,0.0,0.0,0.0,0.0,0.0,0.0,0.0,0.0,0.0,0.0,0.0,0.0,0.0,0.0,0.0,0.0,0.0,0.0,0.0,0.0,0.0,0.0,0.0,0.0,0.0,0.0,0.0,0.0,0.0,0.0,0.0,0.0,0.0,0.0,0.0,0.0,0.0,0.0
0.0,0.0,0.0,0.0,0.0,0.0,0.0,0.0,0.0,0.0,0.0,0.0,0.0,0.0,0.0,0.0,0.0,0.0,0.0,0.0,0.0,0.0,0.0,0.0,0.0,0.0,0.0,0.0,0.0,0.0,0.0,0.0,0.0,0.0,0.0,0.0,0.0,0.0,0.0,0.0,0.0,0.0,0.0,0.0,0.0,0.0,0.0,0.0,0.0,0.0,0.0,0.0,0.0,0.0,0.0,0.0,0.0,0.0,0.0,0.0,0.0,0.0,0.0,0.0,0.0,0.0,0.0,0.0,0.0,0.0,0.0,0.0,0.0,0.0,0.0,0.0,0.0,0.0,0.0,0.0,0.0,0.0,0.0,0.0,0.0,0.0,0.0,0.0,0.0,0.0,0.0,0.0,0.0,0.0,0.0,0.0
0.0,0.0,0.0,0.0,0.976158979,14.59452824,45.64064018,94.17451243,135.2325315,166.0639088,175.4043618,180.090015,179.0002392,159.8751127,119.9028156,97.63616652,76.36031483,34.31577722,8.244258813,1.037865649,0.0,0.0,0.0,0.0,0.0,0.0,0.0,0.0,0.976158979,14.59452824,45.64064018,94.17451243,135.2325315,166.0639088,175.4043618,180.090015,179.0002392,159.8751127,119.9028156,97.63616652,76.36031483,34.31577722,8.244258813,1.037865649,0.0,0.0,0.0,0.0,0.0,0.0,0.0,0.0,0.976158979,14.59452824,45.64064018,94.17451243,135.2325315,166.0639088,175.4043618,180.090015,179.0002392,159.8751127,119.9028156,97.63616652,76.36031483,34.31577722,8.244258813,1.037865649,0.0,0.0,0.0,0.0,0.0,0.0,0.0,0.0,0.976158979,14.59452824,45.64064018,94.17451243,135.2325315,166.0639088,175.4043618,180.090015,179.0002392,159.8751127,119.9028156,97.63616652,76.36031483,34.31577722,8.244258813,1.037865649,0.0,0.0,0.0,0.0
0.0,0.0,0.0,0.0,0.03844309,0.574761673,1.797419574,3.708780406,5.32572721,6.539928429,6.907774126,7.092304507,7.049386959,6.296201275,4.722012377,3.845107259,3.007221722,1.35142385,0.324675379,0.040873222,0.0,0.0,0.0,0.0,0.0,0.0,0.0,0.0,0.03844309,0.574761673,1.797419574,3.708780406,5.32572721,6.539928429,6.907774126,7.092304507,7.049386959,6.296201275,4.722012377,3.845107259,3.007221722,1.35142385,0.324675379,0.040873222,0.0,0.0,0.0,0.0,0.0,0.0,0.0,0.0,0.03844309,0.574761673,1.797419574,3.708780406,5.32572721,6.539928429,6.907774126,7.092304507,7.049386959,6.296201275,4.722012377,3.845107259,3.007221722,1.35142385,0.324675379,0.040873222,0.0,0.0,0.0,0.0,0.0,0.0,0.0,0.0,0.03844309,0.574761673,1.797419574,3.708780406,5.32572721,6.539928429,6.907774126,7.092304507,7.049386959,6.296201275,4.722012377,3.845107259,3.007221722,1.35142385,0.324675379,0.040873222,0.0,0.0,0.0,0.0
0.0,0.0,0.0,0.0,0.083120854,1.242737794,3.886343401,8.019048231,11.51517714,14.14049789,14.93584624,15.33483401,15.24203858,13.61351608,10.20983743,8.31381133,6.502152566,2.922020678,0.702006385,0.088375235,0.0,0.0,0.0,0.0,0.0,0.0,0.0,0.0,0.083120854,1.242737794,3.886343401,8.019048231,11.51517714,14.14049789,14.93584624,15.33483401,15.24203858,13.61351608,10.20983743,8.31381133,6.502152566,2.922020678,0.702006385,0.088375235,0.0,0.0,0.0,0.0,0.0,0.0,0.0,0.0,0.083120854,1.242737794,3.886343401,8.019048231,11.51517714,14.14049789,14.93584624,15.33483401,15.24203858,13.61351608,10.20983743,8.31381133,6.502152566,2.922020678,0.702006385,0.088375235,0.0,0.0,0.0,0.0,0.0,0.0,0.0,0.0,0.083120854,1.242737794,3.886343401,8.019048231,11.51517714,14.14049789,14.93584624,15.33483401,15.24203858,13.61351608,10.20983743,8.31381133,6.502152566,2.922020678,0.702006385,0.088375235,0.0,0.0,0.0,0.0
0.0,0.0,0.0,0.0,3.234261856,48.3553673,151.2189969,312.0240041,448.0596171,550.2117762,581.1590621,596.6838175,593.0731142,529.7067277,397.2683869,323.4933406,253.001057,113.6968585,27.31531685,3.438711676,0.0,0.0,0.0,0.0,0.0,0.0,0.0,0.0,3.234261856,48.3553673,151.2189969,312.0240041,448.0596171,550.2117762,581.1590621,596.6838175,593.0731142,529.7067277,397.2683869,323.4933406,253.001057,113.6968585,27.31531685,3.438711676,0.0,0.0,0.0,0.0,0.0,0.0,0.0,0.0,3.234261856,48.3553673,151.2189969,312.0240041,448.0596171,550.2117762,581.1590621,596.6838175,593.0731142,529.7067277,397.2683869,323.4933406,253.001057,113.6968585,27.31531685,3.438711676,0.0,0.0,0.0,0.0,0.0,0.0,0.0,0.0,3.234261856,48.3553673,151.2189969,312.0240041,448.0596171,550.2117762,581.1590621,596.6838175,593.0731142,529.7067277,397.2683869,323.4933406,253.001057,113.6968585,27.31531685,3.438711676,0.0,0.0,0.0,0.0
0.0,0.0,0.0,0.0,0.40057353,5.988964723,18.72894961,38.64515684,55.49359648,68.14546351,71.97838245,73.90117236,73.45397538,65.60584859,49.20294246,40.06567033,31.33497872,14.08171445,3.383088127,0.425895285,0.0,0.0,0.0,0.0,0.0,0.0,0.0,0.0,0.40057353,5.988964723,18.72894961,38.64515684,55.49359648,68.14546351,71.97838245,73.90117236,73.45397538,65.60584859,49.20294246,40.06567033,31.33497872,14.08171445,3.383088127,0.425895285,0.0,0.0,0.0,0.0,0.0,0.0,0.0,0.0,0.40057353,5.988964723,18.72894961,38.64515684,55.49359648,68.14546351,71.97838245,73.90117236,73.45397538,65.60584859,49.20294246,40.06567033,31.33497872,14.08171445,3.383088127,0.425895285,0.0,0.0,0.0,0.0,0.0,0.0,0.0,0.0,0.40057353,5.988964723,18.72894961,38.64515684,55.49359648,68.14546351,71.97838245,73.90117236,73.45397538,65.60584859,49.20294246,40.06567033,31.33497872,14.08171445,3.383088127,0.425895285,0.0,0.0,0.0,0.0
0.0,0.0,0.0,0.0,0.683743996,10.22263922,31.96867967,65.96390431,94.72271786,116.3183488,122.8608064,126.1428407,125.3795145,111.9834482,83.98512137,68.38859665,53.48606932,24.03625553,5.774635678,0.726966019,0.0,0.0,0.0,0.0,0.0,0.0,0.0,0.0,0.683743996,10.22263922,31.96867967,65.96390431,94.72271786,116.3183488,122.8608064,126.1428407,125.3795145,111.9834482,83.98512137,68.38859665,53.48606932,24.03625553,5.774635678,0.726966019,0.0,0.0,0.0,0.0,0.0,0.0,0.0,0.0,0.683743996,10.22263922,31.96867967,65.96390431,94.72271786,116.3183488,122.8608064,126.1428407,125.3795145,111.9834482,83.98512137,68.38859665,53.48606932,24.03625553,5.774635678,0.726966019,0.0,0.0,0.0,0.0,0.0,0.0,0.0,0.0,0.683743996,10.22263922,31.96867967,65.96390431,94.72271786,116.3183488,122.8608064,126.1428407,125.3795145,111.9834482,83.98512137,68.38859665,53.48606932,24.03625553,5.774635678,0.726966019,0.0,0.0,0.0,0.0
0.0,0.0,0.0,0.0,1.359231243,20.32183197,63.55131224,131.1312423,188.3015839,231.2320616,244.2379713,250.7624067,249.2449722,222.6146076,166.9560559,135.9513469,106.326252,47.78225424,11.47953806,1.445153347,0.0,0.0,0.0,0.0,0.0,0.0,0.0,0.0,1.359231243,20.32183197,63.55131224,131.1312423,188.3015839,231.2320616,244.2379713,250.7624067,249.2449722,222.6146076,166.9560559,135.9513469,106.326252,47.78225424,11.47953806,1.445153347,0.0,0.0,0.0,0.0,0.0,0.0,0.0,0.0,1.359231243,20.32183197,63.55131224,131.1312423,188.3015839,231.2320616,244.2379713,250.7624067,249.2449722,222.6146076,166.9560559,135.9513469,106.326252,47.78225424,11.47953806,1.445153347,0.0,0.0,0.0,0.0,0.0,0.0,0.0,0.0,1.359231243,20.32183197,63.55131224,131.1312423,188.3015839,231.2320616,244.2379713,250.7624067,249.2449722,222.6146076,166.9560559,135.9513469,106.326252,47.78225424,11.47953806,1.445153347,0.0,0.0,0.0,0.0
0.0,0.0,0.0,0.0,1.893466452,28.30916909,88.52965845,182.6713514,262.3120487,322.1160148,340.2337956,349.3226093,347.208759,310.1115379,232.5768279,189.3859604,148.1169538,66.56269554,15.99148071,2.013159567,0.0,0.0,0.0,0.0,0.0,0.0,0.0,0.0,1.893466452,28.30916909,88.52965845,182.6713514,262.3120487,322.1160148,340.2337956,349.3226093,347.208759,310.1115379,232.5768279,189.3859604,148.1169538,66.56269554,15.99148071,2.013159567,0.0,0.0,0.0,0.0,0.0,0.0,0.0,0.0,1.893466452,28.30916909,88.52965845,182.6713514,262.3120487,322.1160148,340.2337956,349.3226093,347.208759,310.1115379,232.5768279,189.3859604,148.1169538,66.56269554,15.99148071,2.013159567,0.0,0.0,0.0,0.0,0.0,0.0,0.0,0.0,1.893466452,28.30916909,88.52965845,182.6713514,262.3120487,322.1160148,340.2337956,349.3226093,347.208759,310.1115379,232.5768279,189.3859604,148.1169538,66.56269554,15.99148071,2.013159567,0.0,0.0,0.0,0.0
0.0,0.0,0.0,0.0,0.0,0.0,0.0,0.0,0.0,0.0,0.0,0.0,0.0,0.0,0.0,0.0,0.0,0.0,0.0,0.0,0.0,0.0,0.0,0.0,0.0,0.0,0.0,0.0,0.0,0.0,0.0,0.0,0.0,0.0,0.0,0.0,0.0,0.0,0.0,0.0,0.0,0.0,0.0,0.0,0.0,0.0,0.0,0.0,0.0,0.0,0.0,0.0,0.0,0.0,0.0,0.0,0.0,0.0,0.0,0.0,0.0,0.0,0.0,0.0,0.0,0.0,0.0,0.0,0.0,0.0,0.0,0.0,0.0,0.0,0.0,0.0,0.0,0.0,0.0,0.0,0.0,0.0,0.0,0.0,0.0,0.0,0.0,0.0,0.0,0.0,0.0,0.0,0.0,0.0,0.0,0.0
0.0,0.0,0.0,0.0,0.0,0.0,0.0,0.0,0.0,0.0,0.0,0.0,0.0,0.0,0.0,0.0,0.0,0.0,0.0,0.0,0.0,0.0,0.0,0.0,0.0,0.0,0.0,0.0,0.0,0.0,0.0,0.0,0.0,0.0,0.0,0.0,0.0,0.0,0.0,0.0,0.0,0.0,0.0,0.0,0.0,0.0,0.0,0.0,0.0,0.0,0.0,0.0,0.0,0.0,0.0,0.0,0.0,0.0,0.0,0.0,0.0,0.0,0.0,0.0,0.0,0.0,0.0,0.0,0.0,0.0,0.0,0.0,0.0,0.0,0.0,0.0,0.0,0.0,0.0,0.0,0.0,0.0,0.0,0.0,0.0,0.0,0.0,0.0,0.0,0.0,0.0,0.0,0.0,0.0,0.0,0.0
0.0,0.0,0.0,0.0,0.0,0.0,0.0,0.0,0.0,0.0,0.0,0.0,0.0,0.0,0.0,0.0,0.0,0.0,0.0,0.0,0.0,0.0,0.0,0.0,0.0,0.0,0.0,0.0,0.0,0.0,0.0,0.0,0.0,0.0,0.0,0.0,0.0,0.0,0.0,0.0,0.0,0.0,0.0,0.0,0.0,0.0,0.0,0.0,0.0,0.0,0.0,0.0,0.0,0.0,0.0,0.0,0.0,0.0,0.0,0.0,0.0,0.0,0.0,0.0,0.0,0.0,0.0,0.0,0.0,0.0,0.0,0.0,0.0,0.0,0.0,0.0,0.0,0.0,0.0,0.0,0.0,0.0,0.0,0.0,0.0,0.0,0.0,0.0,0.0,0.0,0.0,0.0,0.0,0.0,0.0,0.0
0.0,0.0,0.0,0.0,0.0,0.0,0.0,0.0,0.0,0.0,0.0,0.0,0.0,0.0,0.0,0.0,0.0,0.0,0.0,0.0,0.0,0.0,0.0,0.0,0.0,0.0,0.0,0.0,0.0,0.0,0.0,0.0,0.0,0.0,0.0,0.0,0.0,0.0,0.0,0.0,0.0,0.0,0.0,0.0,0.0,0.0,0.0,0.0,0.0,0.0,0.0,0.0,0.0,0.0,0.0,0.0,0.0,0.0,0.0,0.0,0.0,0.0,0.0,0.0,0.0,0.0,0.0,0.0,0.0,0.0,0.0,0.0,0.0,0.0,0.0,0.0,0.0,0.0,0.0,0.0,0.0,0.0,0.0,0.0,0.0,0.0,0.0,0.0,0.0,0.0,0.0,0.0,0.0,0.0,0.0,0.0
0.0,0.0,0.0,0.0,0.0,0.0,0.0,0.0,0.0,0.0,0.0,0.0,0.0,0.0,0.0,0.0,0.0,0.0,0.0,0.0,0.0,0.0,0.0,0.0,0.0,0.0,0.0,0.0,0.0,0.0,0.0,0.0,0.0,0.0,0.0,0.0,0.0,0.0,0.0,0.0,0.0,0.0,0.0,0.0,0.0,0.0,0.0,0.0,0.0,0.0,0.0,0.0,0.0,0.0,0.0,0.0,0.0,0.0,0.0,0.0,0.0,0.0,0.0,0.0,0.0,0.0,0.0,0.0,0.0,0.0,0.0,0.0,0.0,0.0,0.0,0.0,0.0,0.0,0.0,0.0,0.0,0.0,0.0,0.0,0.0,0.0,0.0,0.0,0.0,0.0,0.0,0.0,0.0,0.0,0.0,0.0
0.0,0.0,0.0,0.0,0.0,0.0,0.0,0.0,0.0,0.0,0.0,0.0,0.0,0.0,0.0,0.0,0.0,0.0,0.0,0.0,0.0,0.0,0.0,0.0,0.0,0.0,0.0,0.0,0.0,0.0,0.0,0.0,0.0,0.0,0.0,0.0,0.0,0.0,0.0,0.0,0.0,0.0,0.0,0.0,0.0,0.0,0.0,0.0,0.0,0.0,0.0,0.0,0.0,0.0,0.0,0.0,0.0,0.0,0.0,0.0,0.0,0.0,0.0,0.0,0.0,0.0,0.0,0.0,0.0,0.0,0.0,0.0,0.0,0.0,0.0,0.0,0.0,0.0,0.0,0.0,0.0,0.0,0.0,0.0,0.0,0.0,0.0,0.0,0.0,0.0,0.0,0.0,0.0,0.0,0.0,0.0
0.0,0.0,0.0,0.0,0.0,0.0,0.0,0.0,0.0,0.0,0.0,0.0,0.0,0.0,0.0,0.0,0.0,0.0,0.0,0.0,0.0,0.0,0.0,0.0,0.0,0.0,0.0,0.0,0.0,0.0,0.0,0.0,0.0,0.0,0.0,0.0,0.0,0.0,0.0,0.0,0.0,0.0,0.0,0.0,0.0,0.0,0.0,0.0,0.0,0.0,0.0,0.0,0.0,0.0,0.0,0.0,0.0,0.0,0.0,0.0,0.0,0.0,0.0,0.0,0.0,0.0,0.0,0.0,0.0,0.0,0.0,0.0,0.0,0.0,0.0,0.0,0.0,0.0,0.0,0.0,0.0,0.0,0.0,0.0,0.0,0.0,0.0,0.0,0.0,0.0,0.0,0.0,0.0,0.0,0.0,0.0
0.0,0.0,0.0,0.205163417,3.365265572,20.57489545,65.69147935,125.1495716,169.5789369,197.3803815,215.8263969,216.9915044,209.2095952,203.4509441,182.0370406,137.0613236,84.58959739,35.20601979,10.07586591,1.075812999,0.0,0.0,0.0,0.0,0.0,0.0,0.0,0.205163417,3.365265572,20.57489545,65.69147935,125.1495716,169.5789369,197.3803815,215.8263969,216.9915044,209.2095952,203.4509441,182.0370406,137.0613236,84.58959739,35.20601979,10.07586591,1.075812999,0.0,0.0,0.0,0.0,0.0,0.0,0.0,0.205163417,3.365265572,20.57489545,65.69147935,125.1495716,169.5789369,197.3803815,215.8263969,216.9915044,209.2095952,203.4509441,182.0370406,137.0613236,84.58959739,35.20601979,10.07586591,1.075812999,0.0,0.0,0.0,0.0,0.0,0.0,0.0,0.205163417,3.365265572,20.57489545,65.69147935,125.1495716,169.5789369,197.3803815,215.8263969,216.9915044,209.2095952,203.4509441,182.0370406,137.0613236,84.58959739,35.20601979,10.07586591,1.075812999,0.0,0.0,0.0,0.0
0.0,0.0,0.0,0.008079745,0.13253088,0.81028048,2.587061671,4.928640108,6.678357257,7.773233677,8.499674606,8.545558867,8.239091738,8.012304556,7.168982264,5.397748692,3.331307307,1.386483381,0.396807725,0.042367665,0.0,0.0,0.0,0.0,0.0,0.0,0.0,0.008079745,0.13253088,0.81028048,2.587061671,4.928640108,6.678357257,7.773233677,8.499674606,8.545558867,8.239091738,8.012304556,7.168982264,5.397748692,3.331307307,1.386483381,0.396807725,0.042367665,0.0,0.0,0.0,0.0,0.0,0.0,0.0,0.008079745,0.13253088,0.81028048,2.587061671,4.928640108,6.678357257,7.773233677,8.499674606,8.545558867,8.239091738,8.012304556,7.168982264,5.397748692,3.331307307,1.386483381,0.396807725,0.042367665,0.0,0.0,0.0,0.0,0.0,0.0,0.0,0.008079745,0.13253088,0.81028048,2.587061671,4.928640108,6.678357257,7.773233677,8.499674606,8.545558867,8.239091738,8.012304556,7.168982264,5.397748692,3.331307307,1.386483381,0.396807725,0.042367665,0.0,0.0,0.0,0.0
0.0,0.0,0.0,0.017469858,0.286555526,1.751971682,5.593691199,10.65660363,14.43980583,16.80712497,18.37782051,18.47703051,17.81439363,17.32403908,15.50062507,11.6709005,7.202883709,2.997825669,0.857969451,0.091606488,0.0,0.0,0.0,0.0,0.0,0.0,0.0,0.017469858,0.286555526,1.751971682,5.593691199,10.65660363,14.43980583,16.80712497,18.37782051,18.47703051,17.81439363,17.32403908,15.50062507,11.6709005,7.202883709,2.997825669,0.857969451,0.091606488,0.0,0.0,0.0,0.0,0.0,0.0,0.0,0.017469858,0.286555526,1.751971682,5.593691199,10.65660363,14.43980583,16.80712497,18.37782051,18.47703051,17.81439363,17.32403908,15.50062507,11.6709005,7.202883709,2.997825669,0.857969451,0.091606488,0.0,0.0,0.0,0.0,0.0,0.0,0.0,0.017469858,0.286555526,1.751971682,5.593691199,10.65660363,14.43980583,16.80712497,18.37782051,18.47703051,17.81439363,17.32403908,15.50062507,11.6709005,7.202883709,2.997825669,0.857969451,0.091606488,0.0,0.0,0.0,0.0
0.0,0.0,0.0,0.679758346,11.14997691,68.16983807,217.6525038,414.6522179,561.8579544,653.9711796,715.0874988,718.947795,693.1643595,674.0844903,603.1348062,454.1188681,280.2667538,116.6464575,33.38389492,3.564440855,0.0,0.0,0.0,0.0,0.0,0.0,0.0,0.679758346,11.14997691,68.16983807,217.6525038,414.6522179,561.8579544,653.9711796,715.0874988,718.947795,693.1643595,674.0844903,603.1348062,454.1188681,280.2667538,116.6464575,33.38389492,3.564440855,0.0,0.0,0.0,0.0,0.0,0.0,0.0,0.679758346,11.14997691,68.16983807,217.6525038,414.6522179,561.8579544,653.9711796,715.0874988,718.947795,693.1643595,674.0844903,603.1348062,454.1188681,280.2667538,116.6464575,33.38389492,3.564440855,0.0,0.0,0.0,0.0,0.0,0.0,0.0,0.679758346,11.14997691,68.16983807,217.6525038,414.6522179,561.8579544,653.9711796,715.0874988,718.947795,693.1643595,674.0844903,603.1348062,454.1188681,280.2667538,116.6464575,33.38389492,3.564440855,0.0,0.0,0.0,0.0
0.0,0.0,0.0,0.084190215,1.3809598,8.443049411,26.95694894,51.35598475,69.5878794,80.99639281,88.56584167,89.04395152,85.85059173,83.48748977,74.70014766,56.24405382,34.71192124,14.4470316,4.134700658,0.44146724,0.0,0.0,0.0,0.0,0.0,0.0,0.0,0.084190215,1.3809598,8.443049411,26.95694894,51.35598475,69.5878794,80.99639281,88.56584167,89.04395152,85.85059173,83.48748977,74.70014766,56.24405382,34.71192124,14.4470316,4.134700658,0.44146724,0.0,0.0,0.0,0.0,0.0,0.0,0.0,0.084190215,1.3809598,8.443049411,26.95694894,51.35598475,69.5878794,80.99639281,88.56584167,89.04395152,85.85059173,83.48748977,74.70014766,56.24405382,34.71192124,14.4470316,4.134700658,0.44146724,0.0,0.0,0.0,0.0,0.0,0.0,0.0,0.084190215,1.3809598,8.443049411,26.95694894,51.35598475,69.5878794,80.99639281,88.56584167,89.04395152,85.85059173,83.48748977,74.70014766,56.24405382,34.71192124,14.4470316,4.134700658,0.44146724,0.0,0.0,0.0,0.0
0.0,0.0,0.0,0.143705336,2.357177653,14.41154724,46.01315521,87.66017634,118.7804266,138.2537617,151.1741492,151.9902409,146.5394549,142.5058464,127.5066217,96.00368293,59.25021499,24.65981995,7.057572562,0.753545985,0.0,0.0,0.0,0.0,0.0,0.0,0.0,0.143705336,2.357177653,14.41154724,46.01315521,87.66017634,118.7804266,138.2537617,151.1741492,151.9902409,146.5394549,142.5058464,127.5066217,96.00368293,59.25021499,24.65981995,7.057572562,0.753545985,0.0,0.0,0.0,0.0,0.0,0.0,0.0,0.143705336,2.357177653,14.41154724,46.01315521,87.66017634,118.7804266,138.2537617,151.1741492,151.9902409,146.5394549,142.5058464,127.5066217,96.00368293,59.25021499,24.65981995,7.057572562,0.753545985,0.0,0.0,0.0,0.0,0.0,0.0,0.0,0.143705336,2.357177653,14.41154724,46.01315521,87.66017634,118.7804266,138.2537617,151.1741492,151.9902409,146.5394549,142.5058464,127.5066217,96.00368293,59.25021499,24.65981995,7.057572562,0.753545985,0.0,0.0,0.0,0.0
0.0,0.0,0.0,0.285675317,4.685890521,28.64906364,91.47066517,174.2617867,236.1264856,274.8379998,300.5227508,302.1450793,291.3093299,283.290822,253.4735,190.8480454,117.7849367,49.02185307,14.02991935,1.497992305,0.0,0.0,0.0,0.0,0.0,0.0,0.0,0.285675317,4.685890521,28.64906364,91.47066517,174.2617867,236.1264856,274.8379998,300.5227508,302.1450793,291.3093299,283.290822,253.4735,190.8480454,117.7849367,49.02185307,14.02991935,1.497992305,0.0,0.0,0.0,0.0,0.0,0.0,0.0,0.285675317,4.685890521,28.64906364,91.47066517,174.2617867,236.1264856,274.8379998,300.5227508,302.1450793,291.3093299,283.290822,253.4735,190.8480454,117.7849367,49.02185307,14.02991935,1.497992305,0.0,0.0,0.0,0.0,0.0,0.0,0.0,0.285675317,4.685890521,28.64906364,91.47066517,174.2617867,236.1264856,274.8379998,300.5227508,302.1450793,291.3093299,283.290822,253.4735,190.8480454,117.7849367,49.02185307,14.02991935,1.497992305,0.0,0.0,0.0,0.0
0.0,0.0,0.0,0.397957766,6.527643139,39.90935403,127.4224947,242.7540189,328.934154,382.860926,418.6408675,420.9008395,405.8061835,394.6360638,353.0992766,265.859377,164.0793849,68.28950899,19.54426942,2.086766464,0.0,0.0,0.0,0.0,0.0,0.0,0.0,0.397957766,6.527643139,39.90935403,127.4224947,242.7540189,328.934154,382.860926,418.6408675,420.9008395,405.8061835,394.6360638,353.0992766,265.859377,164.0793849,68.28950899,19.54426942,2.086766464,0.0,0.0,0.0,0.0,0.0,0.0,0.0,0.397957766,6.527643139,39.90935403,127.4224947,242.7540189,328.934154,382.860926,418.6408675,420.9008395,405.8061835,394.6360638,353.0992766,265.859377,164.0793849,68.28950899,19.54426942,2.086766464,0.0,0.0,0.0,0.0,0.0,0.0,0.0,0.397957766,6.527643139,39.90935403,127.4224947,242.7540189,328.934154,382.860926,418.6408675,420.9008395,405.8061835,394.6360638,353.0992766,265.859377,164.0793849,68.28950899,19.54426942,2.086766464,0.0,0.0,0.0,0.0
0.0,0.0,0.0,0.0,0.0,0.0,0.0,0.0,0.0,0.0,0.0,0.0,0.0,0.0,0.0,0.0,0.0,0.0,0.0,0.0,0.0,0.0,0.0,0.0,0.0,0.0,0.0,0.0,0.0,0.0,0.0,0.0,0.0,0.0,0.0,0.0,0.0,0.0,0.0,0.0,0.0,0.0,0.0,0.0,0.0,0.0,0.0,0.0,0.0,0.0,0.0,0.0,0.0,0.0,0.0,0.0,0.0,0.0,0.0,0.0,0.0,0.0,0.0,0.0,0.0,0.0,0.0,0.0,0.0,0.0,0.0,0.0,0.0,0.0,0.0,0.0,0.0,0.0,0.0,0.0,0.0,0.0,0.0,0.0,0.0,0.0,0.0,0.0,0.0,0.0,0.0,0.0,0.0,0.0,0.0,0.0
0.0,0.0,0.0,0.0,0.0,0.0,0.0,0.0,0.0,0.0,0.0,0.0,0.0,0.0,0.0,0.0,0.0,0.0,0.0,0.0,0.0,0.0,0.0,0.0,0.0,0.0,0.0,0.0,0.0,0.0,0.0,0.0,0.0,0.0,0.0,0.0,0.0,0.0,0.0,0.0,0.0,0.0,0.0,0.0,0.0,0.0,0.0,0.0,0.0,0.0,0.0,0.0,0.0,0.0,0.0,0.0,0.0,0.0,0.0,0.0,0.0,0.0,0.0,0.0,0.0,0.0,0.0,0.0,0.0,0.0,0.0,0.0,0.0,0.0,0.0,0.0,0.0,0.0,0.0,0.0,0.0,0.0,0.0,0.0,0.0,0.0,0.0,0.0,0.0,0.0,0.0,0.0,0.0,0.0,0.0,0.0
0.0,0.0,0.0,0.0,0.0,0.0,0.0,0.0,0.0,0.0,0.0,0.0,0.0,0.0,0.0,0.0,0.0,0.0,0.0,0.0,0.0,0.0,0.0,0.0,0.0,0.0,0.0,0.0,0.0,0.0,0.0,0.0,0.0,0.0,0.0,0.0,0.0,0.0,0.0,0.0,0.0,0.0,0.0,0.0,0.0,0.0,0.0,0.0,0.0,0.0,0.0,0.0,0.0,0.0,0.0,0.0,0.0,0.0,0.0,0.0,0.0,0.0,0.0,0.0,0.0,0.0,0.0,0.0,0.0,0.0,0.0,0.0,0.0,0.0,0.0,0.0,0.0,0.0,0.0,0.0,0.0,0.0,0.0,0.0,0.0,0.0,0.0,0.0,0.0,0.0,0.0,0.0,0.0,0.0,0.0,0.0
0.0,0.0,0.0,0.0,0.0,0.0,0.0,0.0,0.0,0.0,0.0,0.0,0.0,0.0,0.0,0.0,0.0,0.0,0.0,0.0,0.0,0.0,0.0,0.0,0.0,0.0,0.0,0.0,0.0,0.0,0.0,0.0,0.0,0.0,0.0,0.0,0.0,0.0,0.0,0.0,0.0,0.0,0.0,0.0,0.0,0.0,0.0,0.0,0.0,0.0,0.0,0.0,0.0,0.0,0.0,0.0,0.0,0.0,0.0,0.0,0.0,0.0,0.0,0.0,0.0,0.0,0.0,0.0,0.0,0.0,0.0,0.0,0.0,0.0,0.0,0.0,0.0,0.0,0.0,0.0,0.0,0.0,0.0,0.0,0.0,0.0,0.0,0.0,0.0,0.0,0.0,0.0,0.0,0.0,0.0,0.0
0.0,0.0,0.0,0.0,0.0,0.0,0.0,0.0,0.0,0.0,0.0,0.0,0.0,0.0,0.0,0.0,0.0,0.0,0.0,0.0,0.0,0.0,0.0,0.0,0.0,0.0,0.0,0.0,0.0,0.0,0.0,0.0,0.0,0.0,0.0,0.0,0.0,0.0,0.0,0.0,0.0,0.0,0.0,0.0,0.0,0.0,0.0,0.0,0.0,0.0,0.0,0.0,0.0,0.0,0.0,0.0,0.0,0.0,0.0,0.0,0.0,0.0,0.0,0.0,0.0,0.0,0.0,0.0,0.0,0.0,0.0,0.0,0.0,0.0,0.0,0.0,0.0,0.0,0.0,0.0,0.0,0.0,0.0,0.0,0.0,0.0,0.0,0.0,0.0,0.0,0.0,0.0,0.0,0.0,0.0,0.0
0.0,0.0,0.0,0.0,0.0,0.0,0.0,0.0,0.0,0.0,0.0,0.0,0.0,0.0,0.0,0.0,0.0,0.0,0.0,0.0,0.0,0.0,0.0,0.0,0.0,0.0,0.0,0.0,0.0,0.0,0.0,0.0,0.0,0.0,0.0,0.0,0.0,0.0,0.0,0.0,0.0,0.0,0.0,0.0,0.0,0.0,0.0,0.0,0.0,0.0,0.0,0.0,0.0,0.0,0.0,0.0,0.0,0.0,0.0,0.0,0.0,0.0,0.0,0.0,0.0,0.0,0.0,0.0,0.0,0.0,0.0,0.0,0.0,0.0,0.0,0.0,0.0,0.0,0.0,0.0,0.0,0.0,0.0,0.0,0.0,0.0,0.0,0.0,0.0,0.0,0.0,0.0,0.0,0.0,0.0,0.0
0.0,0.0,0.0,0.0,0.0,0.0,0.0,0.0,0.0,0.0,0.0,0.0,0.0,0.0,0.0,0.0,0.0,0.0,0.0,0.0,0.0,0.0,0.0,0.0,0.0,0.0,0.0,0.0,0.0,0.0,0.0,0.0,0.0,0.0,0.0,0.0,0.0,0.0,0.0,0.0,0.0,0.0,0.0,0.0,0.0,0.0,0.0,0.0,0.0,0.0,0.0,0.0,0.0,0.0,0.0,0.0,0.0,0.0,0.0,0.0,0.0,0.0,0.0,0.0,0.0,0.0,0.0,0.0,0.0,0.0,0.0,0.0,0.0,0.0,0.0,0.0,0.0,0.0,0.0,0.0,0.0,0.0,0.0,0.0,0.0,0.0,0.0,0.0,0.0,0.0,0.0,0.0,0.0,0.0,0.0,0.0
0.0,0.0,0.0,0.0,1.055769591,14.98999142,66.25731149,136.7557179,193.3626918,218.8648873,218.6078137,211.6132276,214.1713519,220.0173833,206.121897,159.535163,96.72238983,32.91104965,5.403499934,0.0,0.0,0.0,0.0,0.0,0.0,0.0,0.0,0.0,1.055769591,14.98999142,66.25731149,136.7557179,193.3626918,218.8648873,218.6078137,211.6132276,214.1713519,220.0173833,206.121897,159.535163,96.72238983,32.91104965,5.403499934,0.0,0.0,0.0,0.0,0.0,0.0,0.0,0.0,0.0,1.055769591,14.98999142,66.25731149,136.7557179,193.3626918,218.8648873,218.6078137,211.6132276,214.1713519,220.0173833,206.121897,159.535163,96.72238983,32.91104965,5.403499934,0.0,0.0,0.0,0.0,0.0,0.0,0.0,0.0,0.0,1.055769591,14.98999142,66.25731149,136.7557179,193.3626918,218.8648873,218.6078137,211.6132276,214.1713519,220.0173833,206.121897,159.535163,96.72238983,32.91104965,5.403499934,0.0,0.0,0.0,0.0,0.0
0.0,0.0,0.0,0.0,0.041578315,0.590335804,2.609345271,5.385713331,7.61500903,8.61933643,8.609212358,8.333751585,8.43449563,8.664724021,8.117492017,6.282813377,3.809120908,1.296102873,0.212800621,0.0,0.0,0.0,0.0,0.0,0.0,0.0,0.0,0.0,0.041578315,0.590335804,2.609345271,5.385713331,7.61500903,8.61933643,8.609212358,8.333751585,8.43449563,8.664724021,8.117492017,6.282813377,3.809120908,1.296102873,0.212800621,0.0,0.0,0.0,0.0,0.0,0.0,0.0,0.0,0.0,0.041578315,0.590335804,2.609345271,5.385713331,7.61500903,8.61933643,8.609212358,8.333751585,8.43449563,8.664724021,8.117492017,6.282813377,3.809120908,1.296102873,0.212800621,0.0,0.0,0.0,0.0,0.0,0.0,0.0,0.0,0.0,0.041578315,0.590335804,2.609345271,5.385713331,7.61500903,8.61933643,8.609212358,8.333751585,8.43449563,8.664724021,8.117492017,6.282813377,3.809120908,1.296102873,0.212800621,0.0,0.0,0.0,0.0,0.0
0.0,0.0,0.0,0.0,0.089899773,1.276411856,5.641872337,11.64487789,16.46501491,18.63655083,18.61466077,18.01906519,18.23689188,18.73468694,17.55147323,13.58456904,8.236002387,2.802406805,0.460113097,0.0,0.0,0.0,0.0,0.0,0.0,0.0,0.0,0.0,0.089899773,1.276411856,5.641872337,11.64487789,16.46501491,18.63655083,18.61466077,18.01906519,18.23689188,18.73468694,17.55147323,13.58456904,8.236002387,2.802406805,0.460113097,0.0,0.0,0.0,0.0,0.0,0.0,0.0,0.0,0.0,0.089899773,1.276411856,5.641872337,11.64487789,16.46501491,18.63655083,18.61466077,18.01906519,18.23689188,18.73468694,17.55147323,13.58456904,8.236002387,2.802406805,0.460113097,0.0,0.0,0.0,0.0,0.0,0.0,0.0,0.0,0.0,0.089899773,1.276411856,5.641872337,11.64487789,16.46501491,18.63655083,18.61466077,18.01906519,18.23689188,18.73468694,17.55147323,13.58456904,8.236002387,2.802406805,0.460113097,0.0,0.0,0.0,0.0,0.0
0.0,0.0,0.0,0.0,3.498031971,49.66563695,219.527249,453.1063192,640.6595562,725.1547871,724.3030372,701.1282023,709.6039159,728.9732979,682.9340337,528.5803883,320.4657671,109.0426404,17.90316342,0.0,0.0,0.0,0.0,0.0,0.0,0.0,0.0,0.0,3.498031971,49.66563695,219.527249,453.1063192,640.6595562,725.1547871,724.3030372,701.1282023,709.6039159,728.9732979,682.9340337,528.5803883,320.4657671,109.0426404,17.90316342,0.0,0.0,0.0,0.0,0.0,0.0,0.0,0.0,0.0,3.498031971,49.66563695,219.527249,453.1063192,640.6595562,725.1547871,724.3030372,701.1282023,709.6039159,728.9732979,682.9340337,528.5803883,320.4657671,109.0426404,17.90316342,0.0,0.0,0.0,0.0,0.0,0.0,0.0,0.0,0.0,3.498031971,49.66563695,219.527249,453.1063192,640.6595562,725.1547871,724.3030372,701.1282023,709.6039159,728.9732979,682.9340337,528.5803883,320.4657671,109.0426404,17.90316342,0.0,0.0,0.0,0.0,0.0
0.0,0.0,0.0,0.0,0.43324229,6.151245751,27.18914204,56.11864645,79.34770628,89.81270707,89.70721516,86.83693878,87.88668263,90.28564167,84.58353362,65.4663479,39.6906958,13.50527487,2.217363245,0.0,0.0,0.0,0.0,0.0,0.0,0.0,0.0,0.0,0.43324229,6.151245751,27.18914204,56.11864645,79.34770628,89.81270707,89.70721516,86.83693878,87.88668263,90.28564167,84.58353362,65.4663479,39.6906958,13.50527487,2.217363245,0.0,0.0,0.0,0.0,0.0,0.0,0.0,0.0,0.0,0.43324229,6.151245751,27.18914204,56.11864645,79.34770628,89.81270707,89.70721516,86.83693878,87.88668263,90.28564167,84.58353362,65.4663479,39.6906958,13.50527487,2.217363245,0.0,0.0,0.0,0.0,0.0,0.0,0.0,0.0,0.0,0.43324229,6.151245751,27.18914204,56.11864645,79.34770628,89.81270707,89.70721516,86.83693878,87.88668263,90.28564167,84.58353362,65.4663479,39.6906958,13.50527487,2.217363245,0.0,0.0,0.0,0.0,0.0
0.0,0.0,0.0,0.0,0.739506715,10.49963875,46.40948854,95.7896235,135.4395979,153.3024394,153.1223739,148.2230631,150.0148841,154.1096974,144.3766975,111.7453327,67.74854791,23.05232354,3.784845213,0.0,0.0,0.0,0.0,0.0,0.0,0.0,0.0,0.0,0.739506715,10.49963875,46.40948854,95.7896235,135.4395979,153.3024394,153.1223739,148.2230631,150.0148841,154.1096974,144.3766975,111.7453327,67.74854791,23.05232354,3.784845213,0.0,0.0,0.0,0.0,0.0,0.0,0.0,0.0,0.0,0.739506715,10.49963875,46.40948854,95.7896235,135.4395979,153.3024394,153.1223739,148.2230631,150.0148841,154.1096974,144.3766975,111.7453327,67.74854791,23.05232354,3.784845213,0.0,0.0,0.0,0.0,0.0,0.0,0.0,0.0,0.0,0.739506715,10.49963875,46.40948854,95.7896235,135.4395979,153.3024394,153.1223739,148.2230631,150.0148841,154.1096974,144.3766975,111.7453327,67.74854791,23.05232354,3.784845213,0.0,0.0,0.0,0.0,0.0
0.0,0.0,0.0,0.0,1.470083301,20.87248604,92.25854577,190.4225115,269.2436555,304.7536305,304.395674,294.6562154,298.2182197,306.3583983,287.009932,222.1412521,134.6789785,45.82627204,7.523985425,0.0,0.0,0.0,0.0,0.0,0.0,0.0,0.0,0.0,1.470083301,20.87248604,92.25854577,190.4225115,269.2436555,304.7536305,304.395674,294.6562154,298.2182197,306.3583983,287.009932,222.1412521,134.6789785,45.82627204,7.523985425,0.0,0.0,0.0,0.0,0.0,0.0,0.0,0.0,0.0,1.470083301,20.87248604,92.25854577,190.4225115,269.2436555,304.7536305,304.395674,294.6562154,298.2182197,306.3583983,287.009932,222.1412521,134.6789785,45.82627204,7.523985425,0.0,0.0,0.0,0.0,0.0,0.0,0.0,0.0,0.0,1.470083301,20.87248604,92.25854577,190.4225115,269.2436555,304.7536305,304.395674,294.6562154,298.2182197,306.3583983,287.009932,222.1412521,134.6789785,45.82627204,7.523985425,0.0,0.0,0.0,0.0,0.0
0.0,0.0,0.0,0.0,2.047888044,29.07625343,128.5200456,265.2665902,375.0677684,424.5346614,424.0360128,410.4685361,415.4305584,426.7701705,399.816941,309.4521337,187.6134976,63.83792983,10.48122905,0.0,0.0,0.0,0.0,0.0,0.0,0.0,0.0,0.0,2.047888044,29.07625343,128.5200456,265.2665902,375.0677684,424.5346614,424.0360128,410.4685361,415.4305584,426.7701705,399.816941,309.4521337,187.6134976,63.83792983,10.48122905,0.0,0.0,0.0,0.0,0.0,0.0,0.0,0.0,0.0,2.047888044,29.07625343,128.5200456,265.2665902,375.0677684,424.5346614,424.0360128,410.4685361,415.4305584,426.7701705,399.816941,309.4521337,187.6134976,63.83792983,10.48122905,0.0,0.0,0.0,0.0,0.0,0.0,0.0,0.0,0.0,2.047888044,29.07625343,128.5200456,265.2665902,375.0677684,424.5346614,424.0360128,410.4685361,415.4305584,426.7701705,399.816941,309.4521337,187.6134976,63.83792983,10.48122905,0.0,0.0,0.0,0.0,0.0
0.0,0.0,0.0,0.0,0.0,0.0,0.0,0.0,0.0,0.0,0.0,0.0,0.0,0.0,0.0,0.0,0.0,0.0,0.0,0.0,0.0,0.0,0.0,0.0,0.0,0.0,0.0,0.0,0.0,0.0,0.0,0.0,0.0,0.0,0.0,0.0,0.0,0.0,0.0,0.0,0.0,0.0,0.0,0.0,0.0,0.0,0.0,0.0,0.0,0.0,0.0,0.0,0.0,0.0,0.0,0.0,0.0,0.0,0.0,0.0,0.0,0.0,0.0,0.0,0.0,0.0,0.0,0.0,0.0,0.0,0.0,0.0,0.0,0.0,0.0,0.0,0.0,0.0,0.0,0.0,0.0,0.0,0.0,0.0,0.0,0.0,0.0,0.0,0.0,0.0,0.0,0.0,0.0,0.0,0.0,0.0
0.0,0.0,0.0,0.0,0.0,0.0,0.0,0.0,0.0,0.0,0.0,0.0,0.0,0.0,0.0,0.0,0.0,0.0,0.0,0.0,0.0,0.0,0.0,0.0,0.0,0.0,0.0,0.0,0.0,0.0,0.0,0.0,0.0,0.0,0.0,0.0,0.0,0.0,0.0,0.0,0.0,0.0,0.0,0.0,0.0,0.0,0.0,0.0,0.0,0.0,0.0,0.0,0.0,0.0,0.0,0.0,0.0,0.0,0.0,0.0,0.0,0.0,0.0,0.0,0.0,0.0,0.0,0.0,0.0,0.0,0.0,0.0,0.0,0.0,0.0,0.0,0.0,0.0,0.0,0.0,0.0,0.0,0.0,0.0,0.0,0.0,0.0,0.0,0.0,0.0,0.0,0.0,0.0,0.0,0.0,0.0
0.0,0.0,0.0,0.0,0.0,0.0,0.0,0.0,0.0,0.0,0.0,0.0,0.0,0.0,0.0,0.0,0.0,0.0,0.0,0.0,0.0,0.0,0.0,0.0,0.0,0.0,0.0,0.0,0.0,0.0,0.0,0.0,0.0,0.0,0.0,0.0,0.0,0.0,0.0,0.0,0.0,0.0,0.0,0.0,0.0,0.0,0.0,0.0,0.0,0.0,0.0,0.0,0.0,0.0,0.0,0.0,0.0,0.0,0.0,0.0,0.0,0.0,0.0,0.0,0.0,0.0,0.0,0.0,0.0,0.0,0.0,0.0,0.0,0.0,0.0,0.0,0.0,0.0,0.0,0.0,0.0,0.0,0.0,0.0,0.0,0.0,0.0,0.0,0.0,0.0,0.0,0.0,0.0,0.0,0.0,0.0
0.0,0.0,0.0,0.0,0.0,0.0,0.0,0.0,0.0,0.0,0.0,0.0,0.0,0.0,0.0,0.0,0.0,0.0,0.0,0.0,0.0,0.0,0.0,0.0,0.0,0.0,0.0,0.0,0.0,0.0,0.0,0.0,0.0,0.0,0.0,0.0,0.0,0.0,0.0,0.0,0.0,0.0,0.0,0.0,0.0,0.0,0.0,0.0,0.0,0.0,0.0,0.0,0.0,0.0,0.0,0.0,0.0,0.0,0.0,0.0,0.0,0.0,0.0,0.0,0.0,0.0,0.0,0.0,0.0,0.0,0.0,0.0,0.0,0.0,0.0,0.0,0.0,0.0,0.0,0.0,0.0,0.0,0.0,0.0,0.0,0.0,0.0,0.0,0.0,0.0,0.0,0.0,0.0,0.0,0.0,0.0
0.0,0.0,0.0,0.0,0.0,0.0,0.0,0.0,0.0,0.0,0.0,0.0,0.0,0.0,0.0,0.0,0.0,0.0,0.0,0.0,0.0,0.0,0.0,0.0,0.0,0.0,0.0,0.0,0.0,0.0,0.0,0.0,0.0,0.0,0.0,0.0,0.0,0.0,0.0,0.0,0.0,0.0,0.0,0.0,0.0,0.0,0.0,0.0,0.0,0.0,0.0,0.0,0.0,0.0,0.0,0.0,0.0,0.0,0.0,0.0,0.0,0.0,0.0,0.0,0.0,0.0,0.0,0.0,0.0,0.0,0.0,0.0,0.0,0.0,0.0,0.0,0.0,0.0,0.0,0.0,0.0,0.0,0.0,0.0,0.0,0.0,0.0,0.0,0.0,0.0,0.0,0.0,0.0,0.0,0.0,0.0
0.0,0.0,0.0,0.0,0.0,0.0,0.0,0.0,0.0,0.0,0.0,0.0,0.0,0.0,0.0,0.0,0.0,0.0,0.0,0.0,0.0,0.0,0.0,0.0,0.0,0.0,0.0,0.0,0.0,0.0,0.0,0.0,0.0,0.0,0.0,0.0,0.0,0.0,0.0,0.0,0.0,0.0,0.0,0.0,0.0,0.0,0.0,0.0,0.0,0.0,0.0,0.0,0.0,0.0,0.0,0.0,0.0,0.0,0.0,0.0,0.0,0.0,0.0,0.0,0.0,0.0,0.0,0.0,0.0,0.0,0.0,0.0,0.0,0.0,0.0,0.0,0.0,0.0,0.0,0.0,0.0,0.0,0.0,0.0,0.0,0.0,0.0,0.0,0.0,0.0,0.0,0.0,0.0,0.0,0.0,0.0
0.0,0.0,0.0,0.0,0.0,0.0,0.0,0.0,0.0,0.0,0.0,0.0,0.0,0.0,0.0,0.0,0.0,0.0,0.0,0.0,0.0,0.0,0.0,0.0,0.0,0.0,0.0,0.0,0.0,0.0,0.0,0.0,0.0,0.0,0.0,0.0,0.0,0.0,0.0,0.0,0.0,0.0,0.0,0.0,0.0,0.0,0.0,0.0,0.0,0.0,0.0,0.0,0.0,0.0,0.0,0.0,0.0,0.0,0.0,0.0,0.0,0.0,0.0,0.0,0.0,0.0,0.0,0.0,0.0,0.0,0.0,0.0,0.0,0.0,0.0,0.0,0.0,0.0,0.0,0.0,0.0,0.0,0.0,0.0,0.0,0.0,0.0,0.0,0.0,0.0,0.0,0.0,0.0,0.0,0.0,0.0
0.0,0.0,0.0,0.0,0.514147179,10.47268034,28.52041741,51.82054064,65.94585046,69.73101415,77.65942039,79.03104256,76.35783755,91.05382146,102.5493912,88.59050922,59.81999963,31.27188178,8.770229351,0.626187574,0.0,0.0,0.0,0.0,0.0,0.0,0.0,0.0,0.514147179,10.47268034,28.52041741,51.82054064,65.94585046,69.73101415,77.65942039,79.03104256,76.35783755,91.05382146,102.5493912,88.59050922,59.81999963,31.27188178,8.770229351,0.626187574,0.0,0.0,0.0,0.0,0.0,0.0,0.0,0.0,0.514147179,10.47268034,28.52041741,51.82054064,65.94585046,69.73101415,77.65942039,79.03104256,76.35783755,91.05382146,102.5493912,88.59050922,59.81999963,31.27188178,8.770229351,0.626187574,0.0,0.0,0.0,0.0,0.0,0.0,0.0,0.0,0.514147179,10.47268034,28.52041741,51.82054064,65.94585046,69.73101415,77.65942039,79.03104256,76.35783755,91.05382146,102.5493912,88.59050922,59.81999963,31.27188178,8.770229351,0.626187574,0.0,0.0,0.0,0.0
0.0,0.0,0.0,0.0,0.020248143,0.41243507,1.123191005,2.040796398,2.597079313,2.74614662,3.058383094,3.112400315,3.007124162,3.585881363,4.03859986,3.488871206,2.355831072,1.231549168,0.34538915,0.024660517,0.0,0.0,0.0,0.0,0.0,0.0,0.0,0.0,0.020248143,0.41243507,1.123191005,2.040796398,2.597079313,2.74614662,3.058383094,3.112400315,3.007124162,3.585881363,4.03859986,3.488871206,2.355831072,1.231549168,0.34538915,0.024660517,0.0,0.0,0.0,0.0,0.0,0.0,0.0,0.0,0.020248143,0.41243507,1.123191005,2.040796398,2.597079313,2.74614662,3.058383094,3.112400315,3.007124162,3.585881363,4.03859986,3.488871206,2.355831072,1.231549168,0.34538915,0.024660517,0.0,0.0,0.0,0.0,0.0,0.0,0.0,0.0,0.020248143,0.41243507,1.123191005,2.040796398,2.597079313,2.74614662,3.058383094,3.112400315,3.007124162,3.585881363,4.03859986,3.488871206,2.355831072,1.231549168,0.34538915,0.024660517,0.0,0.0,0.0,0.0
0.0,0.0,0.0,0.0,0.043780115,0.891758572,2.428540344,4.412567733,5.615351137,5.937661383,6.612772625,6.729567541,6.501941623,7.753318463,8.732177029,7.543565111,5.093729183,2.662830121,0.746793271,0.05332046,0.0,0.0,0.0,0.0,0.0,0.0,0.0,0.0,0.043780115,0.891758572,2.428540344,4.412567733,5.615351137,5.937661383,6.612772625,6.729567541,6.501941623,7.753318463,8.732177029,7.543565111,5.093729183,2.662830121,0.746793271,0.05332046,0.0,0.0,0.0,0.0,0.0,0.0,0.0,0.0,0.043780115,0.891758572,2.428540344,4.412567733,5.615351137,5.937661383,6.612772625,6.729567541,6.501941623,7.753318463,8.732177029,7.543565111,5.093729183,2.662830121,0.746793271,0.05332046,0.0,0.0,0.0,0.0,0.0,0.0,0.0,0.0,0.043780115,0.891758572,2.428540344,4.412567733,5.615351137,5.937661383,6.612772625,6.729567541,6.501941623,7.753318463,8.732177029,7.543565111,5.093729183,2.662830121,0.746793271,0.05332046,0.0,0.0,0.0,0.0
0.0,0.0,0.0,0.0,1.703499785,34.69864158,94.49536409,171.6945718,218.4952997,231.0365054,257.3053227,261.8498542,252.9928492,301.6843648,339.772098,293.5227877,198.1988049,103.6116622,29.05799041,2.074717981,0.0,0.0,0.0,0.0,0.0,0.0,0.0,0.0,1.703499785,34.69864158,94.49536409,171.6945718,218.4952997,231.0365054,257.3053227,261.8498542,252.9928492,301.6843648,339.772098,293.5227877,198.1988049,103.6116622,29.05799041,2.074717981,0.0,0.0,0.0,0.0,0.0,0.0,0.0,0.0,1.703499785,34.69864158,94.49536409,171.6945718,218.4952997,231.0365054,257.3053227,261.8498542,252.9928492,301.6843648,339.772098,293.5227877,198.1988049,103.6116622,29.05799041,2.074717981,0.0,0.0,0.0,0.0,0.0,0.0,0.0,0.0,1.703499785,34.69864158,94.49536409,171.6945718,218.4952997,231.0365054,257.3053227,261.8498542,252.9928492,301.6843648,339.772098,293.5227877,198.1988049,103.6116622,29.05799041,2.074717981,0.0,0.0,0.0,0.0
0.0,0.0,0.0,0.0,0.21098382,4.297536178,11.70354882,21.26491414,27.06133186,28.61459974,31.8680756,32.43093016,31.33396216,37.36455991,42.08184576,36.35372284,24.54754698,12.83263109,3.598923743,0.256960364,0.0,0.0,0.0,0.0,0.0,0.0,0.0,0.0,0.21098382,4.297536178,11.70354882,21.26491414,27.06133186,28.61459974,31.8680756,32.43093016,31.33396216,37.36455991,42.08184576,36.35372284,24.54754698,12.83263109,3.598923743,0.256960364,0.0,0.0,0.0,0.0,0.0,0.0,0.0,0.0,0.21098382,4.297536178,11.70354882,21.26491414,27.06133186,28.61459974,31.8680756,32.43093016,31.33396216,37.36455991,42.08184576,36.35372284,24.54754698,12.83263109,3.598923743,0.256960364,0.0,0.0,0.0,0.0,0.0,0.0,0.0,0.0,0.21098382,4.297536178,11.70354882,21.26491414,27.06133186,28.61459974,31.8680756,32.43093016,31.33396216,37.36455991,42.08184576,36.35372284,24.54754698,12.83263109,3.598923743,0.256960364,0.0,0.0,0.0,0.0
0.0,0.0,0.0,0.0,0.360130936,7.335518558,19.9769347,36.29734942,46.19132775,48.84262022,54.39601909,55.35676261,53.48433413,63.7780373,71.83003186,62.05262679,41.90051671,21.90417943,6.143048206,0.438608878,0.0,0.0,0.0,0.0,0.0,0.0,0.0,0.0,0.360130936,7.335518558,19.9769347,36.29734942,46.19132775,48.84262022,54.39601909,55.35676261,53.48433413,63.7780373,71.83003186,62.05262679,41.90051671,21.90417943,6.143048206,0.438608878,0.0,0.0,0.0,0.0,0.0,0.0,0.0,0.0,0.360130936,7.335518558,19.9769347,36.29734942,46.19132775,48.84262022,54.39601909,55.35676261,53.48433413,63.7780373,71.83003186,62.05262679,41.90051671,21.90417943,6.143048206,0.438608878,0.0,0.0,0.0,0.0,0.0,0.0,0.0,0.0,0.360130936,7.335518558,19.9769347,36.29734942,46.19132775,48.84262022,54.39601909,55.35676261,53.48433413,63.7780373,71.83003186,62.05262679,41.90051671,21.90417943,6.143048206,0.438608878,0.0,0.0,0.0,0.0
0.0,0.0,0.0,0.0,0.715913007,14.58245492,39.7126321,72.15637962,91.82485866,97.09542715,108.1351632,110.0450485,106.3228026,126.7859043,142.7926592,123.355919,83.29505152,43.54384855,12.21191424,0.871921207,0.0,0.0,0.0,0.0,0.0,0.0,0.0,0.0,0.715913007,14.58245492,39.7126321,72.15637962,91.82485866,97.09542715,108.1351632,110.0450485,106.3228026,126.7859043,142.7926592,123.355919,83.29505152,43.54384855,12.21191424,0.871921207,0.0,0.0,0.0,0.0,0.0,0.0,0.0,0.0,0.715913007,14.58245492,39.7126321,72.15637962,91.82485866,97.09542715,108.1351632,110.0450485,106.3228026,126.7859043,142.7926592,123.355919,83.29505152,43.54384855,12.21191424,0.871921207,0.0,0.0,0.0,0.0,0.0,0.0,0.0,0.0,0.715913007,14.58245492,39.7126321,72.15637962,91.82485866,97.09542715,108.1351632,110.0450485,106.3228026,126.7859043,142.7926592,123.355919,83.29505152,43.54384855,12.21191424,0.871921207,0.0,0.0,0.0,0.0
0.0,0.0,0.0,0.0,0.997297014,20.31397478,55.32137153,100.5168803,127.9159011,135.2580254,150.6368433,153.2973941,148.1121486,176.6181124,198.9161971,171.8399981,116.03352,60.65841764,17.01171162,1.214623017,0.0,0.0,0.0,0.0,0.0,0.0,0.0,0.0,0.997297014,20.31397478,55.32137153,100.5168803,127.9159011,135.2580254,150.6368433,153.2973941,148.1121486,176.6181124,198.9161971,171.8399981,116.03352,60.65841764,17.01171162,1.214623017,0.0,0.0,0.0,0.0,0.0,0.0,0.0,0.0,0.997297014,20.31397478,55.32137153,100.5168803,127.9159011,135.2580254,150.6368433,153.2973941,148.1121486,176.6181124,198.9161971,171.8399981,116.03352,60.65841764,17.01171162,1.214623017,0.0,0.0,0.0,0.0,0.0,0.0,0.0,0.0,0.997297014,20.31397478,55.32137153,100.5168803,127.9159011,135.2580254,150.6368433,153.2973941,148.1121486,176.6181124,198.9161971,171.8399981,116.03352,60.65841764,17.01171162,1.214623017,0.0,0.0,0.0,0.0
0.0,0.0,0.0,0.0,0.0,0.0,0.0,0.0,0.0,0.0,0.0,0.0,0.0,0.0,0.0,0.0,0.0,0.0,0.0,0.0,0.0,0.0,0.0,0.0,0.0,0.0,0.0,0.0,0.0,0.0,0.0,0.0,0.0,0.0,0.0,0.0,0.0,0.0,0.0,0.0,0.0,0.0,0.0,0.0,0.0,0.0,0.0,0.0,0.0,0.0,0.0,0.0,0.0,0.0,0.0,0.0,0.0,0.0,0.0,0.0,0.0,0.0,0.0,0.0,0.0,0.0,0.0,0.0,0.0,0.0,0.0,0.0,0.0,0.0,0.0,0.0,0.0,0.0,0.0,0.0,0.0,0.0,0.0,0.0,0.0,0.0,0.0,0.0,0.0,0.0,0.0,0.0,0.0,0.0,0.0,0.0
0.0,0.0,0.0,0.0,0.0,0.0,0.0,0.0,0.0,0.0,0.0,0.0,0.0,0.0,0.0,0.0,0.0,0.0,0.0,0.0,0.0,0.0,0.0,0.0,0.0,0.0,0.0,0.0,0.0,0.0,0.0,0.0,0.0,0.0,0.0,0.0,0.0,0.0,0.0,0.0,0.0,0.0,0.0,0.0,0.0,0.0,0.0,0.0,0.0,0.0,0.0,0.0,0.0,0.0,0.0,0.0,0.0,0.0,0.0,0.0,0.0,0.0,0.0,0.0,0.0,0.0,0.0,0.0,0.0,0.0,0.0,0.0,0.0,0.0,0.0,0.0,0.0,0.0,0.0,0.0,0.0,0.0,0.0,0.0,0.0,0.0,0.0,0.0,0.0,0.0,0.0,0.0,0.0,0.0,0.0,0.0
0.0,0.0,0.0,0.0,0.0,0.0,0.0,0.0,0.0,0.0,0.0,0.0,0.0,0.0,0.0,0.0,0.0,0.0,0.0,0.0,0.0,0.0,0.0,0.0,0.0,0.0,0.0,0.0,0.0,0.0,0.0,0.0,0.0,0.0,0.0,0.0,0.0,0.0,0.0,0.0,0.0,0.0,0.0,0.0,0.0,0.0,0.0,0.0,0.0,0.0,0.0,0.0,0.0,0.0,0.0,0.0,0.0,0.0,0.0,0.0,0.0,0.0,0.0,0.0,0.0,0.0,0.0,0.0,0.0,0.0,0.0,0.0,0.0,0.0,0.0,0.0,0.0,0.0,0.0,0.0,0.0,0.0,0.0,0.0,0.0,0.0,0.0,0.0,0.0,0.0,0.0,0.0,0.0,0.0,0.0,0.0
0.0,0.0,0.0,0.0,0.0,0.0,0.0,0.0,0.0,0.0,0.0,0.0,0.0,0.0,0.0,0.0,0.0,0.0,0.0,0.0,0.0,0.0,0.0,0.0,0.0,0.0,0.0,0.0,0.0,0.0,0.0,0.0,0.0,0.0,0.0,0.0,0.0,0.0,0.0,0.0,0.0,0.0,0.0,0.0,0.0,0.0,0.0,0.0,0.0,0.0,0.0,0.0,0.0,0.0,0.0,0.0,0.0,0.0,0.0,0.0,0.0,0.0,0.0,0.0,0.0,0.0,0.0,0.0,0.0,0.0,0.0,0.0,0.0,0.0,0.0,0.0,0.0,0.0,0.0,0.0,0.0,0.0,0.0,0.0,0.0,0.0,0.0,0.0,0.0,0.0,0.0,0.0,0.0,0.0,0.0,0.0
0.0,0.0,0.0,0.0,0.0,0.0,0.0,0.0,0.0,0.0,0.0,0.0,0.0,0.0,0.0,0.0,0.0,0.0,0.0,0.0,0.0,0.0,0.0,0.0,0.0,0.0,0.0,0.0,0.0,0.0,0.0,0.0,0.0,0.0,0.0,0.0,0.0,0.0,0.0,0.0,0.0,0.0,0.0,0.0,0.0,0.0,0.0,0.0,0.0,0.0,0.0,0.0,0.0,0.0,0.0,0.0,0.0,0.0,0.0,0.0,0.0,0.0,0.0,0.0,0.0,0.0,0.0,0.0,0.0,0.0,0.0,0.0,0.0,0.0,0.0,0.0,0.0,0.0,0.0,0.0,0.0,0.0,0.0,0.0,0.0,0.0,0.0,0.0,0.0,0.0,0.0,0.0,0.0,0.0,0.0,0.0
0.0,0.0,0.0,0.0,0.0,0.0,0.0,0.0,0.0,0.0,0.0,0.0,0.0,0.0,0.0,0.0,0.0,0.0,0.0,0.0,0.0,0.0,0.0,0.0,0.0,0.0,0.0,0.0,0.0,0.0,0.0,0.0,0.0,0.0,0.0,0.0,0.0,0.0,0.0,0.0,0.0,0.0,0.0,0.0,0.0,0.0,0.0,0.0,0.0,0.0,0.0,0.0,0.0,0.0,0.0,0.0,0.0,0.0,0.0,0.0,0.0,0.0,0.0,0.0,0.0,0.0,0.0,0.0,0.0,0.0,0.0,0.0,0.0,0.0,0.0,0.0,0.0,0.0,0.0,0.0,0.0,0.0,0.0,0.0,0.0,0.0,0.0,0.0,0.0,0.0,0.0,0.0,0.0,0.0,0.0,0.0
0.0,0.0,0.0,0.0,0.0,0.0,0.0,0.0,0.0,0.0,0.0,0.0,0.0,0.0,0.0,0.0,0.0,0.0,0.0,0.0,0.0,0.0,0.0,0.0,0.0,0.0,0.0,0.0,0.0,0.0,0.0,0.0,0.0,0.0,0.0,0.0,0.0,0.0,0.0,0.0,0.0,0.0,0.0,0.0,0.0,0.0,0.0,0.0,0.0,0.0,0.0,0.0,0.0,0.0,0.0,0.0,0.0,0.0,0.0,0.0,0.0,0.0,0.0,0.0,0.0,0.0,0.0,0.0,0.0,0.0,0.0,0.0,0.0,0.0,0.0,0.0,0.0,0.0,0.0,0.0,0.0,0.0,0.0,0.0,0.0,0.0,0.0,0.0,0.0,0.0,0.0,0.0,0.0,0.0,0.0,0.0
0.0,0.0,0.0,0.092672608,2.263215979,20.18157173,67.71147196,132.5132717,185.4485862,208.5124674,206.7195959,206.2504901,203.2723551,197.7148136,178.6695229,144.8484125,94.75351917,37.20360432,7.571791236,0.756019308,0.0,0.0,0.0,0.0,0.0,0.0,0.0,0.092672608,2.263215979,20.18157173,67.71147196,132.5132717,185.4485862,208.5124674,206.7195959,206.2504901,203.2723551,197.7148136,178.6695229,144.8484125,94.75351917,37.20360432,7.571791236,0.756019308,0.0,0.0,0.0,0.0,0.0,0.0,0.0,0.092672608,2.263215979,20.18157173,67.71147196,132.5132717,185.4485862,208.5124674,206.7195959,206.2504901,203.2723551,197.7148136,178.6695229,144.8484125,94.75351917,37.20360432,7.571791236,0.756019308,0.0,0.0,0.0,0.0,0.0,0.0,0.0,0.092672608,2.263215979,20.18157173,67.71147196,132.5132717,185.4485862,208.5124674,206.7195959,206.2504901,203.2723551,197.7148136,178.6695229,144.8484125,94.75351917,37.20360432,7.571791236,0.756019308,0.0,0.0,0.0,0.0
0.0,0.0,0.0,0.003649632,0.089129966,0.794790606,2.666613014,5.218637327,7.303335743,8.211637456,8.141030594,8.12255627,8.005271364,7.786404283,7.036362693,5.704419809,3.731582848,1.46515225,0.298192263,0.02977355,0.0,0.0,0.0,0.0,0.0,0.0,0.0,0.003649632,0.089129966,0.794790606,2.666613014,5.218637327,7.303335743,8.211637456,8.141030594,8.12255627,8.005271364,7.786404283,7.036362693,5.704419809,3.731582848,1.46515225,0.298192263,0.02977355,0.0,0.0,0.0,0.0,0.0,0.0,0.0,0.003649632,0.089129966,0.794790606,2.666613014,5.218637327,7.303335743,8.211637456,8.141030594,8.12255627,8.005271364,7.786404283,7.036362693,5.704419809,3.731582848,1.46515225,0.298192263,0.02977355,0.0,0.0,0.0,0.0,0.0,0.0,0.0,0.003649632,0.089129966,0.794790606,2.666613014,5.218637327,7.303335743,8.211637456,8.141030594,8.12255627,8.005271364,7.786404283,7.036362693,5.704419809,3.731582848,1.46515225,0.298192263,0.02977355,0.0,0.0,0.0,0.0
0.0,0.0,0.0,0.00789116,0.192714967,1.718479798,5.765695467,11.28362962,15.79112138,17.75503255,17.60236785,17.56242305,17.30883205,16.83560218,15.21387778,12.33397844,8.0683512,3.167921869,0.644745139,0.064375755,0.0,0.0,0.0,0.0,0.0,0.0,0.0,0.00789116,0.192714967,1.718479798,5.765695467,11.28362962,15.79112138,17.75503255,17.60236785,17.56242305,17.30883205,16.83560218,15.21387778,12.33397844,8.0683512,3.167921869,0.644745139,0.064375755,0.0,0.0,0.0,0.0,0.0,0.0,0.0,0.00789116,0.192714967,1.718479798,5.765695467,11.28362962,15.79112138,17.75503255,17.60236785,17.56242305,17.30883205,16.83560218,15.21387778,12.33397844,8.0683512,3.167921869,0.644745139,0.064375755,0.0,0.0,0.0,0.0,0.0,0.0,0.0,0.00789116,0.192714967,1.718479798,5.765695467,11.28362962,15.79112138,17.75503255,17.60236785,17.56242305,17.30883205,16.83560218,15.21387778,12.33397844,8.0683512,3.167921869,0.644745139,0.064375755,0.0,0.0,0.0,0.0
0.0,0.0,0.0,0.307047815,7.498607571,66.86665701,224.3452508,439.0500209,614.4381205,690.8545988,684.9143615,683.3600952,673.4927797,655.0792379,591.9773677,479.9194655,313.9424001,123.2649609,25.0872615,2.504883389,0.0,0.0,0.0,0.0,0.0,0.0,0.0,0.307047815,7.498607571,66.86665701,224.3452508,439.0500209,614.4381205,690.8545988,684.9143615,683.3600952,673.4927797,655.0792379,591.9773677,479.9194655,313.9424001,123.2649609,25.0872615,2.504883389,0.0,0.0,0.0,0.0,0.0,0.0,0.0,0.307047815,7.498607571,66.86665701,224.3452508,439.0500209,614.4381205,690.8545988,684.9143615,683.3600952,673.4927797,655.0792379,591.9773677,479.9194655,313.9424001,123.2649609,25.0872615,2.504883389,0.0,0.0,0.0,0.0,0.0,0.0,0.0,0.307047815,7.498607571,66.86665701,224.3452508,439.0500209,614.4381205,690.8545988,684.9143615,683.3600952,673.4927797,655.0792379,591.9773677,479.9194655,313.9424001,123.2649609,25.0872615,2.504883389,0.0,0.0,0.0,0.0
0.0,0.0,0.0,0.03802884,0.928726194,8.281646326,27.78586675,54.37772958,76.10009878,85.56452059,84.82880346,84.63630268,83.41420454,81.13362933,73.31826371,59.43953917,38.88275623,15.2667541,3.107136447,0.310237707,0.0,0.0,0.0,0.0,0.0,0.0,0.0,0.03802884,0.928726194,8.281646326,27.78586675,54.37772958,76.10009878,85.56452059,84.82880346,84.63630268,83.41420454,81.13362933,73.31826371,59.43953917,38.88275623,15.2667541,3.107136447,0.310237707,0.0,0.0,0.0,0.0,0.0,0.0,0.0,0.03802884,0.928726194,8.281646326,27.78586675,54.37772958,76.10009878,85.56452059,84.82880346,84.63630268,83.41420454,81.13362933,73.31826371,59.43953917,38.88275623,15.2667541,3.107136447,0.310237707,0.0,0.0,0.0,0.0,0.0,0.0,0.0,0.03802884,0.928726194,8.281646326,27.78586675,54.37772958,76.10009878,85.56452059,84.82880346,84.63630268,83.41420454,81.13362933,73.31826371,59.43953917,38.88275623,15.2667541,3.107136447,0.310237707,0.0,0.0,0.0,0.0
0.0,0.0,0.0,0.064911906,1.585254422,14.13604628,47.42804546,92.81803061,129.8962158,146.0511565,144.7953516,144.4667696,142.380755,138.4880124,125.1478666,101.4580971,66.36946569,26.05901461,5.303610283,0.529548644,0.0,0.0,0.0,0.0,0.0,0.0,0.0,0.064911906,1.585254422,14.13604628,47.42804546,92.81803061,129.8962158,146.0511565,144.7953516,144.4667696,142.380755,138.4880124,125.1478666,101.4580971,66.36946569,26.05901461,5.303610283,0.529548644,0.0,0.0,0.0,0.0,0.0,0.0,0.0,0.064911906,1.585254422,14.13604628,47.42804546,92.81803061,129.8962158,146.0511565,144.7953516,144.4667696,142.380755,138.4880124,125.1478666,101.4580971,66.36946569,26.05901461,5.303610283,0.529548644,0.0,0.0,0.0,0.0,0.0,0.0,0.0,0.064911906,1.585254422,14.13604628,47.42804546,92.81803061,129.8962158,146.0511565,144.7953516,144.4667696,142.380755,138.4880124,125.1478666,101.4580971,66.36946569,26.05901461,5.303610283,0.529548644,0.0,0.0,0.0,0.0
0.0,0.0,0.0,0.129039948,3.151365642,28.10138862,94.28335974,184.51521,258.2238321,290.3386296,287.8421848,287.1889887,283.0421496,275.3036725,248.7844736,201.6910073,131.9374676,51.803346,10.54317528,1.052702568,0.0,0.0,0.0,0.0,0.0,0.0,0.0,0.129039948,3.151365642,28.10138862,94.28335974,184.51521,258.2238321,290.3386296,287.8421848,287.1889887,283.0421496,275.3036725,248.7844736,201.6910073,131.9374676,51.803346,10.54317528,1.052702568,0.0,0.0,0.0,0.0,0.0,0.0,0.0,0.129039948,3.151365642,28.10138862,94.28335974,184.51521,258.2238321,290.3386296,287.8421848,287.1889887,283.0421496,275.3036725,248.7844736,201.6910073,131.9374676,51.803346,10.54317528,1.052702568,0.0,0.0,0.0,0.0,0.0,0.0,0.0,0.129039948,3.151365642,28.10138862,94.28335974,184.51521,258.2238321,290.3386296,287.8421848,287.1889887,283.0421496,275.3036725,248.7844736,201.6910073,131.9374676,51.803346,10.54317528,1.052702568,0.0,0.0,0.0,0.0
0.0,0.0,0.0,0.179758091,4.389985259,39.14641963,131.3406968,257.0374702,359.7166895,404.4539571,400.9763042,400.0663744,394.2896527,383.5096277,346.5672651,280.9640802,183.7944572,72.16424597,14.68708785,1.466459079,0.0,0.0,0.0,0.0,0.0,0.0,0.0,0.179758091,4.389985259,39.14641963,131.3406968,257.0374702,359.7166895,404.4539571,400.9763042,400.0663744,394.2896527,383.5096277,346.5672651,280.9640802,183.7944572,72.16424597,14.68708785,1.466459079,0.0,0.0,0.0,0.0,0.0,0.0,0.0,0.179758091,4.389985259,39.14641963,131.3406968,257.0374702,359.7166895,404.4539571,400.9763042,400.0663744,394.2896527,383.5096277,346.5672651,280.9640802,183.7944572,72.16424597,14.68708785,1.466459079,0.0,0.0,0.0,0.0,0.0,0.0,0.0,0.179758091,4.389985259,39.14641963,131.3406968,257.0374702,359.7166895,404.4539571,400.9763042,400.0663744,394.2896527,383.5096277,346.5672651,280.9640802,183.7944572,72.16424597,14.68708785,1.466459079,0.0,0.0,0.0,0.0
0.0,0.0,0.0,0.0,0.0,0.0,0.0,0.0,0.0,0.0,0.0,0.0,0.0,0.0,0.0,0.0,0.0,0.0,0.0,0.0,0.0,0.0,0.0,0.0,0.0,0.0,0.0,0.0,0.0,0.0,0.0,0.0,0.0,0.0,0.0,0.0,0.0,0.0,0.0,0.0,0.0,0.0,0.0,0.0,0.0,0.0,0.0,0.0,0.0,0.0,0.0,0.0,0.0,0.0,0.0,0.0,0.0,0.0,0.0,0.0,0.0,0.0,0.0,0.0,0.0,0.0,0.0,0.0,0.0,0.0,0.0,0.0,0.0,0.0,0.0,0.0,0.0,0.0,0.0,0.0,0.0,0.0,0.0,0.0,0.0,0.0,0.0,0.0,0.0,0.0,0.0,0.0,0.0,0.0,0.0,0.0
0.0,0.0,0.0,0.0,0.0,0.0,0.0,0.0,0.0,0.0,0.0,0.0,0.0,0.0,0.0,0.0,0.0,0.0,0.0,0.0,0.0,0.0,0.0,0.0,0.0,0.0,0.0,0.0,0.0,0.0,0.0,0.0,0.0,0.0,0.0,0.0,0.0,0.0,0.0,0.0,0.0,0.0,0.0,0.0,0.0,0.0,0.0,0.0,0.0,0.0,0.0,0.0,0.0,0.0,0.0,0.0,0.0,0.0,0.0,0.0,0.0,0.0,0.0,0.0,0.0,0.0,0.0,0.0,0.0,0.0,0.0,0.0,0.0,0.0,0.0,0.0,0.0,0.0,0.0,0.0,0.0,0.0,0.0,0.0,0.0,0.0,0.0,0.0,0.0,0.0,0.0,0.0,0.0,0.0,0.0,0.0
0.0,0.0,0.0,0.0,0.0,0.0,0.0,0.0,0.0,0.0,0.0,0.0,0.0,0.0,0.0,0.0,0.0,0.0,0.0,0.0,0.0,0.0,0.0,0.0,0.0,0.0,0.0,0.0,0.0,0.0,0.0,0.0,0.0,0.0,0.0,0.0,0.0,0.0,0.0,0.0,0.0,0.0,0.0,0.0,0.0,0.0,0.0,0.0,0.0,0.0,0.0,0.0,0.0,0.0,0.0,0.0,0.0,0.0,0.0,0.0,0.0,0.0,0.0,0.0,0.0,0.0,0.0,0.0,0.0,0.0,0.0,0.0,0.0,0.0,0.0,0.0,0.0,0.0,0.0,0.0,0.0,0.0,0.0,0.0,0.0,0.0,0.0,0.0,0.0,0.0,0.0,0.0,0.0,0.0,0.0,0.0
0.0,0.0,0.0,0.0,0.0,0.0,0.0,0.0,0.0,0.0,0.0,0.0,0.0,0.0,0.0,0.0,0.0,0.0,0.0,0.0,0.0,0.0,0.0,0.0,0.0,0.0,0.0,0.0,0.0,0.0,0.0,0.0,0.0,0.0,0.0,0.0,0.0,0.0,0.0,0.0,0.0,0.0,0.0,0.0,0.0,0.0,0.0,0.0,0.0,0.0,0.0,0.0,0.0,0.0,0.0,0.0,0.0,0.0,0.0,0.0,0.0,0.0,0.0,0.0,0.0,0.0,0.0,0.0,0.0,0.0,0.0,0.0,0.0,0.0,0.0,0.0,0.0,0.0,0.0,0.0,0.0,0.0,0.0,0.0,0.0,0.0,0.0,0.0,0.0,0.0,0.0,0.0,0.0,0.0,0.0,0.0
0.0,0.0,0.0,0.0,0.0,0.0,0.0,0.0,0.0,0.0,0.0,0.0,0.0,0.0,0.0,0.0,0.0,0.0,0.0,0.0,0.0,0.0,0.0,0.0,0.0,0.0,0.0,0.0,0.0,0.0,0.0,0.0,0.0,0.0,0.0,0.0,0.0,0.0,0.0,0.0,0.0,0.0,0.0,0.0,0.0,0.0,0.0,0.0,0.0,0.0,0.0,0.0,0.0,0.0,0.0,0.0,0.0,0.0,0.0,0.0,0.0,0.0,0.0,0.0,0.0,0.0,0.0,0.0,0.0,0.0,0.0,0.0,0.0,0.0,0.0,0.0,0.0,0.0,0.0,0.0,0.0,0.0,0.0,0.0,0.0,0.0,0.0,0.0,0.0,0.0,0.0,0.0,0.0,0.0,0.0,0.0
0.0,0.0,0.0,0.0,0.0,0.0,0.0,0.0,0.0,0.0,0.0,0.0,0.0,0.0,0.0,0.0,0.0,0.0,0.0,0.0,0.0,0.0,0.0,0.0,0.0,0.0,0.0,0.0,0.0,0.0,0.0,0.0,0.0,0.0,0.0,0.0,0.0,0.0,0.0,0.0,0.0,0.0,0.0,0.0,0.0,0.0,0.0,0.0,0.0,0.0,0.0,0.0,0.0,0.0,0.0,0.0,0.0,0.0,0.0,0.0,0.0,0.0,0.0,0.0,0.0,0.0,0.0,0.0,0.0,0.0,0.0,0.0,0.0,0.0,0.0,0.0,0.0,0.0,0.0,0.0,0.0,0.0,0.0,0.0,0.0,0.0,0.0,0.0,0.0,0.0,0.0,0.0,0.0,0.0,0.0,0.0
0.0,0.0,0.0,0.0,0.0,0.0,0.0,0.0,0.0,0.0,0.0,0.0,0.0,0.0,0.0,0.0,0.0,0.0,0.0,0.0,0.0,0.0,0.0,0.0,0.0,0.0,0.0,0.0,0.0,0.0,0.0,0.0,0.0,0.0,0.0,0.0,0.0,0.0,0.0,0.0,0.0,0.0,0.0,0.0,0.0,0.0,0.0,0.0,0.0,0.0,0.0,0.0,0.0,0.0,0.0,0.0,0.0,0.0,0.0,0.0,0.0,0.0,0.0,0.0,0.0,0.0,0.0,0.0,0.0,0.0,0.0,0.0,0.0,0.0,0.0,0.0,0.0,0.0,0.0,0.0,0.0,0.0,0.0,0.0,0.0,0.0,0.0,0.0,0.0,0.0,0.0,0.0,0.0,0.0,0.0,0.0
0.0,0.0,0.0,0.0,0.382964204,7.189390049,38.10026529,87.28307101,138.502985,173.5244478,182.3845347,175.6938652,178.7543133,175.6967929,149.4318218,107.7477277,70.28941447,30.03369467,6.077656562,1.574758718,0.0,0.0,0.0,0.0,0.0,0.0,0.0,0.0,0.382964204,7.189390049,38.10026529,87.28307101,138.502985,173.5244478,182.3845347,175.6938652,178.7543133,175.6967929,149.4318218,107.7477277,70.28941447,30.03369467,6.077656562,1.574758718,0.0,0.0,0.0,0.0,0.0,0.0,0.0,0.0,0.382964204,7.189390049,38.10026529,87.28307101,138.502985,173.5244478,182.3845347,175.6938652,178.7543133,175.6967929,149.4318218,107.7477277,70.28941447,30.03369467,6.077656562,1.574758718,0.0,0.0,0.0,0.0,0.0,0.0,0.0,0.0,0.382964204,7.189390049,38.10026529,87.28307101,138.502985,173.5244478,182.3845347,175.6938652,178.7543133,175.6967929,149.4318218,107.7477277,70.28941447,30.03369467,6.077656562,1.574758718,0.0,0.0,0.0,0.0
0.0,0.0,0.0,0.0,0.015081895,0.28313254,1.50046455,3.437381678,5.454524201,6.833739359,7.182667277,6.919175347,7.039701907,6.919290645,5.884923622,4.243320736,2.76813754,1.182786886,0.239350255,0.062017144,0.0,0.0,0.0,0.0,0.0,0.0,0.0,0.0,0.015081895,0.28313254,1.50046455,3.437381678,5.454524201,6.833739359,7.182667277,6.919175347,7.039701907,6.919290645,5.884923622,4.243320736,2.76813754,1.182786886,0.239350255,0.062017144,0.0,0.0,0.0,0.0,0.0,0.0,0.0,0.0,0.015081895,0.28313254,1.50046455,3.437381678,5.454524201,6.833739359,7.182667277,6.919175347,7.039701907,6.919290645,5.884923622,4.243320736,2.76813754,1.182786886,0.239350255,0.062017144,0.0,0.0,0.0,0.0,0.0,0.0,0.0,0.0,0.015081895,0.28313254,1.50046455,3.437381678,5.454524201,6.833739359,7.182667277,6.919175347,7.039701907,6.919290645,5.884923622,4.243320736,2.76813754,1.182786886,0.239350255,0.062017144,0.0,0.0,0.0,0.0
0.0,0.0,0.0,0.0,0.032609762,0.612183319,3.244273394,7.432235518,11.79365933,14.7757698,15.53021452,14.96049772,15.22109776,14.96074702,12.72426005,9.174820268,5.985209695,2.557397324,0.517518168,0.134092185,0.0,0.0,0.0,0.0,0.0,0.0,0.0,0.0,0.032609762,0.612183319,3.244273394,7.432235518,11.79365933,14.7757698,15.53021452,14.96049772,15.22109776,14.96074702,12.72426005,9.174820268,5.985209695,2.557397324,0.517518168,0.134092185,0.0,0.0,0.0,0.0,0.0,0.0,0.0,0.0,0.032609762,0.612183319,3.244273394,7.432235518,11.79365933,14.7757698,15.53021452,14.96049772,15.22109776,14.96074702,12.72426005,9.174820268,5.985209695,2.557397324,0.517518168,0.134092185,0.0,0.0,0.0,0.0,0.0,0.0,0.0,0.0,0.032609762,0.612183319,3.244273394,7.432235518,11.79365933,14.7757698,15.53021452,14.96049772,15.22109776,14.96074702,12.72426005,9.174820268,5.985209695,2.557397324,0.517518168,0.134092185,0.0,0.0,0.0,0.0
0.0,0.0,0.0,0.0,1.268857374,23.82026955,126.2358257,289.1909138,458.8954576,574.9304311,604.2861423,582.1182601,592.2582996,582.1279602,495.1054609,356.995503,232.886627,99.50923479,20.13681502,5.217574351,0.0,0.0,0.0,0.0,0.0,0.0,0.0,0.0,1.268857374,23.82026955,126.2358257,289.1909138,458.8954576,574.9304311,604.2861423,582.1182601,592.2582996,582.1279602,495.1054609,356.995503,232.886627,99.50923479,20.13681502,5.217574351,0.0,0.0,0.0,0.0,0.0,0.0,0.0,0.0,1.268857374,23.82026955,126.2358257,289.1909138,458.8954576,574.9304311,604.2861423,582.1182601,592.2582996,582.1279602,495.1054609,356.995503,232.886627,99.50923479,20.13681502,5.217574351,0.0,0.0,0.0,0.0,0.0,0.0,0.0,0.0,1.268857374,23.82026955,126.2358257,289.1909138,458.8954576,574.9304311,604.2861423,582.1182601,592.2582996,582.1279602,495.1054609,356.995503,232.886627,99.50923479,20.13681502,5.217574351,0.0,0.0,0.0,0.0
0.0,0.0,0.0,0.0,0.157151987,2.950215498,15.63470508,35.81720661,56.8356495,71.20694687,74.84274426,72.09718215,73.35305802,72.09838354,61.32037259,44.21501879,28.84374314,12.32453252,2.494008039,0.646213036,0.0,0.0,0.0,0.0,0.0,0.0,0.0,0.0,0.157151987,2.950215498,15.63470508,35.81720661,56.8356495,71.20694687,74.84274426,72.09718215,73.35305802,72.09838354,61.32037259,44.21501879,28.84374314,12.32453252,2.494008039,0.646213036,0.0,0.0,0.0,0.0,0.0,0.0,0.0,0.0,0.157151987,2.950215498,15.63470508,35.81720661,56.8356495,71.20694687,74.84274426,72.09718215,73.35305802,72.09838354,61.32037259,44.21501879,28.84374314,12.32453252,2.494008039,0.646213036,0.0,0.0,0.0,0.0,0.0,0.0,0.0,0.0,0.157151987,2.950215498,15.63470508,35.81720661,56.8356495,71.20694687,74.84274426,72.09718215,73.35305802,72.09838354,61.32037259,44.21501879,28.84374314,12.32453252,2.494008039,0.646213036,0.0,0.0,0.0,0.0
0.0,0.0,0.0,0.0,0.268244703,5.035759942,26.68707476,61.13684048,97.01348503,121.5440333,127.7500216,123.0635871,125.2072574,123.0656378,104.6685153,75.47117173,49.23374797,21.03689958,4.257053692,1.10302916,0.0,0.0,0.0,0.0,0.0,0.0,0.0,0.0,0.268244703,5.035759942,26.68707476,61.13684048,97.01348503,121.5440333,127.7500216,123.0635871,125.2072574,123.0656378,104.6685153,75.47117173,49.23374797,21.03689958,4.257053692,1.10302916,0.0,0.0,0.0,0.0,0.0,0.0,0.0,0.0,0.268244703,5.035759942,26.68707476,61.13684048,97.01348503,121.5440333,127.7500216,123.0635871,125.2072574,123.0656378,104.6685153,75.47117173,49.23374797,21.03689958,4.257053692,1.10302916,0.0,0.0,0.0,0.0,0.0,0.0,0.0,0.0,0.268244703,5.035759942,26.68707476,61.13684048,97.01348503,121.5440333,127.7500216,123.0635871,125.2072574,123.0656378,104.6685153,75.47117173,49.23374797,21.03689958,4.257053692,1.10302916,0.0,0.0,0.0,0.0
0.0,0.0,0.0,0.0,0.533250139,10.0107091,53.05188198,121.5354052,192.8554555,241.6203262,253.9573606,244.6410839,248.9025381,244.6451605,208.0730754,150.0309693,97.87295947,41.81976195,8.462700093,2.19273837,0.0,0.0,0.0,0.0,0.0,0.0,0.0,0.0,0.533250139,10.0107091,53.05188198,121.5354052,192.8554555,241.6203262,253.9573606,244.6410839,248.9025381,244.6451605,208.0730754,150.0309693,97.87295947,41.81976195,8.462700093,2.19273837,0.0,0.0,0.0,0.0,0.0,0.0,0.0,0.0,0.533250139,10.0107091,53.05188198,121.5354052,192.8554555,241.6203262,253.9573606,244.6410839,248.9025381,244.6451605,208.0730754,150.0309693,97.87295947,41.81976195,8.462700093,2.19273837,0.0,0.0,0.0,0.0,0.0,0.0,0.0,0.0,0.533250139,10.0107091,53.05188198,121.5354052,192.8554555,241.6203262,253.9573606,244.6410839,248.9025381,244.6451605,208.0730754,150.0309693,97.87295947,41.81976195,8.462700093,2.19273837,0.0,0.0,0.0,0.0
0.0,0.0,0.0,0.0,0.742839936,13.94534001,73.90350925,169.3039457,268.6557838,336.5873055,353.7733148,340.7953485,346.7317339,340.8010274,289.8545703,208.9994684,136.3411607,58.25669229,11.78889817,3.054577036,0.0,0.0,0.0,0.0,0.0,0.0,0.0,0.0,0.742839936,13.94534001,73.90350925,169.3039457,268.6557838,336.5873055,353.7733148,340.7953485,346.7317339,340.8010274,289.8545703,208.9994684,136.3411607,58.25669229,11.78889817,3.054577036,0.0,0.0,0.0,0.0,0.0,0.0,0.0,0.0,0.742839936,13.94534001,73.90350925,169.3039457,268.6557838,336.5873055,353.7733148,340.7953485,346.7317339,340.8010274,289.8545703,208.9994684,136.3411607,58.25669229,11.78889817,3.054577036,0.0,0.0,0.0,0.0,0.0,0.0,0.0,0.0,0.742839936,13.94534001,73.90350925,169.3039457,268.6557838,336.5873055,353.7733148,340.7953485,346.7317339,340.8010274,289.8545703,208.9994684,136.3411607,58.25669229,11.78889817,3.054577036,0.0,0.0,0.0,0.0
0.0,0.0,0.0,0.0,0.0,0.0,0.0,0.0,0.0,0.0,0.0,0.0,0.0,0.0,0.0,0.0,0.0,0.0,0.0,0.0,0.0,0.0,0.0,0.0,0.0,0.0,0.0,0.0,0.0,0.0,0.0,0.0,0.0,0.0,0.0,0.0,0.0,0.0,0.0,0.0,0.0,0.0,0.0,0.0,0.0,0.0,0.0,0.0,0.0,0.0,0.0,0.0,0.0,0.0,0.0,0.0,0.0,0.0,0.0,0.0,0.0,0.0,0.0,0.0,0.0,0.0,0.0,0.0,0.0,0.0,0.0,0.0,0.0,0.0,0.0,0.0,0.0,0.0,0.0,0.0,0.0,0.0,0.0,0.0,0.0,0.0,0.0,0.0,0.0,0.0,0.0,0.0,0.0,0.0,0.0,0.0
0.0,0.0,0.0,0.0,0.0,0.0,0.0,0.0,0.0,0.0,0.0,0.0,0.0,0.0,0.0,0.0,0.0,0.0,0.0,0.0,0.0,0.0,0.0,0.0,0.0,0.0,0.0,0.0,0.0,0.0,0.0,0.0,0.0,0.0,0.0,0.0,0.0,0.0,0.0,0.0,0.0,0.0,0.0,0.0,0.0,0.0,0.0,0.0,0.0,0.0,0.0,0.0,0.0,0.0,0.0,0.0,0.0,0.0,0.0,0.0,0.0,0.0,0.0,0.0,0.0,0.0,0.0,0.0,0.0,0.0,0.0,0.0,0.0,0.0,0.0,0.0,0.0,0.0,0.0,0.0,0.0,0.0,0.0,0.0,0.0,0.0,0.0,0.0,0.0,0.0,0.0,0.0,0.0,0.0,0.0,0.0
0.0,0.0,0.0,0.0,0.0,0.0,0.0,0.0,0.0,0.0,0.0,0.0,0.0,0.0,0.0,0.0,0.0,0.0,0.0,0.0,0.0,0.0,0.0,0.0,0.0,0.0,0.0,0.0,0.0,0.0,0.0,0.0,0.0,0.0,0.0,0.0,0.0,0.0,0.0,0.0,0.0,0.0,0.0,0.0,0.0,0.0,0.0,0.0,0.0,0.0,0.0,0.0,0.0,0.0,0.0,0.0,0.0,0.0,0.0,0.0,0.0,0.0,0.0,0.0,0.0,0.0,0.0,0.0,0.0,0.0,0.0,0.0,0.0,0.0,0.0,0.0,0.0,0.0,0.0,0.0,0.0,0.0,0.0,0.0,0.0,0.0,0.0,0.0,0.0,0.0,0.0,0.0,0.0,0.0,0.0,0.0
0.0,0.0,0.0,0.0,0.0,0.0,0.0,0.0,0.0,0.0,0.0,0.0,0.0,0.0,0.0,0.0,0.0,0.0,0.0,0.0,0.0,0.0,0.0,0.0,0.0,0.0,0.0,0.0,0.0,0.0,0.0,0.0,0.0,0.0,0.0,0.0,0.0,0.0,0.0,0.0,0.0,0.0,0.0,0.0,0.0,0.0,0.0,0.0,0.0,0.0,0.0,0.0,0.0,0.0,0.0,0.0,0.0,0.0,0.0,0.0,0.0,0.0,0.0,0.0,0.0,0.0,0.0,0.0,0.0,0.0,0.0,0.0,0.0,0.0,0.0,0.0,0.0,0.0,0.0,0.0,0.0,0.0,0.0,0.0,0.0,0.0,0.0,0.0,0.0,0.0,0.0,0.0,0.0,0.0,0.0,0.0
0.0,0.0,0.0,0.0,0.0,0.0,0.0,0.0,0.0,0.0,0.0,0.0,0.0,0.0,0.0,0.0,0.0,0.0,0.0,0.0,0.0,0.0,0.0,0.0,0.0,0.0,0.0,0.0,0.0,0.0,0.0,0.0,0.0,0.0,0.0,0.0,0.0,0.0,0.0,0.0,0.0,0.0,0.0,0.0,0.0,0.0,0.0,0.0,0.0,0.0,0.0,0.0,0.0,0.0,0.0,0.0,0.0,0.0,0.0,0.0,0.0,0.0,0.0,0.0,0.0,0.0,0.0,0.0,0.0,0.0,0.0,0.0,0.0,0.0,0.0,0.0,0.0,0.0,0.0,0.0,0.0,0.0,0.0,0.0,0.0,0.0,0.0,0.0,0.0,0.0,0.0,0.0,0.0,0.0,0.0,0.0
0.0,0.0,0.0,0.0,0.0,0.0,0.0,0.0,0.0,0.0,0.0,0.0,0.0,0.0,0.0,0.0,0.0,0.0,0.0,0.0,0.0,0.0,0.0,0.0,0.0,0.0,0.0,0.0,0.0,0.0,0.0,0.0,0.0,0.0,0.0,0.0,0.0,0.0,0.0,0.0,0.0,0.0,0.0,0.0,0.0,0.0,0.0,0.0,0.0,0.0,0.0,0.0,0.0,0.0,0.0,0.0,0.0,0.0,0.0,0.0,0.0,0.0,0.0,0.0,0.0,0.0,0.0,0.0,0.0,0.0,0.0,0.0,0.0,0.0,0.0,0.0,0.0,0.0,0.0,0.0,0.0,0.0,0.0,0.0,0.0,0.0,0.0,0.0,0.0,0.0,0.0,0.0,0.0,0.0,0.0,0.0
0.0,0.0,0.0,0.0,0.0,0.0,0.0,0.0,0.0,0.0,0.0,0.0,0.0,0.0,0.0,0.0,0.0,0.0,0.0,0.0,0.0,0.0,0.0,0.0,0.0,0.0,0.0,0.0,0.0,0.0,0.0,0.0,0.0,0.0,0.0,0.0,0.0,0.0,0.0,0.0,0.0,0.0,0.0,0.0,0.0,0.0,0.0,0.0,0.0,0.0,0.0,0.0,0.0,0.0,0.0,0.0,0.0,0.0,0.0,0.0,0.0,0.0,0.0,0.0,0.0,0.0,0.0,0.0,0.0,0.0,0.0,0.0,0.0,0.0,0.0,0.0,0.0,0.0,0.0,0.0,0.0,0.0,0.0,0.0,0.0,0.0,0.0,0.0,0.0,0.0,0.0,0.0,0.0,0.0,0.0,0.0
0.0,0.0,0.0,0.0,0.125327598,4.722699705,39.57075325,102.5454501,160.217427,199.4760436,220.5371606,223.7205717,215.5062654,189.3686487,165.8764241,120.2274513,64.76295161,18.0088889,2.232362644,0.0,0.0,0.0,0.0,0.0,0.0,0.0,0.0,0.0,0.125327598,4.722699705,39.57075325,102.5454501,160.217427,199.4760436,220.5371606,223.7205717,215.5062654,189.3686487,165.8764241,120.2274513,64.76295161,18.0088889,2.232362644,0.0,0.0,0.0,0.0,0.0,0.0,0.0,0.0,0.0,0.125327598,4.722699705,39.57075325,102.5454501,160.217427,199.4760436,220.5371606,223.7205717,215.5062654,189.3686487,165.8764241,120.2274513,64.76295161,18.0088889,2.232362644,0.0,0.0,0.0,0.0,0.0,0.0,0.0,0.0,0.0,0.125327598,4.722699705,39.57075325,102.5454501,160.217427,199.4760436,220.5371606,223.7205717,215.5062654,189.3686487,165.8764241,120.2274513,64.76295161,18.0088889,2.232362644,0.0,0.0,0.0,0.0,0.0
0.0,0.0,0.0,0.0,0.004935651,0.185989348,1.558375303,4.038444651,6.309682299,7.855765037,8.685193892,8.810562978,8.487067188,7.457715638,6.532544907,4.734797177,2.550494394,0.709226016,0.0879149,0.0,0.0,0.0,0.0,0.0,0.0,0.0,0.0,0.0,0.004935651,0.185989348,1.558375303,4.038444651,6.309682299,7.855765037,8.685193892,8.810562978,8.487067188,7.457715638,6.532544907,4.734797177,2.550494394,0.709226016,0.0879149,0.0,0.0,0.0,0.0,0.0,0.0,0.0,0.0,0.0,0.004935651,0.185989348,1.558375303,4.038444651,6.309682299,7.855765037,8.685193892,8.810562978,8.487067188,7.457715638,6.532544907,4.734797177,2.550494394,0.709226016,0.0879149,0.0,0.0,0.0,0.0,0.0,0.0,0.0,0.0,0.0,0.004935651,0.185989348,1.558375303,4.038444651,6.309682299,7.855765037,8.685193892,8.810562978,8.487067188,7.457715638,6.532544907,4.734797177,2.550494394,0.709226016,0.0879149,0.0,0.0,0.0,0.0,0.0
0.0,0.0,0.0,0.0,0.010671763,0.402142318,3.369486825,8.731841439,13.64266447,16.98557257,18.77894647,19.05001691,18.35056101,16.1249184,14.12453339,10.23748046,5.514626189,1.533473813,0.190087777,0.0,0.0,0.0,0.0,0.0,0.0,0.0,0.0,0.0,0.010671763,0.402142318,3.369486825,8.731841439,13.64266447,16.98557257,18.77894647,19.05001691,18.35056101,16.1249184,14.12453339,10.23748046,5.514626189,1.533473813,0.190087777,0.0,0.0,0.0,0.0,0.0,0.0,0.0,0.0,0.0,0.010671763,0.402142318,3.369486825,8.731841439,13.64266447,16.98557257,18.77894647,19.05001691,18.35056101,16.1249184,14.12453339,10.23748046,5.514626189,1.533473813,0.190087777,0.0,0.0,0.0,0.0,0.0,0.0,0.0,0.0,0.0,0.010671763,0.402142318,3.369486825,8.731841439,13.64266447,16.98557257,18.77894647,19.05001691,18.35056101,16.1249184,14.12453339,10.23748046,5.514626189,1.533473813,0.190087777,0.0,0.0,0.0,0.0,0.0
0.0,0.0,0.0,0.0,0.415242063,15.64749988,131.1079246,339.75904,530.8409019,660.9146387,730.6954518,741.2428987,714.0268221,627.4262804,549.590592,398.343987,214.5760563,59.66800866,7.396382661,0.0,0.0,0.0,0.0,0.0,0.0,0.0,0.0,0.0,0.415242063,15.64749988,131.1079246,339.75904,530.8409019,660.9146387,730.6954518,741.2428987,714.0268221,627.4262804,549.590592,398.343987,214.5760563,59.66800866,7.396382661,0.0,0.0,0.0,0.0,0.0,0.0,0.0,0.0,0.0,0.415242063,15.64749988,131.1079246,339.75904,530.8409019,660.9146387,730.6954518,741.2428987,714.0268221,627.4262804,549.590592,398.343987,214.5760563,59.66800866,7.396382661,0.0,0.0,0.0,0.0,0.0,0.0,0.0,0.0,0.0,0.415242063,15.64749988,131.1079246,339.75904,530.8409019,660.9146387,730.6954518,741.2428987,714.0268221,627.4262804,549.590592,398.343987,214.5760563,59.66800866,7.396382661,0.0,0.0,0.0,0.0,0.0
0.0,0.0,0.0,0.0,0.051429039,1.937992203,16.2381299,42.0802285,65.74631964,81.85636212,90.49893587,91.80527043,88.43447352,77.70872334,68.06852789,49.33615892,26.57592121,7.390071029,0.916065316,0.0,0.0,0.0,0.0,0.0,0.0,0.0,0.0,0.0,0.051429039,1.937992203,16.2381299,42.0802285,65.74631964,81.85636212,90.49893587,91.80527043,88.43447352,77.70872334,68.06852789,49.33615892,26.57592121,7.390071029,0.916065316,0.0,0.0,0.0,0.0,0.0,0.0,0.0,0.0,0.0,0.051429039,1.937992203,16.2381299,42.0802285,65.74631964,81.85636212,90.49893587,91.80527043,88.43447352,77.70872334,68.06852789,49.33615892,26.57592121,7.390071029,0.916065316,0.0,0.0,0.0,0.0,0.0,0.0,0.0,0.0,0.0,0.051429039,1.937992203,16.2381299,42.0802285,65.74631964,81.85636212,90.49893587,91.80527043,88.43447352,77.70872334,68.06852789,49.33615892,26.57592121,7.390071029,0.916065316,0.0,0.0,0.0,0.0,0.0
0.0,0.0,0.0,0.0,0.087784873,3.307983268,27.71706817,71.82727133,112.22322,139.7216541,154.473772,156.7035709,150.9499152,132.6419973,116.1870264,84.21251022,45.3627742,12.61420519,1.563643411,0.0,0.0,0.0,0.0,0.0,0.0,0.0,0.0,0.0,0.087784873,3.307983268,27.71706817,71.82727133,112.22322,139.7216541,154.473772,156.7035709,150.9499152,132.6419973,116.1870264,84.21251022,45.3627742,12.61420519,1.563643411,0.0,0.0,0.0,0.0,0.0,0.0,0.0,0.0,0.0,0.087784873,3.307983268,27.71706817,71.82727133,112.22322,139.7216541,154.473772,156.7035709,150.9499152,132.6419973,116.1870264,84.21251022,45.3627742,12.61420519,1.563643411,0.0,0.0,0.0,0.0,0.0,0.0,0.0,0.0,0.0,0.087784873,3.307983268,27.71706817,71.82727133,112.22322,139.7216541,154.473772,156.7035709,150.9499152,132.6419973,116.1870264,84.21251022,45.3627742,12.61420519,1.563643411,0.0,0.0,0.0,0.0,0.0
0.0,0.0,0.0,0.0,0.174509675,6.57602002,55.09943081,142.7871715,223.0912558,277.7560587,307.0821509,311.5148221,300.0769907,263.6822375,230.9710026,167.4080877,90.17775701,25.07608388,3.10840459,0.0,0.0,0.0,0.0,0.0,0.0,0.0,0.0,0.0,0.174509675,6.57602002,55.09943081,142.7871715,223.0912558,277.7560587,307.0821509,311.5148221,300.0769907,263.6822375,230.9710026,167.4080877,90.17775701,25.07608388,3.10840459,0.0,0.0,0.0,0.0,0.0,0.0,0.0,0.0,0.0,0.174509675,6.57602002,55.09943081,142.7871715,223.0912558,277.7560587,307.0821509,311.5148221,300.0769907,263.6822375,230.9710026,167.4080877,90.17775701,25.07608388,3.10840459,0.0,0.0,0.0,0.0,0.0,0.0,0.0,0.0,0.0,0.174509675,6.57602002,55.09943081,142.7871715,223.0912558,277.7560587,307.0821509,311.5148221,300.0769907,263.6822375,230.9710026,167.4080877,90.17775701,25.07608388,3.10840459,0.0,0.0,0.0,0.0,0.0
0.0,0.0,0.0,0.0,0.243099338,9.160673255,76.75583113,198.9085525,310.7755289,386.9259051,427.7783885,433.9532864,418.0199049,367.3204786,321.7523486,233.2065272,125.6214191,34.93204251,4.330138702,0.0,0.0,0.0,0.0,0.0,0.0,0.0,0.0,0.0,0.243099338,9.160673255,76.75583113,198.9085525,310.7755289,386.9259051,427.7783885,433.9532864,418.0199049,367.3204786,321.7523486,233.2065272,125.6214191,34.93204251,4.330138702,0.0,0.0,0.0,0.0,0.0,0.0,0.0,0.0,0.0,0.243099338,9.160673255,76.75583113,198.9085525,310.7755289,386.9259051,427.7783885,433.9532864,418.0199049,367.3204786,321.7523486,233.2065272,125.6214191,34.93204251,4.330138702,0.0,0.0,0.0,0.0,0.0,0.0,0.0,0.0,0.0,0.243099338,9.160673255,76.75583113,198.9085525,310.7755289,386.9259051,427.7783885,433.9532864,418.0199049,367.3204786,321.7523486,233.2065272,125.6214191,34.93204251,4.330138702,0.0,0.0,0.0,0.0,0.0
0.0,0.0,0.0,0.0,0.0,0.0,0.0,0.0,0.0,0.0,0.0,0.0,0.0,0.0,0.0,0.0,0.0,0.0,0.0,0.0,0.0,0.0,0.0,0.0,0.0,0.0,0.0,0.0,0.0,0.0,0.0,0.0,0.0,0.0,0.0,0.0,0.0,0.0,0.0,0.0,0.0,0.0,0.0,0.0,0.0,0.0,0.0,0.0,0.0,0.0,0.0,0.0,0.0,0.0,0.0,0.0,0.0,0.0,0.0,0.0,0.0,0.0,0.0,0.0,0.0,0.0,0.0,0.0,0.0,0.0,0.0,0.0,0.0,0.0,0.0,0.0,0.0,0.0,0.0,0.0,0.0,0.0,0.0,0.0,0.0,0.0,0.0,0.0,0.0,0.0,0.0,0.0,0.0,0.0,0.0,0.0
0.0,0.0,0.0,0.0,0.0,0.0,0.0,0.0,0.0,0.0,0.0,0.0,0.0,0.0,0.0,0.0,0.0,0.0,0.0,0.0,0.0,0.0,0.0,0.0,0.0,0.0,0.0,0.0,0.0,0.0,0.0,0.0,0.0,0.0,0.0,0.0,0.0,0.0,0.0,0.0,0.0,0.0,0.0,0.0,0.0,0.0,0.0,0.0,0.0,0.0,0.0,0.0,0.0,0.0,0.0,0.0,0.0,0.0,0.0,0.0,0.0,0.0,0.0,0.0,0.0,0.0,0.0,0.0,0.0,0.0,0.0,0.0,0.0,0.0,0.0,0.0,0.0,0.0,0.0,0.0,0.0,0.0,0.0,0.0,0.0,0.0,0.0,0.0,0.0,0.0,0.0,0.0,0.0,0.0,0.0,0.0
0.0,0.0,0.0,0.0,0.0,0.0,0.0,0.0,0.0,0.0,0.0,0.0,0.0,0.0,0.0,0.0,0.0,0.0,0.0,0.0,0.0,0.0,0.0,0.0,0.0,0.0,0.0,0.0,0.0,0.0,0.0,0.0,0.0,0.0,0.0,0.0,0.0,0.0,0.0,0.0,0.0,0.0,0.0,0.0,0.0,0.0,0.0,0.0,0.0,0.0,0.0,0.0,0.0,0.0,0.0,0.0,0.0,0.0,0.0,0.0,0.0,0.0,0.0,0.0,0.0,0.0,0.0,0.0,0.0,0.0,0.0,0.0,0.0,0.0,0.0,0.0,0.0,0.0,0.0,0.0,0.0,0.0,0.0,0.0,0.0,0.0,0.0,0.0,0.0,0.0,0.0,0.0,0.0,0.0,0.0,0.0
0.0,0.0,0.0,0.0,0.0,0.0,0.0,0.0,0.0,0.0,0.0,0.0,0.0,0.0,0.0,0.0,0.0,0.0,0.0,0.0,0.0,0.0,0.0,0.0,0.0,0.0,0.0,0.0,0.0,0.0,0.0,0.0,0.0,0.0,0.0,0.0,0.0,0.0,0.0,0.0,0.0,0.0,0.0,0.0,0.0,0.0,0.0,0.0,0.0,0.0,0.0,0.0,0.0,0.0,0.0,0.0,0.0,0.0,0.0,0.0,0.0,0.0,0.0,0.0,0.0,0.0,0.0,0.0,0.0,0.0,0.0,0.0,0.0,0.0,0.0,0.0,0.0,0.0,0.0,0.0,0.0,0.0,0.0,0.0,0.0,0.0,0.0,0.0,0.0,0.0,0.0,0.0,0.0,0.0,0.0,0.0
0.0,0.0,0.0,0.0,0.0,0.0,0.0,0.0,0.0,0.0,0.0,0.0,0.0,0.0,0.0,0.0,0.0,0.0,0.0,0.0,0.0,0.0,0.0,0.0,0.0,0.0,0.0,0.0,0.0,0.0,0.0,0.0,0.0,0.0,0.0,0.0,0.0,0.0,0.0,0.0,0.0,0.0,0.0,0.0,0.0,0.0,0.0,0.0,0.0,0.0,0.0,0.0,0.0,0.0,0.0,0.0,0.0,0.0,0.0,0.0,0.0,0.0,0.0,0.0,0.0,0.0,0.0,0.0,0.0,0.0,0.0,0.0,0.0,0.0,0.0,0.0,0.0,0.0,0.0,0.0,0.0,0.0,0.0,0.0,0.0,0.0,0.0,0.0,0.0,0.0,0.0,0.0,0.0,0.0,0.0,0.0
0.0,0.0,0.0,0.0,0.0,0.0,0.0,0.0,0.0,0.0,0.0,0.0,0.0,0.0,0.0,0.0,0.0,0.0,0.0,0.0,0.0,0.0,0.0,0.0,0.0,0.0,0.0,0.0,0.0,0.0,0.0,0.0,0.0,0.0,0.0,0.0,0.0,0.0,0.0,0.0,0.0,0.0,0.0,0.0,0.0,0.0,0.0,0.0,0.0,0.0,0.0,0.0,0.0,0.0,0.0,0.0,0.0,0.0,0.0,0.0,0.0,0.0,0.0,0.0,0.0,0.0,0.0,0.0,0.0,0.0,0.0,0.0,0.0,0.0,0.0,0.0,0.0,0.0,0.0,0.0,0.0,0.0,0.0,0.0,0.0,0.0,0.0,0.0,0.0,0.0,0.0,0.0,0.0,0.0,0.0,0.0
0.0,0.0,0.0,0.0,0.0,0.0,0.0,0.0,0.0,0.0,0.0,0.0,0.0,0.0,0.0,0.0,0.0,0.0,0.0,0.0,0.0,0.0,0.0,0.0,0.0,0.0,0.0,0.0,0.0,0.0,0.0,0.0,0.0,0.0,0.0,0.0,0.0,0.0,0.0,0.0,0.0,0.0,0.0,0.0,0.0,0.0,0.0,0.0,0.0,0.0,0.0,0.0,0.0,0.0,0.0,0.0,0.0,0.0,0.0,0.0,0.0,0.0,0.0,0.0,0.0,0.0,0.0,0.0,0.0,0.0,0.0,0.0,0.0,0.0,0.0,0.0,0.0,0.0,0.0,0.0,0.0,0.0,0.0,0.0,0.0,0.0,0.0,0.0,0.0,0.0,0.0,0.0,0.0,0.0,0.0,0.0
0.0,0.0,0.0,0.0,0.0,0.883936785,24.54067502,80.96478095,139.8410514,181.9833288,202.1397899,208.3632679,208.6112206,197.1242088,169.5520247,119.0106588,47.28093408,5.465657017,0.0,0.0,0.0,0.0,0.0,0.0,0.0,0.0,0.0,0.0,0.0,0.883936785,24.54067502,80.96478095,139.8410514,181.9833288,202.1397899,208.3632679,208.6112206,197.1242088,169.5520247,119.0106588,47.28093408,5.465657017,0.0,0.0,0.0,0.0,0.0,0.0,0.0,0.0,0.0,0.0,0.0,0.883936785,24.54067502,80.96478095,139.8410514,181.9833288,202.1397899,208.3632679,208.6112206,197.1242088,169.5520247,119.0106588,47.28093408,5.465657017,0.0,0.0,0.0,0.0,0.0,0.0,0.0,0.0,0.0,0.0,0.0,0.883936785,24.54067502,80.96478095,139.8410514,181.9833288,202.1397899,208.3632679,208.6112206,197.1242088,169.5520247,119.0106588,47.28093408,5.465657017,0.0,0.0,0.0,0.0,0.0,0.0
0.0,0.0,0.0,0.0,0.0,0.034811196,0.9664608,3.188554795,5.507219926,7.166866985,7.960668687,8.205761681,8.215526554,7.763145082,6.6772974,4.686877459,1.862017624,0.215248491,0.0,0.0,0.0,0.0,0.0,0.0,0.0,0.0,0.0,0.0,0.0,0.034811196,0.9664608,3.188554795,5.507219926,7.166866985,7.960668687,8.205761681,8.215526554,7.763145082,6.6772974,4.686877459,1.862017624,0.215248491,0.0,0.0,0.0,0.0,0.0,0.0,0.0,0.0,0.0,0.0,0.0,0.034811196,0.9664608,3.188554795,5.507219926,7.166866985,7.960668687,8.205761681,8.215526554,7.763145082,6.6772974,4.686877459,1.862017624,0.215248491,0.0,0.0,0.0,0.0,0.0,0.0,0.0,0.0,0.0,0.0,0.0,0.034811196,0.9664608,3.188554795,5.507219926,7.166866985,7.960668687,8.205761681,8.215526554,7.763145082,6.6772974,4.686877459,1.862017624,0.215248491,0.0,0.0,0.0,0.0,0.0,0.0
0.0,0.0,0.0,0.0,0.0,0.075268048,2.089661539,6.894227183,11.90759694,15.49605146,17.21239307,17.74232807,17.76344147,16.78531162,14.43751423,10.13386943,4.026015968,0.465405831,0.0,0.0,0.0,0.0,0.0,0.0,0.0,0.0,0.0,0.0,0.0,0.075268048,2.089661539,6.894227183,11.90759694,15.49605146,17.21239307,17.74232807,17.76344147,16.78531162,14.43751423,10.13386943,4.026015968,0.465405831,0.0,0.0,0.0,0.0,0.0,0.0,0.0,0.0,0.0,0.0,0.0,0.075268048,2.089661539,6.894227183,11.90759694,15.49605146,17.21239307,17.74232807,17.76344147,16.78531162,14.43751423,10.13386943,4.026015968,0.465405831,0.0,0.0,0.0,0.0,0.0,0.0,0.0,0.0,0.0,0.0,0.0,0.075268048,2.089661539,6.894227183,11.90759694,15.49605146,17.21239307,17.74232807,17.76344147,16.78531162,14.43751423,10.13386943,4.026015968,0.465405831,0.0,0.0,0.0,0.0,0.0,0.0
0.0,0.0,0.0,0.0,0.0,2.928706375,81.3094699,268.2568191,463.3288102,602.9568454,669.7403047,690.360263,691.1817931,653.1224143,561.7687874,394.3124454,156.6537059,18.10910557,0.0,0.0,0.0,0.0,0.0,0.0,0.0,0.0,0.0,0.0,0.0,2.928706375,81.3094699,268.2568191,463.3288102,602.9568454,669.7403047,690.360263,691.1817931,653.1224143,561.7687874,394.3124454,156.6537059,18.10910557,0.0,0.0,0.0,0.0,0.0,0.0,0.0,0.0,0.0,0.0,0.0,2.928706375,81.3094699,268.2568191,463.3288102,602.9568454,669.7403047,690.360263,691.1817931,653.1224143,561.7687874,394.3124454,156.6537059,18.10910557,0.0,0.0,0.0,0.0,0.0,0.0,0.0,0.0,0.0,0.0,0.0,2.928706375,81.3094699,268.2568191,463.3288102,602.9568454,669.7403047,690.360263,691.1817931,653.1224143,561.7687874,394.3124454,156.6537059,18.10910557,0.0,0.0,0.0,0.0,0.0,0.0
0.0,0.0,0.0,0.0,0.0,0.36272952,10.07043425,33.22445296,57.3847342,74.67810665,82.94944868,85.50329554,85.60504464,80.89127056,69.57683579,48.83683978,19.40205546,2.24286983,0.0,0.0,0.0,0.0,0.0,0.0,0.0,0.0,0.0,0.0,0.0,0.36272952,10.07043425,33.22445296,57.3847342,74.67810665,82.94944868,85.50329554,85.60504464,80.89127056,69.57683579,48.83683978,19.40205546,2.24286983,0.0,0.0,0.0,0.0,0.0,0.0,0.0,0.0,0.0,0.0,0.0,0.36272952,10.07043425,33.22445296,57.3847342,74.67810665,82.94944868,85.50329554,85.60504464,80.89127056,69.57683579,48.83683978,19.40205546,2.24286983,0.0,0.0,0.0,0.0,0.0,0.0,0.0,0.0,0.0,0.0,0.0,0.36272952,10.07043425,33.22445296,57.3847342,74.67810665,82.94944868,85.50329554,85.60504464,80.89127056,69.57683579,48.83683978,19.40205546,2.24286983,0.0,0.0,0.0,0.0,0.0,0.0
0.0,0.0,0.0,0.0,0.0,0.61914758,17.18935089,56.71123667,97.95072461,127.4689996,141.5874573,145.9466507,146.1203275,138.0743272,118.7615762,83.36021611,33.11761251,3.828382725,0.0,0.0,0.0,0.0,0.0,0.0,0.0,0.0,0.0,0.0,0.0,0.61914758,17.18935089,56.71123667,97.95072461,127.4689996,141.5874573,145.9466507,146.1203275,138.0743272,118.7615762,83.36021611,33.11761251,3.828382725,0.0,0.0,0.0,0.0,0.0,0.0,0.0,0.0,0.0,0.0,0.0,0.61914758,17.18935089,56.71123667,97.95072461,127.4689996,141.5874573,145.9466507,146.1203275,138.0743272,118.7615762,83.36021611,33.11761251,3.828382725,0.0,0.0,0.0,0.0,0.0,0.0,0.0,0.0,0.0,0.0,0.0,0.61914758,17.18935089,56.71123667,97.95072461,127.4689996,141.5874573,145.9466507,146.1203275,138.0743272,118.7615762,83.36021611,33.11761251,3.828382725,0.0,0.0,0.0,0.0,0.0,0.0
0.0,0.0,0.0,0.0,0.0,1.230818463,34.17112676,112.7376403,194.7186167,253.3987101,281.4651341,290.13088,290.4761363,274.4812976,236.0890123,165.7137917,65.83530365,7.610534698,0.0,0.0,0.0,0.0,0.0,0.0,0.0,0.0,0.0,0.0,0.0,1.230818463,34.17112676,112.7376403,194.7186167,253.3987101,281.4651341,290.13088,290.4761363,274.4812976,236.0890123,165.7137917,65.83530365,7.610534698,0.0,0.0,0.0,0.0,0.0,0.0,0.0,0.0,0.0,0.0,0.0,1.230818463,34.17112676,112.7376403,194.7186167,253.3987101,281.4651341,290.13088,290.4761363,274.4812976,236.0890123,165.7137917,65.83530365,7.610534698,0.0,0.0,0.0,0.0,0.0,0.0,0.0,0.0,0.0,0.0,0.0,1.230818463,34.17112676,112.7376403,194.7186167,253.3987101,281.4651341,290.13088,290.4761363,274.4812976,236.0890123,165.7137917,65.83530365,7.610534698,0.0,0.0,0.0,0.0,0.0,0.0
0.0,0.0,0.0,0.0,0.0,1.714582033,47.60182086,157.048288,271.251246,352.9950911,392.0928035,404.1645531,404.6455098,382.3640248,328.881952,230.8463013,91.71135482,10.60179584,0.0,0.0,0.0,0.0,0.0,0.0,0.0,0.0,0.0,0.0,0.0,1.714582033,47.60182086,157.048288,271.251246,352.9950911,392.0928035,404.1645531,404.6455098,382.3640248,328.881952,230.8463013,91.71135482,10.60179584,0.0,0.0,0.0,0.0,0.0,0.0,0.0,0.0,0.0,0.0,0.0,1.714582033,47.60182086,157.048288,271.251246,352.9950911,392.0928035,404.1645531,404.6455098,382.3640248,328.881952,230.8463013,91.71135482,10.60179584,0.0,0.0,0.0,0.0,0.0,0.0,0.0,0.0,0.0,0.0,0.0,1.714582033,47.60182086,157.048288,271.251246,352.9950911,392.0928035,404.1645531,404.6455098,382.3640248,328.881952,230.8463013,91.71135482,10.60179584,0.0,0.0,0.0,0.0,0.0,0.0
0.0,0.0,0.0,0.0,0.0,0.0,0.0,0.0,0.0,0.0,0.0,0.0,0.0,0.0,0.0,0.0,0.0,0.0,0.0,0.0,0.0,0.0,0.0,0.0,0.0,0.0,0.0,0.0,0.0,0.0,0.0,0.0,0.0,0.0,0.0,0.0,0.0,0.0,0.0,0.0,0.0,0.0,0.0,0.0,0.0,0.0,0.0,0.0,0.0,0.0,0.0,0.0,0.0,0.0,0.0,0.0,0.0,0.0,0.0,0.0,0.0,0.0,0.0,0.0,0.0,0.0,0.0,0.0,0.0,0.0,0.0,0.0,0.0,0.0,0.0,0.0,0.0,0.0,0.0,0.0,0.0,0.0,0.0,0.0,0.0,0.0,0.0,0.0,0.0,0.0,0.0,0.0,0.0,0.0,0.0,0.0
0.0,0.0,0.0,0.0,0.0,0.0,0.0,0.0,0.0,0.0,0.0,0.0,0.0,0.0,0.0,0.0,0.0,0.0,0.0,0.0,0.0,0.0,0.0,0.0,0.0,0.0,0.0,0.0,0.0,0.0,0.0,0.0,0.0,0.0,0.0,0.0,0.0,0.0,0.0,0.0,0.0,0.0,0.0,0.0,0.0,0.0,0.0,0.0,0.0,0.0,0.0,0.0,0.0,0.0,0.0,0.0,0.0,0.0,0.0,0.0,0.0,0.0,0.0,0.0,0.0,0.0,0.0,0.0,0.0,0.0,0.0,0.0,0.0,0.0,0.0,0.0,0.0,0.0,0.0,0.0,0.0,0.0,0.0,0.0,0.0,0.0,0.0,0.0,0.0,0.0,0.0,0.0,0.0,0.0,0.0,0.0
0.0,0.0,0.0,0.0,0.0,0.0,0.0,0.0,0.0,0.0,0.0,0.0,0.0,0.0,0.0,0.0,0.0,0.0,0.0,0.0,0.0,0.0,0.0,0.0,0.0,0.0,0.0,0.0,0.0,0.0,0.0,0.0,0.0,0.0,0.0,0.0,0.0,0.0,0.0,0.0,0.0,0.0,0.0,0.0,0.0,0.0,0.0,0.0,0.0,0.0,0.0,0.0,0.0,0.0,0.0,0.0,0.0,0.0,0.0,0.0,0.0,0.0,0.0,0.0,0.0,0.0,0.0,0.0,0.0,0.0,0.0,0.0,0.0,0.0,0.0,0.0,0.0,0.0,0.0,0.0,0.0,0.0,0.0,0.0,0.0,0.0,0.0,0.0,0.0,0.0,0.0,0.0,0.0,0.0,0.0,0.0
0.0,0.0,0.0,0.0,0.0,0.0,0.0,0.0,0.0,0.0,0.0,0.0,0.0,0.0,0.0,0.0,0.0,0.0,0.0,0.0,0.0,0.0,0.0,0.0,0.0,0.0,0.0,0.0,0.0,0.0,0.0,0.0,0.0,0.0,0.0,0.0,0.0,0.0,0.0,0.0,0.0,0.0,0.0,0.0,0.0,0.0,0.0,0.0,0.0,0.0,0.0,0.0,0.0,0.0,0.0,0.0,0.0,0.0,0.0,0.0,0.0,0.0,0.0,0.0,0.0,0.0,0.0,0.0,0.0,0.0,0.0,0.0,0.0,0.0,0.0,0.0,0.0,0.0,0.0,0.0,0.0,0.0,0.0,0.0,0.0,0.0,0.0,0.0,0.0,0.0,0.0,0.0,0.0,0.0,0.0,0.0
0.0,0.0,0.0,0.0,0.0,0.0,0.0,0.0,0.0,0.0,0.0,0.0,0.0,0.0,0.0,0.0,0.0,0.0,0.0,0.0,0.0,0.0,0.0,0.0,0.0,0.0,0.0,0.0,0.0,0.0,0.0,0.0,0.0,0.0,0.0,0.0,0.0,0.0,0.0,0.0,0.0,0.0,0.0,0.0,0.0,0.0,0.0,0.0,0.0,0.0,0.0,0.0,0.0,0.0,0.0,0.0,0.0,0.0,0.0,0.0,0.0,0.0,0.0,0.0,0.0,0.0,0.0,0.0,0.0,0.0,0.0,0.0,0.0,0.0,0.0,0.0,0.0,0.0,0.0,0.0,0.0,0.0,0.0,0.0,0.0,0.0,0.0,0.0,0.0,0.0,0.0,0.0,0.0,0.0,0.0,0.0
0.0,0.0,0.0,0.0,0.0,0.0,0.0,0.0,0.0,0.0,0.0,0.0,0.0,0.0,0.0,0.0,0.0,0.0,0.0,0.0,0.0,0.0,0.0,0.0,0.0,0.0,0.0,0.0,0.0,0.0,0.0,0.0,0.0,0.0,0.0,0.0,0.0,0.0,0.0,0.0,0.0,0.0,0.0,0.0,0.0,0.0,0.0,0.0,0.0,0.0,0.0,0.0,0.0,0.0,0.0,0.0,0.0,0.0,0.0,0.0,0.0,0.0,0.0,0.0,0.0,0.0,0.0,0.0,0.0,0.0,0.0,0.0,0.0,0.0,0.0,0.0,0.0,0.0,0.0,0.0,0.0,0.0,0.0,0.0,0.0,0.0,0.0,0.0,0.0,0.0,0.0,0.0,0.0,0.0,0.0,0.0
0.0,0.0,0.0,0.0,0.0,0.0,0.0,0.0,0.0,0.0,0.0,0.0,0.0,0.0,0.0,0.0,0.0,0.0,0.0,0.0,0.0,0.0,0.0,0.0,0.0,0.0,0.0,0.0,0.0,0.0,0.0,0.0,0.0,0.0,0.0,0.0,0.0,0.0,0.0,0.0,0.0,0.0,0.0,0.0,0.0,0.0,0.0,0.0,0.0,0.0,0.0,0.0,0.0,0.0,0.0,0.0,0.0,0.0,0.0,0.0,0.0,0.0,0.0,0.0,0.0,0.0,0.0,0.0,0.0,0.0,0.0,0.0,0.0,0.0,0.0,0.0,0.0,0.0,0.0,0.0,0.0,0.0,0.0,0.0,0.0,0.0,0.0,0.0,0.0,0.0,0.0,0.0,0.0,0.0,0.0,0.0
0.0,0.0,0.0,0.0,0.027475233,2.610710108,21.86476753,58.426082,103.1548597,145.4988098,169.8657378,184.1927203,183.0649971,166.4830187,141.8030532,108.9985264,62.13625182,17.97837337,1.26892785,0.0,0.0,0.0,0.0,0.0,0.0,0.0,0.0,0.0,0.027475233,2.610710108,21.86476753,58.426082,103.1548597,145.4988098,169.8657378,184.1927203,183.0649971,166.4830187,141.8030532,108.9985264,62.13625182,17.97837337,1.26892785,0.0,0.0,0.0,0.0,0.0,0.0,0.0,0.0,0.0,0.027475233,2.610710108,21.86476753,58.426082,103.1548597,145.4988098,169.8657378,184.1927203,183.0649971,166.4830187,141.8030532,108.9985264,62.13625182,17.97837337,1.26892785,0.0,0.0,0.0,0.0,0.0,0.0,0.0,0.0,0.0,0.027475233,2.610710108,21.86476753,58.426082,103.1548597,145.4988098,169.8657378,184.1927203,183.0649971,166.4830187,141.8030532,108.9985264,62.13625182,17.97837337,1.26892785,0.0,0.0,0.0,0.0,0.0
0.0,0.0,0.0,0.0,0.00108203,0.102814979,0.861078219,2.300935811,4.062444421,5.730033754,6.689652048,7.253877238,7.209465247,6.556433814,5.584487478,4.292579687,2.447049709,0.708024254,0.049972913,0.0,0.0,0.0,0.0,0.0,0.0,0.0,0.0,0.0,0.00108203,0.102814979,0.861078219,2.300935811,4.062444421,5.730033754,6.689652048,7.253877238,7.209465247,6.556433814,5.584487478,4.292579687,2.447049709,0.708024254,0.049972913,0.0,0.0,0.0,0.0,0.0,0.0,0.0,0.0,0.0,0.00108203,0.102814979,0.861078219,2.300935811,4.062444421,5.730033754,6.689652048,7.253877238,7.209465247,6.556433814,5.584487478,4.292579687,2.447049709,0.708024254,0.049972913,0.0,0.0,0.0,0.0,0.0,0.0,0.0,0.0,0.0,0.00108203,0.102814979,0.861078219,2.300935811,4.062444421,5.730033754,6.689652048,7.253877238,7.209465247,6.556433814,5.584487478,4.292579687,2.447049709,0.708024254,0.049972913,0.0,0.0,0.0,0.0,0.0
0.0,0.0,0.0,0.0,0.002339542,0.222304419,1.861805502,4.975035787,8.783733245,12.38936039,14.4642272,15.68418323,15.58815654,14.17618549,12.07466324,9.281326953,5.290960234,1.530875387,0.108050399,0.0,0.0,0.0,0.0,0.0,0.0,0.0,0.0,0.0,0.002339542,0.222304419,1.861805502,4.975035787,8.783733245,12.38936039,14.4642272,15.68418323,15.58815654,14.17618549,12.07466324,9.281326953,5.290960234,1.530875387,0.108050399,0.0,0.0,0.0,0.0,0.0,0.0,0.0,0.0,0.0,0.002339542,0.222304419,1.861805502,4.975035787,8.783733245,12.38936039,14.4642272,15.68418323,15.58815654,14.17618549,12.07466324,9.281326953,5.290960234,1.530875387,0.108050399,0.0,0.0,0.0,0.0,0.0,0.0,0.0,0.0,0.0,0.002339542,0.222304419,1.861805502,4.975035787,8.783733245,12.38936039,14.4642272,15.68418323,15.58815654,14.17618549,12.07466324,9.281326953,5.290960234,1.530875387,0.108050399,0.0,0.0,0.0,0.0,0.0
0.0,0.0,0.0,0.0,0.091032402,8.649943606,72.44351088,193.5804028,341.7781686,482.0743964,562.8081983,610.277119,606.5406866,551.6003935,469.8294191,361.1397158,205.8731348,59.566903,4.204279254,0.0,0.0,0.0,0.0,0.0,0.0,0.0,0.0,0.0,0.091032402,8.649943606,72.44351088,193.5804028,341.7781686,482.0743964,562.8081983,610.277119,606.5406866,551.6003935,469.8294191,361.1397158,205.8731348,59.566903,4.204279254,0.0,0.0,0.0,0.0,0.0,0.0,0.0,0.0,0.0,0.091032402,8.649943606,72.44351088,193.5804028,341.7781686,482.0743964,562.8081983,610.277119,606.5406866,551.6003935,469.8294191,361.1397158,205.8731348,59.566903,4.204279254,0.0,0.0,0.0,0.0,0.0,0.0,0.0,0.0,0.0,0.091032402,8.649943606,72.44351088,193.5804028,341.7781686,482.0743964,562.8081983,610.277119,606.5406866,551.6003935,469.8294191,361.1397158,205.8731348,59.566903,4.204279254,0.0,0.0,0.0,0.0,0.0
0.0,0.0,0.0,0.0,0.01127465,1.071322792,8.972357264,23.97554332,42.33030393,59.70643416,69.70557011,75.58474562,75.12197668,68.31744813,58.18985511,44.72829262,25.49803694,7.377548774,0.520713243,0.0,0.0,0.0,0.0,0.0,0.0,0.0,0.0,0.0,0.01127465,1.071322792,8.972357264,23.97554332,42.33030393,59.70643416,69.70557011,75.58474562,75.12197668,68.31744813,58.18985511,44.72829262,25.49803694,7.377548774,0.520713243,0.0,0.0,0.0,0.0,0.0,0.0,0.0,0.0,0.0,0.01127465,1.071322792,8.972357264,23.97554332,42.33030393,59.70643416,69.70557011,75.58474562,75.12197668,68.31744813,58.18985511,44.72829262,25.49803694,7.377548774,0.520713243,0.0,0.0,0.0,0.0,0.0,0.0,0.0,0.0,0.0,0.01127465,1.071322792,8.972357264,23.97554332,42.33030393,59.70643416,69.70557011,75.58474562,75.12197668,68.31744813,58.18985511,44.72829262,25.49803694,7.377548774,0.520713243,0.0,0.0,0.0,0.0,0.0
0.0,0.0,0.0,0.0,0.019244842,1.828654349,15.31502947,40.92415647,72.25412823,101.9136635,118.9813144,129.016553,128.2266469,116.6119115,99.32499562,76.34728528,43.52291999,12.5928308,0.888811985,0.0,0.0,0.0,0.0,0.0,0.0,0.0,0.0,0.0,0.019244842,1.828654349,15.31502947,40.92415647,72.25412823,101.9136635,118.9813144,129.016553,128.2266469,116.6119115,99.32499562,76.34728528,43.52291999,12.5928308,0.888811985,0.0,0.0,0.0,0.0,0.0,0.0,0.0,0.0,0.0,0.019244842,1.828654349,15.31502947,40.92415647,72.25412823,101.9136635,118.9813144,129.016553,128.2266469,116.6119115,99.32499562,76.34728528,43.52291999,12.5928308,0.888811985,0.0,0.0,0.0,0.0,0.0,0.0,0.0,0.0,0.0,0.019244842,1.828654349,15.31502947,40.92415647,72.25412823,101.9136635,118.9813144,129.016553,128.2266469,116.6119115,99.32499562,76.34728528,43.52291999,12.5928308,0.888811985,0.0,0.0,0.0,0.0,0.0
0.0,0.0,0.0,0.0,0.038257287,3.635226251,30.44511784,81.35412136,143.6357307,202.5966388,236.5258353,256.4751291,254.9048556,231.815642,197.4505633,151.7726167,86.52026627,25.0335932,1.766890861,0.0,0.0,0.0,0.0,0.0,0.0,0.0,0.0,0.0,0.038257287,3.635226251,30.44511784,81.35412136,143.6357307,202.5966388,236.5258353,256.4751291,254.9048556,231.815642,197.4505633,151.7726167,86.52026627,25.0335932,1.766890861,0.0,0.0,0.0,0.0,0.0,0.0,0.0,0.0,0.0,0.038257287,3.635226251,30.44511784,81.35412136,143.6357307,202.5966388,236.5258353,256.4751291,254.9048556,231.815642,197.4505633,151.7726167,86.52026627,25.0335932,1.766890861,0.0,0.0,0.0,0.0,0.0,0.0,0.0,0.0,0.0,0.038257287,3.635226251,30.44511784,81.35412136,143.6357307,202.5966388,236.5258353,256.4751291,254.9048556,231.815642,197.4505633,151.7726167,86.52026627,25.0335932,1.766890861,0.0,0.0,0.0,0.0,0.0
0.0,0.0,0.0,0.0,0.053294015,5.064023495,42.41133329,113.3297224,200.0906312,282.2256631,329.4904648,357.2806725,355.0932153,322.9289669,275.0569629,211.4256566,120.5263802,34.87285121,2.461353494,0.0,0.0,0.0,0.0,0.0,0.0,0.0,0.0,0.0,0.053294015,5.064023495,42.41133329,113.3297224,200.0906312,282.2256631,329.4904648,357.2806725,355.0932153,322.9289669,275.0569629,211.4256566,120.5263802,34.87285121,2.461353494,0.0,0.0,0.0,0.0,0.0,0.0,0.0,0.0,0.0,0.053294015,5.064023495,42.41133329,113.3297224,200.0906312,282.2256631,329.4904648,357.2806725,355.0932153,322.9289669,275.0569629,211.4256566,120.5263802,34.87285121,2.461353494,0.0,0.0,0.0,0.0,0.0,0.0,0.0,0.0,0.0,0.053294015,5.064023495,42.41133329,113.3297224,200.0906312,282.2256631,329.4904648,357.2806725,355.0932153,322.9289669,275.0569629,211.4256566,120.5263802,34.87285121,2.461353494,0.0,0.0,0.0,0.0,0.0
0.0,0.0,0.0,0.0,0.0,0.0,0.0,0.0,0.0,0.0,0.0,0.0,0.0,0.0,0.0,0.0,0.0,0.0,0.0,0.0,0.0,0.0,0.0,0.0,0.0,0.0,0.0,0.0,0.0,0.0,0.0,0.0,0.0,0.0,0.0,0.0,0.0,0.0,0.0,0.0,0.0,0.0,0.0,0.0,0.0,0.0,0.0,0.0,0.0,0.0,0.0,0.0,0.0,0.0,0.0,0.0,0.0,0.0,0.0,0.0,0.0,0.0,0.0,0.0,0.0,0.0,0.0,0.0,0.0,0.0,0.0,0.0,0.0,0.0,0.0,0.0,0.0,0.0,0.0,0.0,0.0,0.0,0.0,0.0,0.0,0.0,0.0,0.0,0.0,0.0,0.0,0.0,0.0,0.0,0.0,0.0
0.0,0.0,0.0,0.0,0.0,0.0,0.0,0.0,0.0,0.0,0.0,0.0,0.0,0.0,0.0,0.0,0.0,0.0,0.0,0.0,0.0,0.0,0.0,0.0,0.0,0.0,0.0,0.0,0.0,0.0,0.0,0.0,0.0,0.0,0.0,0.0,0.0,0.0,0.0,0.0,0.0,0.0,0.0,0.0,0.0,0.0,0.0,0.0,0.0,0.0,0.0,0.0,0.0,0.0,0.0,0.0,0.0,0.0,0.0,0.0,0.0,0.0,0.0,0.0,0.0,0.0,0.0,0.0,0.0,0.0,0.0,0.0,0.0,0.0,0.0,0.0,0.0,0.0,0.0,0.0,0.0,0.0,0.0,0.0,0.0,0.0,0.0,0.0,0.0,0.0,0.0,0.0,0.0,0.0,0.0,0.0
0.0,0.0,0.0,0.0,0.0,0.0,0.0,0.0,0.0,0.0,0.0,0.0,0.0,0.0,0.0,0.0,0.0,0.0,0.0,0.0,0.0,0.0,0.0,0.0,0.0,0.0,0.0,0.0,0.0,0.0,0.0,0.0,0.0,0.0,0.0,0.0,0.0,0.0,0.0,0.0,0.0,0.0,0.0,0.0,0.0,0.0,0.0,0.0,0.0,0.0,0.0,0.0,0.0,0.0,0.0,0.0,0.0,0.0,0.0,0.0,0.0,0.0,0.0,0.0,0.0,0.0,0.0,0.0,0.0,0.0,0.0,0.0,0.0,0.0,0.0,0.0,0.0,0.0,0.0,0.0,0.0,0.0,0.0,0.0,0.0,0.0,0.0,0.0,0.0,0.0,0.0,0.0,0.0,0.0,0.0,0.0
0.0,0.0,0.0,0.0,0.0,0.0,0.0,0.0,0.0,0.0,0.0,0.0,0.0,0.0,0.0,0.0,0.0,0.0,0.0,0.0,0.0,0.0,0.0,0.0,0.0,0.0,0.0,0.0,0.0,0.0,0.0,0.0,0.0,0.0,0.0,0.0,0.0,0.0,0.0,0.0,0.0,0.0,0.0,0.0,0.0,0.0,0.0,0.0,0.0,0.0,0.0,0.0,0.0,0.0,0.0,0.0,0.0,0.0,0.0,0.0,0.0,0.0,0.0,0.0,0.0,0.0,0.0,0.0,0.0,0.0,0.0,0.0,0.0,0.0,0.0,0.0,0.0,0.0,0.0,0.0,0.0,0.0,0.0,0.0,0.0,0.0,0.0,0.0,0.0,0.0,0.0,0.0,0.0,0.0,0.0,0.0
0.0,0.0,0.0,0.0,0.0,0.0,0.0,0.0,0.0,0.0,0.0,0.0,0.0,0.0,0.0,0.0,0.0,0.0,0.0,0.0,0.0,0.0,0.0,0.0,0.0,0.0,0.0,0.0,0.0,0.0,0.0,0.0,0.0,0.0,0.0,0.0,0.0,0.0,0.0,0.0,0.0,0.0,0.0,0.0,0.0,0.0,0.0,0.0,0.0,0.0,0.0,0.0,0.0,0.0,0.0,0.0,0.0,0.0,0.0,0.0,0.0,0.0,0.0,0.0,0.0,0.0,0.0,0.0,0.0,0.0,0.0,0.0,0.0,0.0,0.0,0.0,0.0,0.0,0.0,0.0,0.0,0.0,0.0,0.0,0.0,0.0,0.0,0.0,0.0,0.0,0.0,0.0,0.0,0.0,0.0,0.0
0.0,0.0,0.0,0.0,0.0,0.0,0.0,0.0,0.0,0.0,0.0,0.0,0.0,0.0,0.0,0.0,0.0,0.0,0.0,0.0,0.0,0.0,0.0,0.0,0.0,0.0,0.0,0.0,0.0,0.0,0.0,0.0,0.0,0.0,0.0,0.0,0.0,0.0,0.0,0.0,0.0,0.0,0.0,0.0,0.0,0.0,0.0,0.0,0.0,0.0,0.0,0.0,0.0,0.0,0.0,0.0,0.0,0.0,0.0,0.0,0.0,0.0,0.0,0.0,0.0,0.0,0.0,0.0,0.0,0.0,0.0,0.0,0.0,0.0,0.0,0.0,0.0,0.0,0.0,0.0,0.0,0.0,0.0,0.0,0.0,0.0,0.0,0.0,0.0,0.0,0.0,0.0,0.0,0.0,0.0,0.0
0.0,0.0,0.0,0.0,0.0,0.0,0.0,0.0,0.0,0.0,0.0,0.0,0.0,0.0,0.0,0.0,0.0,0.0,0.0,0.0,0.0,0.0,0.0,0.0,0.0,0.0,0.0,0.0,0.0,0.0,0.0,0.0,0.0,0.0,0.0,0.0,0.0,0.0,0.0,0.0,0.0,0.0,0.0,0.0,0.0,0.0,0.0,0.0,0.0,0.0,0.0,0.0,0.0,0.0,0.0,0.0,0.0,0.0,0.0,0.0,0.0,0.0,0.0,0.0,0.0,0.0,0.0,0.0,0.0,0.0,0.0,0.0,0.0,0.0,0.0,0.0,0.0,0.0,0.0,0.0,0.0,0.0,0.0,0.0,0.0,0.0,0.0,0.0,0.0,0.0,0.0,0.0,0.0,0.0,0.0,0.0
