0.0,0.0,0.0,0.0,0.0,0.0,0.0,674.5,130.47604217482126,274.5,438.4,838.4,838.4,838.3999999999997,838.4,1100.5286942921352,1296.2188959865455,1388.6,1388.6,1388.6,1388.6,1388.6,1388.6,1020.1495521122192,0.0,0.0,0.0,0.0,0.0,0.0,0.0,674.5,39.4506668936001,274.5,395.9409149481869,795.9409149481869,838.3999999999997,838.3999999999997,899.6778943848361,1299.6778943848362,1388.6,1388.6,1388.6,1388.6,1388.6,1388.6,1388.6,1388.6,0.0,0.0,0.0,0.0,0.0,0.0,0.0,674.5,274.5,274.5,438.4,838.4,838.3999999999997,968.7925542729661,1296.774878374533,1388.6,1388.5999999999995,1388.6,1388.6,1388.6,1388.6,1388.6,1388.6,1388.6,0.0,0.0,0.0,0.0,0.0,0.0,438.4,838.4,838.4,838.4,838.3999999999997,838.4,1238.4,1388.6,1388.6,1388.6,1388.6,1388.6,1388.6,1388.6,1388.6,1388.6,1388.6,1388.6
402.0,522.0,642.0,762.0,882.0,1002.0,1122.0,1642.0,1242.0,1517.902975213874,1720.9643844815068,1847.5,1847.4999999999998,1847.5,1847.5,1847.4999999999998,1847.5,1847.5,1847.5,1847.4999999999995,1847.4999999999995,1847.5,1847.5,1847.5,402.0,522.0,642.0,762.0,882.0,1002.0,1122.0,1642.0,1242.0,1389.846128010832,1582.5740829904207,1847.4999999999998,1847.4999999999995,1847.5,1847.5,1847.4999999999998,1847.5,1847.5,1847.5,1847.4999999999961,1847.4999999999993,1847.5,1847.4999999999998,1847.4999999999998,402.0,522.0,642.0,762.0,882.0,1002.0,1122.0,1641.9999999999995,1306.2540920098284,1676.5783286650524,1804.4935479778474,1847.4999999999984,1847.4999999999998,1847.5,1847.5,1847.5,1847.5,1847.4999999999998,1847.5,1847.5,1847.4999999999995,1847.5,1847.4999999999998,1847.5,522.0,642.0,762.0,882.0,1002.0,1122.0,1601.4265663249028,1847.4999999999995,1847.4999999999995,1847.5,1847.4999999999995,1847.4999999999998,1847.4999999999995,1847.5,1847.4999999999982,1847.4999999999998,1847.5,1847.5,1847.5,1847.5,1847.5,1847.5,1847.5,1847.5
0.0,0.0,0.0,0.0,0.0,0.0,0.0,0.0,0.0,0.0,0.0,0.0,0.0,0.0,0.0,0.0,0.0,0.0,0.0,0.0,0.0,0.0,0.0,0.0,0.0,0.0,0.0,0.0,0.0,0.0,0.0,0.0,0.0,0.0,0.0,0.0,0.0,0.0,0.0,0.0,0.0,0.0,0.0,0.0,0.0,0.0,0.0,0.0,0.0,0.0,0.0,0.0,0.0,0.0,0.0,0.0,0.0,0.0,0.0,0.0,0.0,0.0,0.0,0.0,0.0,0.0,0.0,0.0,0.0,0.0,0.0,0.0,0.0,0.0,0.0,0.0,0.0,0.0,0.0,0.0,0.0,0.0,0.0,0.0,0.0,0.0,0.0,0.0,0.0,0.0,0.0,0.0,0.0,0.0,0.0,0.0
0.0,0.0,0.0,0.0,0.0,0.0,0.0,0.0,0.0,0.0,0.0,0.0,0.0,0.0,0.0,400.0,578.0,867.0,632.2737376966202,830.4827087579072,867.0,867.0,586.3812659678655,577.9999999999998,0.0,0.0,0.0,0.0,0.0,0.0,0.0,0.0,0.0,0.0,0.0,0.0,0.0,44.871784787269036,178.0,867.0,910.8345258151584,1227.0,1042.3266614128136,1227.0,1227.0,1227.0,1138.2056910704814,867.0,0.0,0.0,0.0,0.0,0.0,0.0,0.0,0.0,0.0,0.0,0.0,0.0,297.3697985244297,578.0,578.0,1227.0,1227.0,1227.0,1227.0,1227.0,1227.0,1227.0,1227.0,1227.0,0.0,0.0,0.0,0.0,0.0,0.0,0.0,0.0,0.0,0.0,0.0,105.14625353961964,794.1462535396192,1227.0,1227.0,1227.0,1449.6816093035764,1663.4,1663.3999999999996,1663.3999999999996,1663.4,1663.4,1663.3999999999996,1319.4524475244
0.0,0.0,0.0,0.0,0.0,0.0,0.0,0.0,0.0,0.0,0.0,0.0,0.0,0.0,0.0,0.0,0.0,0.0,0.0,0.0,0.0,0.0,0.0,0.0,0.0,0.0,0.0,0.0,0.0,0.0,0.0,0.0,0.0,0.0,0.0,0.0,0.0,0.0,0.0,0.0,0.0,0.0,0.0,0.0,0.0,0.0,0.0,0.0,0.0,0.0,0.0,0.0,0.0,0.0,0.0,0.0,0.0,0.0,0.0,0.0,0.0,0.0,0.0,0.0,0.0,0.0,0.0,0.0,0.0,0.0,0.0,0.0,0.0,0.0,0.0,0.0,0.0,0.0,0.0,0.0,0.0,0.0,0.0,0.0,0.0,0.0,0.0,0.0,0.0,0.0,0.0,0.0,0.0,0.0,0.0,0.0
1202.9,1322.9,1442.9,1562.9,1682.9,1802.9,1922.9,2184.597649182245,2162.899999999999,2162.899999999999,2162.9,2384.9037484778496,3184.9037484778496,3375.9,3375.9,3375.9,3375.9,3375.9,3375.9,3375.9,3375.8999999999996,3375.8999999999996,3375.9,3375.9,1202.9,1322.9,1442.9,1562.9,1682.9,1802.9,1922.9,2414.451943814948,2162.8999999999996,2162.9,2162.9,2344.624438786019,3144.624438786019,3375.9,3375.9,3375.9,3375.9,3375.9,3375.9,3375.9,3375.9,3375.899999999999,3375.9,3375.9,1287.8889699207211,1407.8889699207211,1527.8889699207211,1647.8889699207211,1767.8889699207211,1887.8889699207211,2007.8889699207211,2699.526982904548,2162.9,2162.9,2162.9,2575.9,3375.9,3375.9,3375.9,3375.9,3711.4126927826915,3953.9,3953.9,3953.9,3988.7035375233213,4238.713229718155,3953.9,3912.7145194304785,1442.9,1562.9,1682.9,1802.9,1922.9,2042.9,2283.8217056594876,3083.8217056594876,2598.1021828941166,2747.5732665910646,3025.163984502665,3375.9,3375.9,3499.6318473298675,3669.458137913472,4469.458137913472,4839.799999999999,4839.799999999999,4839.799999999999,4839.799999999999,4839.799999999999,4839.799999999999,4839.799999999999,4793.9
0.0,0.0,0.0,0.0,0.0,0.0,0.0,0.0,0.0,0.0,0.0,0.0,272.4999999999999,272.5,272.4999999999999,272.4999999999998,272.5,280.43570919667553,272.5,272.5,293.20002652913433,330.41845218151457,272.4999999999999,272.5,0.0,0.0,0.0,0.0,0.0,0.0,0.0,0.0,0.0,0.0,0.0,0.0,272.5,272.4999999999998,272.5,272.5,672.5,787.5,787.4999999999998,787.5,787.5,787.5,787.5,660.5451898157125,0.0,0.0,0.0,0.0,0.0,0.0,0.0,272.5,0.0,0.0,0.0,0.0,272.5,272.5,272.5,672.5,956.8168770997975,1356.8168770997975,1040.0693255397596,1342.6265464609041,1383.5,1383.5,1205.7337845212683,805.7337845212681,0.0,0.0,0.0,0.0,0.0,0.0,0.0,272.5,0.0,272.4999999999998,272.5,272.5,667.4578678096972,787.5,983.5,1383.5,1383.5,1425.767887249039,1383.5,1450.984668818286,1541.9387794713848,1779.4363193564768,1383.5,1383.5
0.0,0.0,70.0,190.0,310.0,430.0,550.0,670.0,669.9999999999986,669.9999999999984,670.0,670.0,1234.0421841327461,1776.4482372397244,1932.6828873876293,2120.199999999999,2120.2,2120.2,2120.2,2120.2,2120.2,2120.2,2120.2,2120.2,0.0,0.0,70.0,190.0,310.0,430.0,550.0,669.9999999999984,669.9999999999986,669.9999999999977,670.0,670.0,1469.9999999999989,2048.0,2110.1293578577233,2120.199999999999,2120.2,2130.6985934865115,2120.2,2120.199999999999,2320.2,2320.199999999999,2120.2,2120.2,0.0,0.0,70.0,190.0,310.0,430.0,550.0,670.0,670.0,670.0,670.0,764.5472853337084,1564.5472853337085,2120.2,2120.2,2280.9729111537795,2320.199999999999,2320.2,2320.2,2320.2,2320.2,2320.2,2320.199999999999,2320.199999999999,0.0,70.0,190.0,310.0,430.0,550.0,669.9999999999995,1469.9999999999995,670.0,670.0,742.2,1320.2,2120.2,2320.199999999999,2264.40241166953,2397.2,2482.2,2868.2999999999993,2615.7453775882386,2868.2999999999975,2868.2999999999993,2868.2999999999993,2560.899045599287,2397.2
0.0,0.0,0.0,0.0,0.0,0.0,0.0,0.0,0.0,0.0,0.0,0.0,0.0,0.0,0.0,0.0,0.0,0.0,0.0,0.0,0.0,0.0,0.0,0.0,0.0,0.0,0.0,0.0,0.0,0.0,0.0,0.0,0.0,0.0,0.0,0.0,0.0,0.0,0.0,0.0,0.0,0.0,0.0,0.0,0.0,0.0,0.0,0.0,0.0,0.0,0.0,0.0,0.0,0.0,0.0,0.0,0.0,0.0,0.0,0.0,0.0,0.0,0.0,0.0,0.0,0.0,0.0,0.0,0.0,0.0,0.0,0.0,0.0,0.0,0.0,0.0,0.0,0.0,0.0,0.0,0.0,0.0,0.0,0.0,0.0,0.0,0.0,0.0,0.0,0.0,0.0,0.0,0.0,0.0,0.0,0.0
0.0,0.0,0.0,0.0,0.0,0.0,0.0,0.0,0.0,0.0,0.0,0.0,0.0,0.0,0.0,0.0,0.0,0.0,0.0,0.0,0.0,0.0,0.0,0.0,0.0,0.0,0.0,0.0,0.0,0.0,0.0,0.0,0.0,0.0,0.0,0.0,0.0,0.0,0.0,0.0,0.0,0.0,0.0,0.0,0.0,0.0,0.0,0.0,0.0,0.0,0.0,0.0,0.0,0.0,0.0,0.0,0.0,0.0,0.0,0.0,0.0,0.0,0.0,0.0,0.0,0.0,0.0,0.0,0.0,0.0,0.0,0.0,0.0,0.0,0.0,0.0,0.0,0.0,0.0,0.0,0.0,0.0,0.0,0.0,0.0,0.0,0.0,0.0,0.0,0.0,0.0,0.0,0.0,0.0,0.0,0.0
0.0,0.0,0.0,0.0,0.0,0.0,0.0,0.0,0.0,0.0,0.0,0.0,0.0,0.0,0.0,0.0,0.0,0.0,0.0,0.0,0.0,0.0,0.0,0.0,0.0,0.0,0.0,0.0,0.0,0.0,0.0,0.0,0.0,0.0,0.0,0.0,0.0,0.0,0.0,0.0,0.0,0.0,0.0,0.0,0.0,0.0,0.0,0.0,0.0,0.0,0.0,0.0,0.0,0.0,0.0,0.0,0.0,0.0,0.0,0.0,0.0,0.0,0.0,0.0,0.0,0.0,0.0,0.0,0.0,0.0,0.0,0.0,0.0,0.0,0.0,0.0,0.0,0.0,0.0,0.0,0.0,0.0,0.0,0.0,0.0,0.0,0.0,0.0,0.0,0.0,0.0,0.0,0.0,0.0,0.0,0.0
0.0,0.0,0.0,0.0,0.0,0.0,0.0,0.0,0.0,0.0,0.0,0.0,0.0,0.0,0.0,0.0,0.0,0.0,0.0,0.0,0.0,0.0,0.0,0.0,0.0,0.0,0.0,0.0,0.0,0.0,0.0,0.0,0.0,0.0,0.0,0.0,0.0,0.0,0.0,0.0,0.0,0.0,0.0,0.0,0.0,0.0,0.0,0.0,0.0,0.0,0.0,0.0,0.0,0.0,0.0,0.0,0.0,0.0,0.0,0.0,0.0,0.0,0.0,0.0,0.0,0.0,0.0,0.0,0.0,0.0,0.0,0.0,0.0,0.0,0.0,0.0,0.0,0.0,0.0,0.0,0.0,0.0,0.0,0.0,0.0,0.0,0.0,0.0,0.0,0.0,0.0,0.0,0.0,0.0,0.0,0.0
0.0,0.0,0.0,0.0,0.0,0.0,0.0,0.0,0.0,0.0,0.0,0.0,0.0,0.0,0.0,0.0,0.0,0.0,0.0,0.0,0.0,0.0,0.0,0.0,0.0,0.0,0.0,0.0,0.0,0.0,0.0,0.0,0.0,0.0,0.0,0.0,0.0,0.0,0.0,0.0,0.0,0.0,0.0,0.0,0.0,0.0,0.0,0.0,0.0,0.0,0.0,0.0,0.0,0.0,0.0,0.0,0.0,0.0,0.0,0.0,0.0,0.0,0.0,0.0,0.0,0.0,0.0,0.0,0.0,0.0,0.0,0.0,0.0,0.0,0.0,0.0,0.0,0.0,0.0,0.0,0.0,0.0,0.0,0.0,0.0,0.0,0.0,0.0,0.0,0.0,0.0,0.0,0.0,0.0,0.0,0.0
0.0,0.0,0.0,0.0,0.0,0.0,0.0,0.0,0.0,0.0,0.0,0.0,0.0,0.0,0.0,0.0,0.0,0.0,0.0,0.0,0.0,0.0,0.0,0.0,0.0,0.0,0.0,0.0,0.0,0.0,0.0,0.0,0.0,0.0,0.0,0.0,0.0,0.0,0.0,0.0,0.0,0.0,0.0,0.0,0.0,0.0,0.0,0.0,0.0,0.0,0.0,0.0,0.0,0.0,0.0,0.0,0.0,0.0,0.0,0.0,0.0,0.0,0.0,0.0,0.0,0.0,0.0,0.0,0.0,0.0,0.0,0.0,0.0,0.0,0.0,0.0,0.0,0.0,0.0,0.0,0.0,0.0,0.0,0.0,0.0,0.0,0.0,0.0,0.0,0.0,0.0,0.0,0.0,0.0,0.0,0.0
0.0,0.0,0.0,0.0,0.0,0.0,0.0,0.0,0.0,0.0,0.0,0.0,0.0,0.0,0.0,0.0,0.0,0.0,0.0,0.0,0.0,0.0,0.0,0.0,0.0,0.0,0.0,0.0,0.0,0.0,0.0,0.0,0.0,0.0,0.0,0.0,0.0,0.0,0.0,0.0,0.0,0.0,0.0,0.0,0.0,0.0,0.0,0.0,0.0,0.0,0.0,0.0,0.0,0.0,0.0,0.0,0.0,0.0,0.0,0.0,0.0,0.0,0.0,0.0,0.0,0.0,0.0,0.0,0.0,0.0,0.0,0.0,0.0,0.0,0.0,0.0,0.0,0.0,0.0,0.0,0.0,0.0,0.0,0.0,0.0,0.0,0.0,0.0,0.0,0.0,0.0,0.0,0.0,0.0,0.0,0.0
1388.6,1388.6,1388.6,988.6,838.4,838.4,988.6,1388.6,1388.6,1388.6,1296.7112206044671,896.7112206044673,988.6,1388.6,1388.6,1388.6,1388.6,1388.6,1388.6,1401.1,1388.6,1388.6,1388.6,1022.1760761700942,1388.6,1388.6,1388.6,1388.6,1238.4,838.4,988.5999999999996,1388.6,1388.6,1388.6,1238.3999999999996,838.4,838.3999999999997,1009.0226831635633,1195.8707172070058,1341.8202080934234,1306.066780311754,1388.5999999999995,1401.1,1401.1,1401.1,1388.6,1388.6,1376.7890987805104,1388.6,1388.6,1388.6,1388.6,1388.6,988.6,1341.1102161978679,1388.6,1388.6,1388.6,1226.8202480547534,921.1179205745336,796.2450185267074,838.4,1109.3146382290965,1324.1551678839764,1351.669752834232,1388.5999999999995,1401.1,1401.1,1401.1,1388.6,1388.6,1388.6,1401.1,1401.1,1388.6,1388.6,1388.6,1388.6,1388.6,1388.6,1401.1,1401.1,1314.1598261027818,972.7576272945404,838.4,956.2785330628639,1207.881008386597,1382.0837058174666,1388.6,1618.5263204281828,2021.6540912944442,2201.1,1941.7483681597482,1388.6,1388.6,1388.6
1847.5,1847.4999999999998,1847.5,1847.4999999999995,1847.5,1847.4999999999998,1847.4999999999995,1847.5,1847.4999999999995,1847.4999999999995,1847.5,1847.4999999999995,1847.4999999999995,1847.499999999999,1847.4999999999995,1847.5,1847.5,2055.468364916417,2455.4683649164167,2637.4999999999995,2298.006348611874,1898.0063486118743,1847.499999999998,1847.5,1847.5,1847.5,1847.5,1847.5,1847.5,1847.4999999999993,1847.4999999999998,1847.5,1847.4999999999986,1847.4999999999995,1847.4999999999986,1847.4999999999995,1847.4999999999995,1847.4999999999995,1847.4999999999995,1847.4999999999995,1847.5,2237.5,2637.4999999999995,2811.889240060961,2637.4999999999995,2237.4999999999995,1847.5,1847.4999999999995,2318.6963841246975,2322.080422866695,1922.0804228666948,1847.4999999999998,1847.5,1847.4999999999993,1847.4999999999995,1847.4999999999995,1847.4999999999982,1847.4999999999995,1847.4999999999995,1847.5,1847.5,1847.4999999999995,1847.5,1847.5,1847.5,2247.5,3278.7,3412.7,3278.7,2237.4999999999995,1847.4999999999995,1847.5,3203.475172574296,2637.4999999999995,2637.4999999999995,2237.5,1847.4999999999995,1847.4999999999995,1847.4999999999995,2237.4999999999986,2637.4999999999995,2637.4999999999995,2237.5,1847.5,1847.5,2209.8324889604373,2609.8324889604373,2209.8324889604373,2357.5,3164.048640847826,3565.638662924482,3669.099999999999,3497.8999999999996,2856.7,2736.7,2237.5
0.0,0.0,0.0,0.0,0.0,0.0,0.0,0.0,0.0,0.0,0.0,0.0,0.0,0.0,0.0,0.0,0.0,0.0,0.0,0.0,0.0,0.0,0.0,0.0,0.0,0.0,0.0,0.0,0.0,0.0,0.0,0.0,0.0,0.0,0.0,0.0,0.0,0.0,0.0,0.0,0.0,0.0,0.0,0.0,0.0,0.0,0.0,0.0,0.0,0.0,0.0,0.0,0.0,0.0,0.0,0.0,0.0,0.0,0.0,0.0,0.0,0.0,0.0,0.0,0.0,0.0,0.0,0.0,0.0,0.0,0.0,0.0,0.0,0.0,0.0,0.0,0.0,0.0,0.0,0.0,0.0,0.0,0.0,0.0,0.0,0.0,0.0,0.0,0.0,0.0,0.0,0.0,0.0,0.0,0.0,0.0
1227.0,1227.0,523.3667183280322,0.0,153.0207077453257,0.0,178.0,867.0,1227.0,1227.0,578.0,423.2852370407962,236.006654937226,578.0,1227.0,867.0,867.0,1227.0,1663.3999999999996,1696.6,1663.4,1227.0,1227.0,578.0,1227.0,1343.3220962960042,1226.9999999999995,563.4746563801674,762.1464061248234,178.0,178.0,867.0,1227.0,1227.0,578.0,212.0891325234186,178.0,717.8697669544144,1227.0,1226.9999999999995,867.0,1446.9665220470552,1874.6,1874.6,1874.5999999999995,1227.0,1227.0,1093.5887769173883,1402.5,1663.4,1402.5,1227.0,1226.9999999999995,178.0,578.0,1227.0,1663.4,1402.5,597.0310036290568,591.7992030013894,578.0,578.0,1402.5,1226.9999999999995,1227.0,1663.3999999999996,1874.6,1874.6,1874.6,1663.4,1663.4,1227.0,1874.6,1696.6,1663.4,1402.5,1226.9999999999995,1116.3661544059134,1227.0,1663.4,1874.6,1696.6,1227.0,1227.0,1227.0,1227.0,1663.4,1663.4,1663.4,1874.6,1916.1,1916.1,1916.1,1696.6,1686.6,1663.3999999999996
0.0,0.0,0.0,0.0,0.0,0.0,0.0,0.0,0.0,0.0,0.0,0.0,0.0,0.0,0.0,0.0,0.0,0.0,0.0,0.0,0.0,0.0,0.0,0.0,0.0,0.0,0.0,0.0,0.0,0.0,0.0,0.0,0.0,0.0,0.0,0.0,0.0,0.0,0.0,0.0,0.0,0.0,0.0,0.0,0.0,0.0,0.0,0.0,0.0,0.0,0.0,0.0,0.0,0.0,0.0,0.0,0.0,0.0,0.0,0.0,0.0,0.0,0.0,0.0,0.0,0.0,0.0,0.0,0.0,0.0,0.0,0.0,0.0,0.0,0.0,0.0,0.0,0.0,0.0,0.0,0.0,0.0,0.0,0.0,0.0,0.0,0.0,0.0,0.0,0.0,0.0,0.0,0.0,0.0,0.0,0.0
3695.5228083493785,3607.4362524969074,3375.9,3375.8999999999996,3375.9,2975.9,3375.9,3375.9,4013.1710431725537,3775.9,3375.9,3375.9,3375.899999999999,3375.9,3775.899999999999,3375.9,3593.9,4393.9,5192.799999999999,5263.200000000001,5192.799999999999,4038.4270981274326,3415.9,3375.9,4234.186775594272,4634.186775594272,3904.6000440918406,3375.9,3375.9,3375.9,3375.9,3633.3494690678776,4433.349469067878,4027.9306431509985,3375.899999999999,3375.9,3375.9,3375.9,3895.1390114346536,3415.9,3993.899999999999,4839.799999999999,5263.200000000001,5334.200000000001,5263.199999999999,4793.9,4508.997034081323,3708.9970340813234,4793.9,4839.799999999999,4699.440610158979,3899.440610158979,3453.5489980805282,3375.9,3415.9,4201.243464970285,4839.799999999999,4567.667859023893,3767.6678590238917,3375.9,3375.899999999999,3698.7072036843797,4498.7072036843765,4098.707203684378,4393.9,5061.13111920443,5956.799999999999,5856.563135845712,5956.799999999998,4839.799999999999,4839.799999999999,4393.9,5334.200000000001,5192.799999999999,5192.799999999999,4793.9,4655.446128009769,3855.446128009769,4393.9,4839.799999999999,5263.200000000001,5233.60329009958,4570.881231430293,4170.881231430289,4376.964850699559,4776.964850699557,5192.799999999996,4839.799999999999,4839.799999999997,5609.0999999999985,7155.599999999999,7155.599999999999,7055.362385983493,5219.1,5219.1,4839.799999999999
272.5,272.5,272.5,272.5,272.5,86.34548391000953,272.5,456.01691909022264,1187.5,931.7598580820633,272.4999999999998,272.5,272.5,323.8834433755958,823.7903558039773,658.5519182659207,728.7081397471637,1375.06621397327,1891.9,1904.3,1891.9,983.5,672.4999999999998,272.4999999999998,787.4999999999993,787.5,387.5,272.5,272.5,272.5,272.4999999999998,857.1645845909395,1383.4999999999998,1112.0171434534445,312.0171434534448,272.5,272.4999999999998,387.4999999999998,1187.4999999999998,787.5,980.7656267722557,1383.4999999999998,1904.3,1904.3,1904.3,1383.5,1383.4999999999998,983.5,1383.5,1383.5,998.4512095309831,387.4999999999998,672.5,272.5,272.49999999999955,868.5,1383.5,1383.5,583.5,272.5,272.4999999999998,850.4975049112228,1383.5,1124.266489592107,1136.733485597339,1891.9,1904.3,1904.3,1904.3,1548.6778629480912,1577.5018332306768,1105.492753645437,1904.3,1891.9,1831.13465944739,1270.5274927024818,1383.5,983.5,1013.5367446463135,1383.5,1904.3,1904.3,1383.5,1383.5,1383.5,1383.5,1891.9,1617.6180999526655,1577.594431315186,1904.3,1904.3,1904.3,1904.3,1895.9368333503335,1893.9,1383.5
1955.405271544493,1711.5145954280567,1834.1332382671617,1601.311872593083,2120.2,1320.2,1393.8541454556373,2120.2,2320.2,2320.199999999999,2120.2,2120.2,2120.2,2120.199999999999,2320.199999999999,2120.2,2120.199999999999,2397.2,2868.3,3004.2,2868.3,2320.2,2213.0699060219504,2120.2,1996.6289996840883,1483.8174197735375,1812.3154477270568,1829.93240520875,2120.2,1769.064393705352,2120.199999999998,2120.2,2397.199999999999,2320.2,2120.199999999998,2120.2,1995.4191530142755,2120.2,2320.2,2164.349847787993,2120.2,2482.2,3004.2,3124.2,3004.199999999998,2397.2,2397.2,2120.2,2079.8088754455057,1605.793964981312,1759.6009074158737,1994.706234481493,2320.2,2013.4098728361369,2120.2,2320.2,2803.5055604723584,2397.2,2120.2,2120.2,2340.1038095921513,2397.2,2397.199999999999,2320.2,2320.2,2988.3,3644.2,4164.2,3644.199999999999,2988.2999999999984,2868.2999999999993,2320.199999999999,2140.553798554759,1919.354028491522,1649.320894183469,1735.235190090601,2397.2,2120.2,2320.2,2766.6580150089712,3004.2,2903.199999999998,2320.2,2320.2,2320.2,2440.199999999999,3108.2999999999993,3228.2999999999993,3348.2999999999993,4004.199999999998,4730.781084024878,5170.7,4899.266666399998,3868.199999999999,3379.700315732386,2970.7408738026243
0.0,0.0,0.0,0.0,0.0,0.0,0.0,0.0,0.0,0.0,0.0,0.0,0.0,0.0,0.0,0.0,0.0,0.0,0.0,0.0,0.0,0.0,0.0,0.0,0.0,0.0,0.0,0.0,0.0,0.0,0.0,0.0,0.0,0.0,0.0,0.0,0.0,0.0,0.0,0.0,0.0,0.0,0.0,0.0,0.0,0.0,0.0,0.0,0.0,0.0,0.0,0.0,0.0,0.0,0.0,0.0,0.0,0.0,0.0,0.0,0.0,0.0,0.0,0.0,0.0,0.0,0.0,0.0,0.0,0.0,0.0,0.0,0.0,0.0,0.0,0.0,0.0,0.0,0.0,0.0,0.0,0.0,0.0,0.0,0.0,0.0,0.0,0.0,0.0,0.0,0.0,0.0,0.0,0.0,0.0,0.0
0.0,0.0,0.0,0.0,0.0,0.0,0.0,0.0,0.0,0.0,0.0,0.0,0.0,0.0,0.0,0.0,0.0,0.0,0.0,0.0,0.0,0.0,0.0,0.0,0.0,0.0,0.0,0.0,0.0,0.0,0.0,0.0,0.0,0.0,0.0,0.0,0.0,0.0,0.0,0.0,0.0,0.0,0.0,0.0,0.0,0.0,0.0,0.0,0.0,0.0,0.0,0.0,0.0,0.0,0.0,0.0,0.0,0.0,0.0,0.0,0.0,0.0,0.0,0.0,0.0,0.0,0.0,0.0,0.0,0.0,0.0,0.0,0.0,0.0,0.0,0.0,0.0,0.0,0.0,0.0,0.0,0.0,0.0,0.0,0.0,0.0,0.0,0.0,0.0,0.0,0.0,0.0,0.0,0.0,0.0,0.0
0.0,0.0,0.0,0.0,0.0,0.0,0.0,0.0,0.0,0.0,0.0,0.0,0.0,0.0,0.0,0.0,0.0,0.0,0.0,0.0,0.0,0.0,0.0,0.0,0.0,0.0,0.0,0.0,0.0,0.0,0.0,0.0,0.0,0.0,0.0,0.0,0.0,0.0,0.0,0.0,0.0,0.0,0.0,0.0,0.0,0.0,0.0,0.0,0.0,0.0,0.0,0.0,0.0,0.0,0.0,0.0,0.0,0.0,0.0,0.0,0.0,0.0,0.0,0.0,0.0,0.0,0.0,0.0,0.0,0.0,0.0,0.0,0.0,0.0,0.0,0.0,0.0,0.0,0.0,0.0,0.0,0.0,0.0,0.0,0.0,0.0,0.0,0.0,0.0,0.0,0.0,0.0,0.0,0.0,0.0,0.0
0.0,0.0,0.0,0.0,0.0,0.0,0.0,0.0,0.0,0.0,0.0,0.0,0.0,0.0,0.0,0.0,0.0,0.0,0.0,0.0,0.0,0.0,0.0,0.0,0.0,0.0,0.0,0.0,0.0,0.0,0.0,0.0,0.0,0.0,0.0,0.0,0.0,0.0,0.0,0.0,0.0,0.0,0.0,0.0,0.0,0.0,0.0,0.0,0.0,0.0,0.0,0.0,0.0,0.0,0.0,0.0,0.0,0.0,0.0,0.0,0.0,0.0,0.0,0.0,0.0,0.0,0.0,0.0,0.0,0.0,0.0,0.0,0.0,0.0,0.0,0.0,0.0,0.0,0.0,0.0,0.0,0.0,0.0,0.0,0.0,0.0,0.0,0.0,0.0,0.0,0.0,0.0,0.0,0.0,0.0,0.0
0.0,0.0,0.0,0.0,0.0,0.0,0.0,0.0,0.0,0.0,0.0,0.0,0.0,0.0,0.0,0.0,0.0,0.0,0.0,0.0,0.0,0.0,0.0,0.0,0.0,0.0,0.0,0.0,0.0,0.0,0.0,0.0,0.0,0.0,0.0,0.0,0.0,0.0,0.0,0.0,0.0,0.0,0.0,0.0,0.0,0.0,0.0,0.0,0.0,0.0,0.0,0.0,0.0,0.0,0.0,0.0,0.0,0.0,0.0,0.0,0.0,0.0,0.0,0.0,0.0,0.0,0.0,0.0,0.0,0.0,0.0,0.0,0.0,0.0,0.0,0.0,0.0,0.0,0.0,0.0,0.0,0.0,0.0,0.0,0.0,0.0,0.0,0.0,0.0,0.0,0.0,0.0,0.0,0.0,0.0,0.0
0.0,0.0,0.0,0.0,0.0,0.0,0.0,0.0,0.0,0.0,0.0,0.0,0.0,0.0,0.0,0.0,0.0,0.0,0.0,0.0,0.0,0.0,0.0,0.0,0.0,0.0,0.0,0.0,0.0,0.0,0.0,0.0,0.0,0.0,0.0,0.0,0.0,0.0,0.0,0.0,0.0,0.0,0.0,0.0,0.0,0.0,0.0,0.0,0.0,0.0,0.0,0.0,0.0,0.0,0.0,0.0,0.0,0.0,0.0,0.0,0.0,0.0,0.0,0.0,0.0,0.0,0.0,0.0,0.0,0.0,0.0,0.0,0.0,0.0,0.0,0.0,0.0,0.0,0.0,0.0,0.0,0.0,0.0,0.0,0.0,0.0,0.0,0.0,0.0,0.0,0.0,0.0,0.0,0.0,0.0,0.0
0.0,0.0,0.0,0.0,0.0,0.0,0.0,0.0,0.0,0.0,0.0,0.0,0.0,0.0,0.0,0.0,0.0,0.0,0.0,0.0,0.0,0.0,0.0,0.0,0.0,0.0,0.0,0.0,0.0,0.0,0.0,0.0,0.0,0.0,0.0,0.0,0.0,0.0,0.0,0.0,0.0,0.0,0.0,0.0,0.0,0.0,0.0,0.0,0.0,0.0,0.0,0.0,0.0,0.0,0.0,0.0,0.0,0.0,0.0,0.0,0.0,0.0,0.0,0.0,0.0,0.0,0.0,0.0,0.0,0.0,0.0,0.0,0.0,0.0,0.0,0.0,0.0,0.0,0.0,0.0,0.0,0.0,0.0,0.0,0.0,0.0,0.0,0.0,0.0,0.0,0.0,0.0,0.0,0.0,0.0,0.0
0.0,0.0,0.0,0.0,0.0,0.0,0.0,0.0,0.0,0.0,0.0,0.0,0.0,0.0,0.0,0.0,674.5,1238.3999999999996,1388.6,1388.6,1026.858724322954,1074.5,0.0,0.0,0.0,0.0,0.0,0.0,0.0,0.0,0.0,0.0,0.0,0.0,0.0,0.0,0.0,0.0,0.0,0.0,674.5,1238.4,1388.5999999999995,1388.6,1388.6,1238.4,163.89999999999998,0.0,0.0,0.0,0.0,0.0,0.0,0.0,0.0,0.0,0.0,0.0,0.0,0.0,0.0,0.0,0.0,0.0,824.6999999999998,1388.6,1388.5999999999995,1388.6,1388.6,1238.4,425.1157118045501,0.0,0.0,0.0,0.0,0.0,0.0,0.0,0.0,0.0,0.0,0.0,0.0,0.0,0.0,0.0,0.0,0.0,1074.5,1388.6,1401.0999999999995,1388.6,1388.6,1388.6,824.6999999999996,0.0
360.0,240.0,120.0,0.0,0.0,0.0,0.0,42.0,162.0,282.0,402.0,522.0,642.0,762.0,882.0,1002.0,1522.0,1847.5,1847.4999999999995,1847.5,1847.4999999999995,1765.7911619684808,1365.7911619684808,1121.9999999999998,360.0,240.0,120.0,0.0,0.0,0.0,0.0,42.0,162.0,282.0,402.0,522.0,642.0,762.0,882.0,1002.0,1522.0,1847.5,1847.4999999999986,1847.4999999999986,1847.5,1847.5,1447.4999999999993,1122.0,480.0,360.0,240.0,120.0,0.0,0.0,0.0,42.0,162.0,282.0,402.0,522.0,642.0,762.0,882.0,1002.0,1521.9999999999995,1847.4999999999995,1847.4999999999995,1847.5,1847.499999999999,1847.5,1447.5,1122.0,882.0,762.0,642.0,522.0,402.0,282.0,162.0,42.0,162.0,282.0,402.0,522.0,642.0,762.0,882.0,1002.0,1522.0,2237.4999999999995,2857.5,2637.5,2433.5603064383076,2033.5603064383076,1641.9999999999998,1121.9999999999998
0.0,0.0,0.0,0.0,0.0,0.0,0.0,0.0,0.0,0.0,0.0,0.0,0.0,0.0,0.0,0.0,0.0,0.0,0.0,0.0,0.0,0.0,0.0,0.0,0.0,0.0,0.0,0.0,0.0,0.0,0.0,0.0,0.0,0.0,0.0,0.0,0.0,0.0,0.0,0.0,0.0,0.0,0.0,0.0,0.0,0.0,0.0,0.0,0.0,0.0,0.0,0.0,0.0,0.0,0.0,0.0,0.0,0.0,0.0,0.0,0.0,0.0,0.0,0.0,0.0,0.0,0.0,0.0,0.0,0.0,0.0,0.0,0.0,0.0,0.0,0.0,0.0,0.0,0.0,0.0,0.0,0.0,0.0,0.0,0.0,0.0,0.0,0.0,0.0,0.0,0.0,0.0,0.0,0.0,0.0,0.0
0.0,0.0,0.0,0.0,0.0,0.0,0.0,0.0,0.0,0.0,0.0,0.0,0.0,0.0,0.0,0.0,0.0,689.0,1227.0,985.6502127437777,578.0,424.0117346050751,0.0,0.0,0.0,0.0,0.0,0.0,0.0,0.0,0.0,0.0,0.0,0.0,0.0,0.0,0.0,0.0,0.0,0.0,178.0,1227.0,1227.0,1227.0,867.0,689.0,0.0,0.0,0.0,0.0,0.0,0.0,0.0,0.0,0.0,0.0,0.0,0.0,0.0,0.0,0.0,0.0,0.0,0.0,178.0,1402.5,1663.4,1402.4999999999995,1226.9999999999968,1049.0,0.0,0.0,0.0,0.0,0.0,0.0,0.0,0.0,0.0,0.0,0.0,0.0,0.0,0.0,0.0,0.0,0.0,0.0,689.0,1663.4,1874.6,1666.0,1663.3999999999996,1502.2703525395348,178.0,0.0
0.0,0.0,0.0,0.0,0.0,0.0,0.0,0.0,0.0,0.0,0.0,0.0,0.0,0.0,0.0,0.0,0.0,0.0,0.0,0.0,0.0,0.0,0.0,0.0,0.0,0.0,0.0,0.0,0.0,0.0,0.0,0.0,0.0,0.0,0.0,0.0,0.0,0.0,0.0,0.0,0.0,0.0,0.0,0.0,0.0,0.0,0.0,0.0,0.0,0.0,0.0,0.0,0.0,0.0,0.0,0.0,0.0,0.0,0.0,0.0,0.0,0.0,0.0,0.0,0.0,0.0,0.0,0.0,0.0,0.0,0.0,0.0,0.0,0.0,0.0,0.0,0.0,0.0,0.0,0.0,0.0,0.0,0.0,0.0,0.0,0.0,0.0,0.0,0.0,0.0,0.0,0.0,0.0,0.0,0.0,0.0
719.7577348912615,599.757734891262,479.757734891262,482.9000000000001,602.9000000000001,722.9000000000001,842.9000000000001,962.9000000000001,1082.9,1202.9,1322.9,1442.9,1562.9,1682.9,1802.9,1922.9,2511.6926375651383,3375.9,3775.9,3375.9,3375.9,2962.9,2162.9,2042.9,644.0307663688071,524.0307663688076,404.0307663688076,482.9000000000001,602.9000000000001,722.9000000000001,842.9000000000001,962.9000000000001,1082.9,1202.9,1322.9,1442.9,1562.9,1682.9,1802.9,1922.9,2516.0073517488595,3558.237059489778,4353.9,3775.9,3375.9,3244.8118536015418,2444.8118536015418,2042.9,1030.5789701062156,910.578970106216,790.578970106216,670.5789701062165,602.9000000000001,722.9000000000001,842.9000000000001,962.9000000000001,1082.9,1202.9,1322.9,1442.9,1562.9,1682.9,1802.9,1922.9,2793.829864013249,4233.82986401325,4839.799999999999,4793.9,3993.9,3483.878019306336,2575.9,2042.9,1695.3451468580788,1575.3451468580788,1455.3451468580788,1335.3451468580788,1215.3451468580788,1095.3451468580788,975.3451468580788,962.9000000000001,1082.9,1202.9,1322.9,1442.9,1562.9,1682.9,1802.9,1922.9,3420.899999999999,4799.799999999999,5334.200000000001,5206.516077829874,4793.9,4394.137245441915,3181.137245441915,2042.9
0.0,0.0,0.0,0.0,0.0,0.0,0.0,0.0,0.0,0.0,0.0,0.0,0.0,0.0,0.0,0.0,0.0,672.5,965.1204111229733,672.5,272.5,272.5,0.0,0.0,0.0,0.0,0.0,0.0,0.0,0.0,0.0,0.0,0.0,0.0,0.0,0.0,0.0,0.0,0.0,0.0,0.0,827.2447783239904,1342.2447783239904,942.2447783239904,518.112241817839,541.6346072031713,0.0,0.0,0.0,0.0,0.0,0.0,0.0,0.0,0.0,0.0,0.0,0.0,0.0,0.0,0.0,0.0,0.0,0.0,214.4231477821204,1187.5,1643.7462511150557,1383.5,983.5,672.5,0.0,0.0,0.0,0.0,0.0,0.0,0.0,0.0,0.0,0.0,0.0,0.0,0.0,0.0,0.0,0.0,0.0,0.0,617.9118463193656,1857.0564222366997,1904.2999999999997,1893.9,1383.5,1187.5,387.4999999999998,0.0
360.0,240.0,120.0,0.0,0.0,0.0,0.0,0.0,0.0,0.0,0.0,70.0,190.0,310.0,430.0,550.0,1247.9999999999989,2048.0,2320.2,2120.2,1780.7130342286166,1470.0,670.0,550.0,360.0,240.0,120.0,0.0,0.0,0.0,0.0,0.0,0.0,0.0,0.0,70.0,190.0,310.0,430.0,550.0,1247.9999999999973,2247.9999999999995,2320.2,2320.199999999998,2120.2,1542.2000000000005,742.2,550.0,480.0,360.0,240.0,120.0,0.0,0.0,0.0,0.0,0.0,0.0,0.0,70.0,190.0,310.0,430.0,550.0,1248.0,2325.0,2868.2999999999993,2397.2,2227.553448799702,2248.0,1247.9999999999995,550.0,670.0,550.0,430.0,310.0,190.0,70.0,0.0,0.0,0.0,0.0,0.0,70.0,190.0,310.0,430.0,550.0,1470.0,2796.1,3366.4190565664558,2870.0999999999995,2299.6302273806277,2196.4372120536805,1247.9999999999995,550.0
0.0,0.0,0.0,0.0,0.0,0.0,0.0,0.0,0.0,0.0,0.0,0.0,0.0,0.0,0.0,0.0,0.0,0.0,0.0,0.0,0.0,0.0,0.0,0.0,0.0,0.0,0.0,0.0,0.0,0.0,0.0,0.0,0.0,0.0,0.0,0.0,0.0,0.0,0.0,0.0,0.0,0.0,0.0,0.0,0.0,0.0,0.0,0.0,0.0,0.0,0.0,0.0,0.0,0.0,0.0,0.0,0.0,0.0,0.0,0.0,0.0,0.0,0.0,0.0,0.0,0.0,0.0,0.0,0.0,0.0,0.0,0.0,0.0,0.0,0.0,0.0,0.0,0.0,0.0,0.0,0.0,0.0,0.0,0.0,0.0,0.0,0.0,0.0,0.0,0.0,0.0,0.0,0.0,0.0,0.0,0.0
0.0,0.0,0.0,0.0,0.0,0.0,0.0,0.0,0.0,0.0,0.0,0.0,0.0,0.0,0.0,0.0,0.0,0.0,0.0,0.0,0.0,0.0,0.0,0.0,0.0,0.0,0.0,0.0,0.0,0.0,0.0,0.0,0.0,0.0,0.0,0.0,0.0,0.0,0.0,0.0,0.0,0.0,0.0,0.0,0.0,0.0,0.0,0.0,0.0,0.0,0.0,0.0,0.0,0.0,0.0,0.0,0.0,0.0,0.0,0.0,0.0,0.0,0.0,0.0,0.0,0.0,0.0,0.0,0.0,0.0,0.0,0.0,0.0,0.0,0.0,0.0,0.0,0.0,0.0,0.0,0.0,0.0,0.0,0.0,0.0,0.0,0.0,0.0,0.0,0.0,0.0,0.0,0.0,0.0,0.0,0.0
0.0,0.0,0.0,0.0,0.0,0.0,0.0,0.0,0.0,0.0,0.0,0.0,0.0,0.0,0.0,0.0,0.0,0.0,0.0,0.0,0.0,0.0,0.0,0.0,0.0,0.0,0.0,0.0,0.0,0.0,0.0,0.0,0.0,0.0,0.0,0.0,0.0,0.0,0.0,0.0,0.0,0.0,0.0,0.0,0.0,0.0,0.0,0.0,0.0,0.0,0.0,0.0,0.0,0.0,0.0,0.0,0.0,0.0,0.0,0.0,0.0,0.0,0.0,0.0,0.0,0.0,0.0,0.0,0.0,0.0,0.0,0.0,0.0,0.0,0.0,0.0,0.0,0.0,0.0,0.0,0.0,0.0,0.0,0.0,0.0,0.0,0.0,0.0,0.0,0.0,0.0,0.0,0.0,0.0,0.0,0.0
0.0,0.0,0.0,0.0,0.0,0.0,0.0,0.0,0.0,0.0,0.0,0.0,0.0,0.0,0.0,0.0,0.0,0.0,0.0,0.0,0.0,0.0,0.0,0.0,0.0,0.0,0.0,0.0,0.0,0.0,0.0,0.0,0.0,0.0,0.0,0.0,0.0,0.0,0.0,0.0,0.0,0.0,0.0,0.0,0.0,0.0,0.0,0.0,0.0,0.0,0.0,0.0,0.0,0.0,0.0,0.0,0.0,0.0,0.0,0.0,0.0,0.0,0.0,0.0,0.0,0.0,0.0,0.0,0.0,0.0,0.0,0.0,0.0,0.0,0.0,0.0,0.0,0.0,0.0,0.0,0.0,0.0,0.0,0.0,0.0,0.0,0.0,0.0,0.0,0.0,0.0,0.0,0.0,0.0,0.0,0.0
0.0,0.0,0.0,0.0,0.0,0.0,0.0,0.0,0.0,0.0,0.0,0.0,0.0,0.0,0.0,0.0,0.0,0.0,0.0,0.0,0.0,0.0,0.0,0.0,0.0,0.0,0.0,0.0,0.0,0.0,0.0,0.0,0.0,0.0,0.0,0.0,0.0,0.0,0.0,0.0,0.0,0.0,0.0,0.0,0.0,0.0,0.0,0.0,0.0,0.0,0.0,0.0,0.0,0.0,0.0,0.0,0.0,0.0,0.0,0.0,0.0,0.0,0.0,0.0,0.0,0.0,0.0,0.0,0.0,0.0,0.0,0.0,0.0,0.0,0.0,0.0,0.0,0.0,0.0,0.0,0.0,0.0,0.0,0.0,0.0,0.0,0.0,0.0,0.0,0.0,0.0,0.0,0.0,0.0,0.0,0.0
0.0,0.0,0.0,0.0,0.0,0.0,0.0,0.0,0.0,0.0,0.0,0.0,0.0,0.0,0.0,0.0,0.0,0.0,0.0,0.0,0.0,0.0,0.0,0.0,0.0,0.0,0.0,0.0,0.0,0.0,0.0,0.0,0.0,0.0,0.0,0.0,0.0,0.0,0.0,0.0,0.0,0.0,0.0,0.0,0.0,0.0,0.0,0.0,0.0,0.0,0.0,0.0,0.0,0.0,0.0,0.0,0.0,0.0,0.0,0.0,0.0,0.0,0.0,0.0,0.0,0.0,0.0,0.0,0.0,0.0,0.0,0.0,0.0,0.0,0.0,0.0,0.0,0.0,0.0,0.0,0.0,0.0,0.0,0.0,0.0,0.0,0.0,0.0,0.0,0.0,0.0,0.0,0.0,0.0,0.0,0.0
0.0,0.0,0.0,0.0,0.0,0.0,0.0,0.0,0.0,0.0,0.0,0.0,0.0,0.0,0.0,0.0,0.0,0.0,0.0,0.0,0.0,0.0,0.0,0.0,0.0,0.0,0.0,0.0,0.0,0.0,0.0,0.0,0.0,0.0,0.0,0.0,0.0,0.0,0.0,0.0,0.0,0.0,0.0,0.0,0.0,0.0,0.0,0.0,0.0,0.0,0.0,0.0,0.0,0.0,0.0,0.0,0.0,0.0,0.0,0.0,0.0,0.0,0.0,0.0,0.0,0.0,0.0,0.0,0.0,0.0,0.0,0.0,0.0,0.0,0.0,0.0,0.0,0.0,0.0,0.0,0.0,0.0,0.0,0.0,0.0,0.0,0.0,0.0,0.0,0.0,0.0,0.0,0.0,0.0,0.0,0.0
0.0,0.0,0.0,0.0,0.0,0.0,0.0,481.50813740722083,0.0,0.0,0.0,0.0,0.0,0.0,0.0,0.0,674.5,838.4,838.3999999999997,838.3999999999997,838.3999999999997,674.5,0.0,0.0,0.0,0.0,0.0,0.0,0.0,0.0,0.0,274.5,0.0,0.0,0.0,0.0,0.0,0.0,0.0,0.0,674.4999999999993,988.6,1388.6,1307.5986007025754,907.5986007025754,674.4999999999998,0.0,169.1835076769493,0.0,0.0,0.0,0.0,0.0,0.0,117.82222548466933,459.8164986893543,0.0,0.0,0.0,0.0,0.0,0.0,0.0,0.0,674.4999999999998,1238.4,1388.6,1388.6,1238.4,794.1965490478135,119.6965490478135,274.5,0.0,0.0,0.0,0.0,0.0,438.4,838.3999999999997,838.4,838.4,438.4,98.0952376784224,0.0,0.0,0.0,0.0,126.09777642986579,1028.327559642245,1388.5999999999995,1388.6,1388.6,1388.6,988.6,542.2878143593512,838.4
428.22843316171975,548.2284331617197,668.2284331617197,788.2284331617197,908.2284331617197,1028.2284331617197,1148.2284331617197,1642.0,1241.9999999999998,1242.0,1122.0,1002.0,882.0,882.0,1002.0,1122.0,1642.0,1847.4999999999998,1847.4999999999995,1847.4999999999995,1847.5,1641.9999999999998,1241.9999999999993,1242.0,402.0,522.0,642.0,762.0,882.0,1002.0,1122.0,1438.6748032085231,1122.0,1002.0,882.0,762.0,762.0,882.0,1002.0,1122.0,1642.0,1847.5,1847.5,1847.4999999999998,1847.5,1641.9999999999995,1241.9999999999995,1241.9999999999998,522.0,642.0,762.0,882.0,1002.0,1122.0,1242.0,1642.0,1167.44673686981,1047.4467368698104,927.4467368698104,807.4467368698104,762.0,882.0,1002.0,1122.0,1641.9999999999998,1847.5,1847.5,1847.4999999999995,1847.4999999999998,1847.5,1447.4999999999995,1829.5576404560402,943.7411230956391,1063.741123095639,1183.7411230956388,1241.9999999999998,1241.9999999999995,1560.4778938652453,1847.5,1847.5,1847.5,1578.4770448133268,1241.9999999999995,1122.0,1002.0,1002.0,1122.0,1447.4999999999998,1847.4999999999998,1847.5,1847.4999999999998,1847.4999999999998,1847.4999999999998,1847.5,1847.4999999999995,1847.5
0.0,0.0,0.0,0.0,0.0,0.0,0.0,0.0,0.0,0.0,0.0,0.0,0.0,0.0,0.0,0.0,0.0,0.0,0.0,0.0,0.0,0.0,0.0,0.0,0.0,0.0,0.0,0.0,0.0,0.0,0.0,0.0,0.0,0.0,0.0,0.0,0.0,0.0,0.0,0.0,0.0,0.0,0.0,0.0,0.0,0.0,0.0,0.0,0.0,0.0,0.0,0.0,0.0,0.0,0.0,0.0,0.0,0.0,0.0,0.0,0.0,0.0,0.0,0.0,0.0,0.0,0.0,0.0,0.0,0.0,0.0,0.0,0.0,0.0,0.0,0.0,0.0,0.0,0.0,0.0,0.0,0.0,0.0,0.0,0.0,0.0,0.0,0.0,0.0,0.0,0.0,0.0,0.0,0.0,0.0,0.0
0.0,0.0,0.0,0.0,0.0,0.0,0.0,0.0,0.0,0.0,0.0,0.0,0.0,0.0,0.0,0.0,0.0,0.0,391.8314527150229,0.0,0.0,0.0,0.0,0.0,0.0,0.0,0.0,0.0,0.0,0.0,0.0,0.0,0.0,0.0,0.0,0.0,0.0,0.0,0.0,0.0,0.0,194.68618655294716,628.5682782508512,578.0,178.0,0.0,0.0,0.0,0.0,0.0,0.0,0.0,0.0,0.0,0.0,0.0,0.0,0.0,0.0,0.0,0.0,0.0,0.0,0.0,0.0,664.8122152063977,1227.0,1227.0,509.1741198730684,0.0,0.0,0.0,0.0,0.0,0.0,0.0,0.0,0.0,0.0,0.0,0.0,0.0,0.0,0.0,0.0,0.0,0.0,0.0,399.9999999999998,1113.3496703599865,1398.0835260565805,1227.0,1227.0,290.58783993295265,0.0,0.0
0.0,0.0,0.0,0.0,0.0,0.0,0.0,0.0,0.0,0.0,0.0,0.0,0.0,0.0,0.0,0.0,0.0,0.0,0.0,0.0,0.0,0.0,0.0,0.0,0.0,0.0,0.0,0.0,0.0,0.0,0.0,0.0,0.0,0.0,0.0,0.0,0.0,0.0,0.0,0.0,0.0,0.0,0.0,0.0,0.0,0.0,0.0,0.0,0.0,0.0,0.0,0.0,0.0,0.0,0.0,0.0,0.0,0.0,0.0,0.0,0.0,0.0,0.0,0.0,0.0,0.0,0.0,0.0,0.0,0.0,0.0,0.0,0.0,0.0,0.0,0.0,0.0,0.0,0.0,0.0,0.0,0.0,0.0,0.0,0.0,0.0,0.0,0.0,0.0,0.0,0.0,0.0,0.0,0.0,0.0,0.0
1322.9,1442.9,1562.9,1682.9,1802.9,1922.9,2042.9,2162.9,2162.9,2162.9,2042.9,1922.9,1802.9,1802.9,1922.9,2042.9,2855.9,3375.9,3375.9,3375.9,3177.520002476842,2377.5200024768415,2162.9,2162.9,1260.5217873884753,1380.5217873884753,1500.5217873884753,1620.5217873884753,1740.5217873884753,1860.5217873884753,1980.5217873884753,2100.5217873884744,1980.5217873884749,1860.5217873884753,1740.5217873884753,1620.5217873884753,1682.9,1802.9,1922.9,2042.9,2575.9,3375.9,3375.9,3375.9,3375.9,2745.2253989594315,2162.9,2162.9,1442.9,1562.9,1682.9,1802.9,1922.9,2042.9,2162.9,2162.9,2042.9,1922.9,1802.9,1682.9,1682.9,1802.9,1922.9,2042.9,2855.9,3375.8999999999996,3688.1378147942946,3375.9,3375.9,2855.9,2162.9,2162.8999999999996,1682.9,1802.9,1922.9,2042.9,2162.9,2162.9,2562.9,2984.8133009050102,2277.269823781027,2162.9,2162.9,2042.9,1922.9,1922.9,2042.9,2162.9,2962.9,3953.9,4753.9,4353.9,3553.9,3375.9,2575.8999999999996,2682.9
0.0,0.0,0.0,0.0,0.0,0.0,0.0,0.0,0.0,0.0,0.0,0.0,0.0,0.0,0.0,0.0,24.394407115922718,272.5,272.5,272.5,272.4999999999999,0.0,0.0,0.0,0.0,0.0,0.0,0.0,0.0,0.0,0.0,0.0,0.0,0.0,0.0,0.0,0.0,0.0,0.0,0.0,0.0,272.4999999999999,272.5,272.5,272.4999999999999,0.0,0.0,0.0,0.0,0.0,0.0,0.0,0.0,0.0,0.0,0.0,0.0,0.0,0.0,0.0,0.0,0.0,0.0,0.0,49.99382409512532,387.5,787.5,704.0875356458071,304.087535645807,46.93422683307145,0.0,0.0,0.0,0.0,0.0,0.0,0.0,0.0,268.1297852455049,272.49999999999955,0.0,0.0,0.0,0.0,0.0,0.0,0.0,0.0,272.5,868.5,1383.5,1269.691398321057,754.6913983210577,272.5,0.0,166.35219279974902
0.0,70.0,190.0,310.0,430.0,550.0,670.0,669.9999999999986,670.0,669.9999999999984,549.9999999999998,430.0,310.0,310.0,430.0,550.0,742.1999999999987,1542.2,2120.2,1855.3694341418823,1277.3694341418834,669.9999999999986,670.0,669.9999999999986,0.0,0.0,70.0,190.0,310.0,430.0,550.0,669.9999999999986,550.0,430.0,310.0,190.0,190.0,310.0,430.0,550.0,1127.4362859949283,1927.4362859949283,2120.2,2120.2,1693.5030947839496,893.5030947839493,670.0,669.9999999999984,0.0,70.0,190.0,310.0,430.0,550.0,670.0,670.0,670.0,550.0,430.0,310.0,190.0,310.0,430.0,550.0,1248.0,2048.0,2320.199999999999,2120.2,2048.0,1248.0,670.0,670.0,430.0,550.0,670.0,670.0,669.9999999999984,670.0,669.9999999999984,670.0,670.0,670.0,670.0,550.0,430.0,430.0,550.0,670.0,1469.999999999999,2048.0,2397.2,2320.199999999999,2245.8288946469174,1542.1999999999996,742.2,670.0
0.0,0.0,0.0,0.0,0.0,0.0,0.0,0.0,0.0,0.0,0.0,0.0,0.0,0.0,0.0,0.0,0.0,0.0,0.0,0.0,0.0,0.0,0.0,0.0,0.0,0.0,0.0,0.0,0.0,0.0,0.0,0.0,0.0,0.0,0.0,0.0,0.0,0.0,0.0,0.0,0.0,0.0,0.0,0.0,0.0,0.0,0.0,0.0,0.0,0.0,0.0,0.0,0.0,0.0,0.0,0.0,0.0,0.0,0.0,0.0,0.0,0.0,0.0,0.0,0.0,0.0,0.0,0.0,0.0,0.0,0.0,0.0,0.0,0.0,0.0,0.0,0.0,0.0,0.0,0.0,0.0,0.0,0.0,0.0,0.0,0.0,0.0,0.0,0.0,0.0,0.0,0.0,0.0,0.0,0.0,0.0
0.0,0.0,0.0,0.0,0.0,0.0,0.0,0.0,0.0,0.0,0.0,0.0,0.0,0.0,0.0,0.0,0.0,0.0,0.0,0.0,0.0,0.0,0.0,0.0,0.0,0.0,0.0,0.0,0.0,0.0,0.0,0.0,0.0,0.0,0.0,0.0,0.0,0.0,0.0,0.0,0.0,0.0,0.0,0.0,0.0,0.0,0.0,0.0,0.0,0.0,0.0,0.0,0.0,0.0,0.0,0.0,0.0,0.0,0.0,0.0,0.0,0.0,0.0,0.0,0.0,0.0,0.0,0.0,0.0,0.0,0.0,0.0,0.0,0.0,0.0,0.0,0.0,0.0,0.0,0.0,0.0,0.0,0.0,0.0,0.0,0.0,0.0,0.0,0.0,0.0,0.0,0.0,0.0,0.0,0.0,0.0
0.0,0.0,0.0,0.0,0.0,0.0,0.0,0.0,0.0,0.0,0.0,0.0,0.0,0.0,0.0,0.0,0.0,0.0,0.0,0.0,0.0,0.0,0.0,0.0,0.0,0.0,0.0,0.0,0.0,0.0,0.0,0.0,0.0,0.0,0.0,0.0,0.0,0.0,0.0,0.0,0.0,0.0,0.0,0.0,0.0,0.0,0.0,0.0,0.0,0.0,0.0,0.0,0.0,0.0,0.0,0.0,0.0,0.0,0.0,0.0,0.0,0.0,0.0,0.0,0.0,0.0,0.0,0.0,0.0,0.0,0.0,0.0,0.0,0.0,0.0,0.0,0.0,0.0,0.0,0.0,0.0,0.0,0.0,0.0,0.0,0.0,0.0,0.0,0.0,0.0,0.0,0.0,0.0,0.0,0.0,0.0
0.0,0.0,0.0,0.0,0.0,0.0,0.0,0.0,0.0,0.0,0.0,0.0,0.0,0.0,0.0,0.0,0.0,0.0,0.0,0.0,0.0,0.0,0.0,0.0,0.0,0.0,0.0,0.0,0.0,0.0,0.0,0.0,0.0,0.0,0.0,0.0,0.0,0.0,0.0,0.0,0.0,0.0,0.0,0.0,0.0,0.0,0.0,0.0,0.0,0.0,0.0,0.0,0.0,0.0,0.0,0.0,0.0,0.0,0.0,0.0,0.0,0.0,0.0,0.0,0.0,0.0,0.0,0.0,0.0,0.0,0.0,0.0,0.0,0.0,0.0,0.0,0.0,0.0,0.0,0.0,0.0,0.0,0.0,0.0,0.0,0.0,0.0,0.0,0.0,0.0,0.0,0.0,0.0,0.0,0.0,0.0
0.0,0.0,0.0,0.0,0.0,0.0,0.0,0.0,0.0,0.0,0.0,0.0,0.0,0.0,0.0,0.0,0.0,0.0,0.0,0.0,0.0,0.0,0.0,0.0,0.0,0.0,0.0,0.0,0.0,0.0,0.0,0.0,0.0,0.0,0.0,0.0,0.0,0.0,0.0,0.0,0.0,0.0,0.0,0.0,0.0,0.0,0.0,0.0,0.0,0.0,0.0,0.0,0.0,0.0,0.0,0.0,0.0,0.0,0.0,0.0,0.0,0.0,0.0,0.0,0.0,0.0,0.0,0.0,0.0,0.0,0.0,0.0,0.0,0.0,0.0,0.0,0.0,0.0,0.0,0.0,0.0,0.0,0.0,0.0,0.0,0.0,0.0,0.0,0.0,0.0,0.0,0.0,0.0,0.0,0.0,0.0
0.0,0.0,0.0,0.0,0.0,0.0,0.0,0.0,0.0,0.0,0.0,0.0,0.0,0.0,0.0,0.0,0.0,0.0,0.0,0.0,0.0,0.0,0.0,0.0,0.0,0.0,0.0,0.0,0.0,0.0,0.0,0.0,0.0,0.0,0.0,0.0,0.0,0.0,0.0,0.0,0.0,0.0,0.0,0.0,0.0,0.0,0.0,0.0,0.0,0.0,0.0,0.0,0.0,0.0,0.0,0.0,0.0,0.0,0.0,0.0,0.0,0.0,0.0,0.0,0.0,0.0,0.0,0.0,0.0,0.0,0.0,0.0,0.0,0.0,0.0,0.0,0.0,0.0,0.0,0.0,0.0,0.0,0.0,0.0,0.0,0.0,0.0,0.0,0.0,0.0,0.0,0.0,0.0,0.0,0.0,0.0
0.0,0.0,0.0,0.0,0.0,0.0,0.0,0.0,0.0,0.0,0.0,0.0,0.0,0.0,0.0,0.0,0.0,0.0,0.0,0.0,0.0,0.0,0.0,0.0,0.0,0.0,0.0,0.0,0.0,0.0,0.0,0.0,0.0,0.0,0.0,0.0,0.0,0.0,0.0,0.0,0.0,0.0,0.0,0.0,0.0,0.0,0.0,0.0,0.0,0.0,0.0,0.0,0.0,0.0,0.0,0.0,0.0,0.0,0.0,0.0,0.0,0.0,0.0,0.0,0.0,0.0,0.0,0.0,0.0,0.0,0.0,0.0,0.0,0.0,0.0,0.0,0.0,0.0,0.0,0.0,0.0,0.0,0.0,0.0,0.0,0.0,0.0,0.0,0.0,0.0,0.0,0.0,0.0,0.0,0.0,0.0
0.0,0.0,0.0,0.0,0.0,0.0,0.0,0.0,674.5,838.4,838.4,1238.3999999999996,838.4,674.5,0.0,438.4,988.6,1388.6,1388.6,1238.4,838.4,674.5,0.0,0.0,0.0,0.0,0.0,0.0,0.0,0.0,0.0,0.0,674.5,838.4,848.9597300442766,1248.9597300442765,848.9597300442766,674.5,0.0,423.82047686933583,988.6,1388.5999999999995,1388.6,1388.6,988.5999999999998,674.5,0.0,0.0,0.0,0.0,0.0,0.0,0.0,0.0,0.0,0.0,674.5,838.3999999999995,988.6,1388.6,1238.4,838.4,213.29837038389974,623.8290453423776,1220.6195805307932,1388.5999999999995,1388.6,1388.6,988.5999999999998,1074.5,0.0,0.0,274.49999999999955,0.0,0.0,0.0,0.0,93.5117944783164,629.8805897584273,838.4,838.4,1196.8503564169528,1336.3117300585945,1388.6,1276.2652957383539,949.8346277023418,588.007784627878,802.9047131726868,1238.4,1401.1,1401.1,1388.6,1360.936149405697,1238.4,838.4,838.3999999999997
762.0,642.0,522.0,642.0,762.0,882.0,1002.0,1122.0,1641.9999999999998,1847.4999999999995,1847.4999999999998,1847.4999999999995,1847.4999999999998,1844.802414650033,1444.8024146500327,1717.8897401466068,1847.4999999999995,1847.4999999999995,1847.5,1847.499999999998,1847.4999999999995,1642.0,1212.2340426742528,1092.2340426742528,731.8738318667077,611.8738318667077,522.0,642.0,762.0,882.0,1002.0,1122.0,1642.0,1847.5,1847.4999999999995,1847.4999999999995,1847.4999999999995,1641.9999999999995,1242.0,1447.4999999999995,1847.4999999999995,1847.5,1847.4999999999995,1847.4999999999995,1847.4999999999995,1641.9999999999998,1242.0,1241.999999999999,711.691054404674,591.691054404674,642.0,762.0,882.0,1002.0,1122.0,1432.2157944063201,1832.2157944063192,1847.4999999999995,1847.4999999999995,1847.4999999999986,1847.4999999999995,1847.499999999999,1447.4999999999995,1847.5,1847.4999999999995,1847.4999999999995,1847.4999999999995,1847.5,1847.4999999999995,1766.9836759540726,1366.983675954073,1241.9999999999995,1627.8002470048873,1242.0,1241.9999999999995,1241.9999999999995,1242.0,1241.9999999999995,1642.0,1847.4999999999995,1847.5,1847.4999999999995,1847.4999999999995,2187.600367210858,1847.5,1847.499999999999,1847.499999999999,1847.5,2237.4999999999995,2637.5,2637.5,2247.5,1847.4999999999995,1847.499999999999,1847.4999999999995,1847.4999999999995
0.0,0.0,0.0,0.0,0.0,0.0,0.0,0.0,0.0,0.0,0.0,0.0,0.0,0.0,0.0,0.0,0.0,0.0,0.0,0.0,0.0,0.0,0.0,0.0,0.0,0.0,0.0,0.0,0.0,0.0,0.0,0.0,0.0,0.0,0.0,0.0,0.0,0.0,0.0,0.0,0.0,0.0,0.0,0.0,0.0,0.0,0.0,0.0,0.0,0.0,0.0,0.0,0.0,0.0,0.0,0.0,0.0,0.0,0.0,0.0,0.0,0.0,0.0,0.0,0.0,0.0,0.0,0.0,0.0,0.0,0.0,0.0,0.0,0.0,0.0,0.0,0.0,0.0,0.0,0.0,0.0,0.0,0.0,0.0,0.0,0.0,0.0,0.0,0.0,0.0,0.0,0.0,0.0,0.0,0.0,0.0
0.0,0.0,0.0,0.0,0.0,0.0,0.0,0.0,0.0,0.0,0.0,689.0,0.0,0.0,0.0,0.0,178.0,867.0,866.9999999999995,689.0,0.0,0.0,0.0,0.0,0.0,0.0,0.0,0.0,0.0,0.0,0.0,0.0,0.0,0.0,178.0,1227.0,178.0,0.0,0.0,0.0,236.11235840783195,1227.0,1226.9999999999995,1227.0,178.0,172.579877092076,0.0,0.0,0.0,0.0,0.0,0.0,0.0,0.0,0.0,0.0,0.0,0.0,346.35260288754716,1227.0,687.5307020557715,0.0,0.0,0.0,399.99999999999955,1402.5,1402.4999999999995,1280.28400956486,316.9810549880169,688.9999999999995,0.0,0.0,0.0,0.0,0.0,0.0,0.0,0.0,0.0,0.0,178.0,754.3509484156184,1227.0,1663.4,1227.0,689.0,0.0,178.0,1227.0,1696.6,1696.6,1663.4,1133.15311915095,1091.4932766250336,42.49327662503367,0.0
0.0,0.0,0.0,0.0,0.0,0.0,0.0,0.0,0.0,0.0,0.0,0.0,0.0,0.0,0.0,0.0,0.0,0.0,0.0,0.0,0.0,0.0,0.0,0.0,0.0,0.0,0.0,0.0,0.0,0.0,0.0,0.0,0.0,0.0,0.0,0.0,0.0,0.0,0.0,0.0,0.0,0.0,0.0,0.0,0.0,0.0,0.0,0.0,0.0,0.0,0.0,0.0,0.0,0.0,0.0,0.0,0.0,0.0,0.0,0.0,0.0,0.0,0.0,0.0,0.0,0.0,0.0,0.0,0.0,0.0,0.0,0.0,0.0,0.0,0.0,0.0,0.0,0.0,0.0,0.0,0.0,0.0,0.0,0.0,0.0,0.0,0.0,0.0,0.0,0.0,0.0,0.0,0.0,0.0,0.0,0.0
1682.8999999999992,1562.8999999999992,1442.9,1562.9,1682.9,1802.9,1922.9,2042.9,2221.179198784925,2723.3104487346154,3185.031249949692,3375.9,3375.9,2855.9,2162.9,2282.9,3082.9,3375.9,3375.9,3375.9,2975.9,2962.9,2042.9,1922.9,1442.8999999999992,1322.9,1442.9,1562.9,1682.9,1802.9,1922.9,2042.9,2379.7725071951945,2975.8999999999983,3375.9,3375.9,3375.9,2855.899999999999,2162.899999999999,2575.9,3375.9,3375.9,3524.8538492210128,3375.899999999999,3246.1067184688072,2962.9,2162.9,2162.8872367486797,1562.8999999999992,1442.9,1562.9,1682.9,1802.9,1922.9,2042.9,2162.9,2597.843534258323,3048.4360904876926,3375.899999999999,4145.119164868281,3375.9,2931.5213624176567,2162.8999999999983,2575.899999999999,3736.713299508835,4536.713299508835,4793.9,4215.9,3415.9,2962.9,2162.9,2162.9,2162.9,2162.899999999999,2162.9,2162.9,2162.9,2162.9,2162.9,2633.1297339794323,3375.9,3415.899999999999,3993.9,4839.799999999999,4323.516917955883,3523.516917955883,2975.899999999999,3415.9,4106.608594449606,5263.199999999997,5263.199999999997,4964.327753288053,3993.8999999999983,3415.899999999999,2647.5579483457595,2162.9
0.0,0.0,0.0,0.0,0.0,0.0,0.0,0.0,0.0,0.0,272.5,541.5124127647769,272.5,50.73490499936412,0.0,0.0,272.4999999999998,594.9686749087368,592.1915592627571,272.5,147.64601251640988,272.5,0.0,0.0,0.0,0.0,0.0,0.0,0.0,0.0,0.0,0.0,0.0,29.781450254833715,272.4999999999998,672.4999999999998,272.5,112.71948408804235,0.0,0.0,272.5,672.4999999999998,787.5,672.4999999999998,272.4999999999998,272.5,0.0,0.0,0.0,0.0,0.0,0.0,0.0,0.0,0.0,0.0,272.5,272.5,272.5,1072.5,272.5,272.5,0.0,0.0,583.5,1383.5,1383.5,1187.5,387.5,316.18080624614686,0.0,0.0,0.0,0.0,0.0,0.0,0.0,0.0,0.0,0.0,272.5,387.5,983.5,1891.9,1187.5,610.9505035576698,195.98508156759533,272.49999999999955,868.5,1904.3,1904.3,1891.8999999999992,983.5,672.4999999999995,0.0,0.0
322.330791674583,202.3307916745844,82.33079167458439,70.0,190.0,310.0,430.0,550.0,669.9999999999995,742.2,1329.7539350174236,2120.2,1607.9135583687641,807.913558368764,670.0,742.2,1365.02857792648,2120.2,2120.2,2120.2,1320.2,964.3509474745333,670.0,550.0,239.99999999999955,120.0,0.0,86.8716977599023,206.8716977599023,326.8716977599023,446.8716977599023,566.8716977599023,670.0,742.2,1374.7839378343429,2320.2,1900.8830349289199,1100.8830349289199,670.0,742.2,1542.2,2320.2,2320.2,2281.651334340399,1320.2,1470.0,670.0,670.0,656.6177733310942,536.6177733310942,416.6177733310942,536.6177733310942,656.6177733310942,536.6177733310942,550.0,670.0,670.0,1248.0,2048.0,2320.2,2048.0,1248.0,670.0,742.2,1542.2,2397.2,2397.2,2397.2,2048.0,1470.0,670.0,670.0,670.0,669.9999999999991,670.0,669.9999999999982,1060.608203178768,670.0,670.0,1047.628339258268,1847.6283392582689,2120.2,2124.2513417130535,2868.2999999999984,2320.2,2120.2,1320.2,1742.7110139186411,2320.199999999999,3004.199999999999,3004.199999999999,2868.2999999999993,2120.199999999999,2320.2,1320.2,742.2
0.0,0.0,0.0,0.0,0.0,0.0,0.0,0.0,0.0,0.0,0.0,0.0,0.0,0.0,0.0,0.0,0.0,0.0,0.0,0.0,0.0,0.0,0.0,0.0,0.0,0.0,0.0,0.0,0.0,0.0,0.0,0.0,0.0,0.0,0.0,0.0,0.0,0.0,0.0,0.0,0.0,0.0,0.0,0.0,0.0,0.0,0.0,0.0,0.0,0.0,0.0,0.0,0.0,0.0,0.0,0.0,0.0,0.0,0.0,0.0,0.0,0.0,0.0,0.0,0.0,0.0,0.0,0.0,0.0,0.0,0.0,0.0,0.0,0.0,0.0,0.0,0.0,0.0,0.0,0.0,0.0,0.0,0.0,0.0,0.0,0.0,0.0,0.0,0.0,0.0,0.0,0.0,0.0,0.0,0.0,0.0
0.0,0.0,0.0,0.0,0.0,0.0,0.0,0.0,0.0,0.0,0.0,0.0,0.0,0.0,0.0,0.0,0.0,0.0,0.0,0.0,0.0,0.0,0.0,0.0,0.0,0.0,0.0,0.0,0.0,0.0,0.0,0.0,0.0,0.0,0.0,0.0,0.0,0.0,0.0,0.0,0.0,0.0,0.0,0.0,0.0,0.0,0.0,0.0,0.0,0.0,0.0,0.0,0.0,0.0,0.0,0.0,0.0,0.0,0.0,0.0,0.0,0.0,0.0,0.0,0.0,0.0,0.0,0.0,0.0,0.0,0.0,0.0,0.0,0.0,0.0,0.0,0.0,0.0,0.0,0.0,0.0,0.0,0.0,0.0,0.0,0.0,0.0,0.0,0.0,0.0,0.0,0.0,0.0,0.0,0.0,0.0
0.0,0.0,0.0,0.0,0.0,0.0,0.0,0.0,0.0,0.0,0.0,0.0,0.0,0.0,0.0,0.0,0.0,0.0,0.0,0.0,0.0,0.0,0.0,0.0,0.0,0.0,0.0,0.0,0.0,0.0,0.0,0.0,0.0,0.0,0.0,0.0,0.0,0.0,0.0,0.0,0.0,0.0,0.0,0.0,0.0,0.0,0.0,0.0,0.0,0.0,0.0,0.0,0.0,0.0,0.0,0.0,0.0,0.0,0.0,0.0,0.0,0.0,0.0,0.0,0.0,0.0,0.0,0.0,0.0,0.0,0.0,0.0,0.0,0.0,0.0,0.0,0.0,0.0,0.0,0.0,0.0,0.0,0.0,0.0,0.0,0.0,0.0,0.0,0.0,0.0,0.0,0.0,0.0,0.0,0.0,0.0
0.0,0.0,0.0,0.0,0.0,0.0,0.0,0.0,0.0,0.0,0.0,0.0,0.0,0.0,0.0,0.0,0.0,0.0,0.0,0.0,0.0,0.0,0.0,0.0,0.0,0.0,0.0,0.0,0.0,0.0,0.0,0.0,0.0,0.0,0.0,0.0,0.0,0.0,0.0,0.0,0.0,0.0,0.0,0.0,0.0,0.0,0.0,0.0,0.0,0.0,0.0,0.0,0.0,0.0,0.0,0.0,0.0,0.0,0.0,0.0,0.0,0.0,0.0,0.0,0.0,0.0,0.0,0.0,0.0,0.0,0.0,0.0,0.0,0.0,0.0,0.0,0.0,0.0,0.0,0.0,0.0,0.0,0.0,0.0,0.0,0.0,0.0,0.0,0.0,0.0,0.0,0.0,0.0,0.0,0.0,0.0
0.0,0.0,0.0,0.0,0.0,0.0,0.0,0.0,0.0,0.0,0.0,0.0,0.0,0.0,0.0,0.0,0.0,0.0,0.0,0.0,0.0,0.0,0.0,0.0,0.0,0.0,0.0,0.0,0.0,0.0,0.0,0.0,0.0,0.0,0.0,0.0,0.0,0.0,0.0,0.0,0.0,0.0,0.0,0.0,0.0,0.0,0.0,0.0,0.0,0.0,0.0,0.0,0.0,0.0,0.0,0.0,0.0,0.0,0.0,0.0,0.0,0.0,0.0,0.0,0.0,0.0,0.0,0.0,0.0,0.0,0.0,0.0,0.0,0.0,0.0,0.0,0.0,0.0,0.0,0.0,0.0,0.0,0.0,0.0,0.0,0.0,0.0,0.0,0.0,0.0,0.0,0.0,0.0,0.0,0.0,0.0
0.0,0.0,0.0,0.0,0.0,0.0,0.0,0.0,0.0,0.0,0.0,0.0,0.0,0.0,0.0,0.0,0.0,0.0,0.0,0.0,0.0,0.0,0.0,0.0,0.0,0.0,0.0,0.0,0.0,0.0,0.0,0.0,0.0,0.0,0.0,0.0,0.0,0.0,0.0,0.0,0.0,0.0,0.0,0.0,0.0,0.0,0.0,0.0,0.0,0.0,0.0,0.0,0.0,0.0,0.0,0.0,0.0,0.0,0.0,0.0,0.0,0.0,0.0,0.0,0.0,0.0,0.0,0.0,0.0,0.0,0.0,0.0,0.0,0.0,0.0,0.0,0.0,0.0,0.0,0.0,0.0,0.0,0.0,0.0,0.0,0.0,0.0,0.0,0.0,0.0,0.0,0.0,0.0,0.0,0.0,0.0
0.0,0.0,0.0,0.0,0.0,0.0,0.0,0.0,0.0,0.0,0.0,0.0,0.0,0.0,0.0,0.0,0.0,0.0,0.0,0.0,0.0,0.0,0.0,0.0,0.0,0.0,0.0,0.0,0.0,0.0,0.0,0.0,0.0,0.0,0.0,0.0,0.0,0.0,0.0,0.0,0.0,0.0,0.0,0.0,0.0,0.0,0.0,0.0,0.0,0.0,0.0,0.0,0.0,0.0,0.0,0.0,0.0,0.0,0.0,0.0,0.0,0.0,0.0,0.0,0.0,0.0,0.0,0.0,0.0,0.0,0.0,0.0,0.0,0.0,0.0,0.0,0.0,0.0,0.0,0.0,0.0,0.0,0.0,0.0,0.0,0.0,0.0,0.0,0.0,0.0,0.0,0.0,0.0,0.0,0.0,0.0
0.0,0.0,0.0,0.0,0.0,0.0,0.0,0.0,0.0,0.0,0.0,0.0,0.0,0.0,0.0,0.0,0.0,309.0501986987683,709.0501986987683,309.0501986987683,274.5,0.0,0.0,0.0,0.0,0.0,0.0,0.0,0.0,0.0,0.0,0.0,0.0,0.0,0.0,0.0,0.0,0.0,0.0,0.0,0.0,674.4999999999998,838.4,838.4,674.5,0.0,0.0,0.0,0.0,0.0,0.0,0.0,0.0,0.0,0.0,0.0,0.0,0.0,0.0,0.0,0.0,0.0,0.0,0.0,0.0,674.5,838.4,838.4,674.5,0.0,0.0,274.5,274.4999999999998,0.0,0.0,0.0,0.0,0.0,0.0,0.0,0.0,0.0,0.0,0.0,0.0,0.0,0.0,0.0,466.63298966163416,838.4,1238.4,838.4,1081.1663662369056,494.21582342072077,438.39999999999975,838.3999999999997
926.7027931452317,806.7027931452328,686.702793145233,566.702793145233,446.70279314523304,326.70279314523304,206.70279314523304,86.70279314523304,42.0,162.0,282.0,402.0,522.0,642.0,762.0,882.0,1002.0,1481.3690068905266,1847.4999999999998,1825.2070001994152,1460.0822247829415,1122.0,1002.0,1121.9999999999998,720.0,600.0,480.0,360.0,240.0,120.0,0.0,0.0,42.0,162.0,282.0,402.0,522.0,642.0,762.0,882.0,1002.0,1522.0,1847.5,1847.5,1641.9999999999995,1242.0,1160.0522784304178,1241.9999999999995,932.861319228315,812.861319228315,692.861319228315,572.861319228315,452.861319228315,332.861319228315,212.86131922831498,92.86131922831498,162.0,282.0,402.0,522.0,642.0,762.0,882.0,1002.0,1122.0,1642.0,1847.5,1847.5,1647.7537061551875,1247.753706155187,1242.0,1268.5030433548118,1362.5007565762805,1122.0,1002.0,882.0,762.0,642.0,522.0,402.0,282.0,402.0,522.0,642.0,762.0,882.0,1002.0,1122.0,1641.9999999999993,1847.5,1847.5,1847.5,1847.4999999999998,1847.4999999999998,1521.2083748365035,1847.5
0.0,0.0,0.0,0.0,0.0,0.0,0.0,0.0,0.0,0.0,0.0,0.0,0.0,0.0,0.0,0.0,0.0,0.0,0.0,0.0,0.0,0.0,0.0,0.0,0.0,0.0,0.0,0.0,0.0,0.0,0.0,0.0,0.0,0.0,0.0,0.0,0.0,0.0,0.0,0.0,0.0,0.0,0.0,0.0,0.0,0.0,0.0,0.0,0.0,0.0,0.0,0.0,0.0,0.0,0.0,0.0,0.0,0.0,0.0,0.0,0.0,0.0,0.0,0.0,0.0,0.0,0.0,0.0,0.0,0.0,0.0,0.0,0.0,0.0,0.0,0.0,0.0,0.0,0.0,0.0,0.0,0.0,0.0,0.0,0.0,0.0,0.0,0.0,0.0,0.0,0.0,0.0,0.0,0.0,0.0,0.0
0.0,0.0,0.0,0.0,0.0,0.0,0.0,0.0,0.0,0.0,0.0,0.0,0.0,0.0,0.0,0.0,0.0,0.0,0.0,0.0,0.0,0.0,0.0,0.0,0.0,0.0,0.0,0.0,0.0,0.0,0.0,0.0,0.0,0.0,0.0,0.0,0.0,0.0,0.0,0.0,0.0,0.0,0.0,0.0,0.0,0.0,0.0,0.0,0.0,0.0,0.0,0.0,0.0,0.0,0.0,0.0,0.0,0.0,0.0,0.0,0.0,0.0,0.0,0.0,0.0,0.0,0.0,0.0,0.0,0.0,0.0,0.0,0.0,0.0,0.0,0.0,0.0,0.0,0.0,0.0,0.0,0.0,0.0,0.0,0.0,0.0,0.0,0.0,0.0,381.4019807307311,400.0,0.0,400.0,0.0,0.0,0.0
0.0,0.0,0.0,0.0,0.0,0.0,0.0,0.0,0.0,0.0,0.0,0.0,0.0,0.0,0.0,0.0,0.0,0.0,0.0,0.0,0.0,0.0,0.0,0.0,0.0,0.0,0.0,0.0,0.0,0.0,0.0,0.0,0.0,0.0,0.0,0.0,0.0,0.0,0.0,0.0,0.0,0.0,0.0,0.0,0.0,0.0,0.0,0.0,0.0,0.0,0.0,0.0,0.0,0.0,0.0,0.0,0.0,0.0,0.0,0.0,0.0,0.0,0.0,0.0,0.0,0.0,0.0,0.0,0.0,0.0,0.0,0.0,0.0,0.0,0.0,0.0,0.0,0.0,0.0,0.0,0.0,0.0,0.0,0.0,0.0,0.0,0.0,0.0,0.0,0.0,0.0,0.0,0.0,0.0,0.0,0.0
1442.8999999999996,1322.8999999999996,1202.8999999999996,1082.8999999999996,962.8999999999996,842.9000000000001,722.9000000000001,842.9000000000001,962.9000000000001,1082.9,1202.9,1322.9,1442.9,1562.9,1682.9,1802.9,1922.9,2042.9,2162.9,2162.9,2162.9,2042.9,1922.9,1917.0654447237225,1420.4241563839173,1300.4241563839173,1180.4241563839173,1060.4241563839173,940.4241563839173,820.4241563839173,722.9000000000001,842.9000000000001,962.9000000000001,1082.9,1202.9,1322.9,1442.9,1562.9,1682.9,1802.9,1922.9,2090.6761343135427,2562.9,2162.9,2162.9,2162.9,2042.9,2162.9,1687.8873459053457,1567.8873459053461,1447.8873459053461,1327.8873459053461,1207.8873459053461,1087.8873459053461,967.8873459053461,847.8873459053466,967.8873459053466,1087.8873459053466,1207.8873459053466,1327.8873459053466,1447.8873459053466,1567.8873459053466,1687.8873459053466,1807.8873459053466,1927.8873459053466,2847.8873459053466,3375.9,2975.9,2962.9,2162.9,2162.9,2162.9,2162.8999999999996,2042.8999999999996,1922.9,1802.9,1682.9,1562.9,1442.9,1322.9,1202.9,1202.9,1322.9,1442.9,1562.9,1682.9,1802.9,1922.9,2455.9,3375.9,3375.9,3375.9,3375.9,2575.9,2162.9,2410.2875679118897
0.0,0.0,0.0,0.0,0.0,0.0,0.0,0.0,0.0,0.0,0.0,0.0,0.0,0.0,0.0,0.0,0.0,0.0,0.0,0.0,0.0,0.0,0.0,0.0,0.0,0.0,0.0,0.0,0.0,0.0,0.0,0.0,0.0,0.0,0.0,0.0,0.0,0.0,0.0,0.0,0.0,0.0,0.0,0.0,0.0,0.0,0.0,0.0,0.0,0.0,0.0,0.0,0.0,0.0,0.0,0.0,0.0,0.0,0.0,0.0,0.0,0.0,0.0,0.0,0.0,272.5,272.5,131.83139844780774,272.5,0.0,0.0,0.0,0.0,0.0,0.0,0.0,0.0,0.0,0.0,0.0,0.0,0.0,0.0,0.0,0.0,0.0,0.0,0.0,0.0,272.5,623.8662265256536,272.5,272.4999999999998,0.0,0.0,0.0
670.0,550.0,430.0,310.0,190.0,70.0,0.0,27.88812881242768,0.0,0.0,0.0,0.0,70.0,190.0,310.0,430.0,550.0,670.0,670.0,670.0,669.9999999999989,550.0,430.0,550.0,670.0,550.0,430.0,310.0,190.0,70.0,0.0,0.0,0.0,0.0,0.0,0.0,70.0,190.0,310.0,430.0,550.0,670.0,670.0,669.9999999999995,670.0,670.0,670.0,670.0,670.0,550.0,430.0,310.0,190.0,70.0,0.0,0.0,0.0,0.0,0.0,0.0,70.0,190.0,310.0,430.0,550.0,986.9856841022246,853.8133839386221,670.0,1069.9999999999995,670.0,670.0,670.0,670.0,550.0,430.0,310.0,190.0,70.0,0.0,120.0,53.925061418378164,0.0,0.0,70.0,190.0,310.0,430.0,550.0,670.0,1470.0,2035.983974717476,1803.4885230812117,1470.0,670.0,669.9999999999995,670.0
0.0,0.0,0.0,0.0,0.0,0.0,0.0,0.0,0.0,0.0,0.0,0.0,0.0,0.0,0.0,0.0,0.0,0.0,0.0,0.0,0.0,0.0,0.0,0.0,0.0,0.0,0.0,0.0,0.0,0.0,0.0,0.0,0.0,0.0,0.0,0.0,0.0,0.0,0.0,0.0,0.0,0.0,0.0,0.0,0.0,0.0,0.0,0.0,0.0,0.0,0.0,0.0,0.0,0.0,0.0,0.0,0.0,0.0,0.0,0.0,0.0,0.0,0.0,0.0,0.0,0.0,0.0,0.0,0.0,0.0,0.0,0.0,0.0,0.0,0.0,0.0,0.0,0.0,0.0,0.0,0.0,0.0,0.0,0.0,0.0,0.0,0.0,0.0,0.0,0.0,0.0,0.0,0.0,0.0,0.0,0.0
0.0,0.0,0.0,0.0,0.0,0.0,0.0,0.0,0.0,0.0,0.0,0.0,0.0,0.0,0.0,0.0,0.0,0.0,0.0,0.0,0.0,0.0,0.0,0.0,0.0,0.0,0.0,0.0,0.0,0.0,0.0,0.0,0.0,0.0,0.0,0.0,0.0,0.0,0.0,0.0,0.0,0.0,0.0,0.0,0.0,0.0,0.0,0.0,0.0,0.0,0.0,0.0,0.0,0.0,0.0,0.0,0.0,0.0,0.0,0.0,0.0,0.0,0.0,0.0,0.0,0.0,0.0,0.0,0.0,0.0,0.0,0.0,0.0,0.0,0.0,0.0,0.0,0.0,0.0,0.0,0.0,0.0,0.0,0.0,0.0,0.0,0.0,0.0,0.0,0.0,0.0,0.0,0.0,0.0,0.0,0.0
0.0,0.0,0.0,0.0,0.0,0.0,0.0,0.0,0.0,0.0,0.0,0.0,0.0,0.0,0.0,0.0,0.0,0.0,0.0,0.0,0.0,0.0,0.0,0.0,0.0,0.0,0.0,0.0,0.0,0.0,0.0,0.0,0.0,0.0,0.0,0.0,0.0,0.0,0.0,0.0,0.0,0.0,0.0,0.0,0.0,0.0,0.0,0.0,0.0,0.0,0.0,0.0,0.0,0.0,0.0,0.0,0.0,0.0,0.0,0.0,0.0,0.0,0.0,0.0,0.0,0.0,0.0,0.0,0.0,0.0,0.0,0.0,0.0,0.0,0.0,0.0,0.0,0.0,0.0,0.0,0.0,0.0,0.0,0.0,0.0,0.0,0.0,0.0,0.0,0.0,0.0,0.0,0.0,0.0,0.0,0.0
0.0,0.0,0.0,0.0,0.0,0.0,0.0,0.0,0.0,0.0,0.0,0.0,0.0,0.0,0.0,0.0,0.0,0.0,0.0,0.0,0.0,0.0,0.0,0.0,0.0,0.0,0.0,0.0,0.0,0.0,0.0,0.0,0.0,0.0,0.0,0.0,0.0,0.0,0.0,0.0,0.0,0.0,0.0,0.0,0.0,0.0,0.0,0.0,0.0,0.0,0.0,0.0,0.0,0.0,0.0,0.0,0.0,0.0,0.0,0.0,0.0,0.0,0.0,0.0,0.0,0.0,0.0,0.0,0.0,0.0,0.0,0.0,0.0,0.0,0.0,0.0,0.0,0.0,0.0,0.0,0.0,0.0,0.0,0.0,0.0,0.0,0.0,0.0,0.0,0.0,0.0,0.0,0.0,0.0,0.0,0.0
0.0,0.0,0.0,0.0,0.0,0.0,0.0,0.0,0.0,0.0,0.0,0.0,0.0,0.0,0.0,0.0,0.0,0.0,0.0,0.0,0.0,0.0,0.0,0.0,0.0,0.0,0.0,0.0,0.0,0.0,0.0,0.0,0.0,0.0,0.0,0.0,0.0,0.0,0.0,0.0,0.0,0.0,0.0,0.0,0.0,0.0,0.0,0.0,0.0,0.0,0.0,0.0,0.0,0.0,0.0,0.0,0.0,0.0,0.0,0.0,0.0,0.0,0.0,0.0,0.0,0.0,0.0,0.0,0.0,0.0,0.0,0.0,0.0,0.0,0.0,0.0,0.0,0.0,0.0,0.0,0.0,0.0,0.0,0.0,0.0,0.0,0.0,0.0,0.0,0.0,0.0,0.0,0.0,0.0,0.0,0.0
0.0,0.0,0.0,0.0,0.0,0.0,0.0,0.0,0.0,0.0,0.0,0.0,0.0,0.0,0.0,0.0,0.0,0.0,0.0,0.0,0.0,0.0,0.0,0.0,0.0,0.0,0.0,0.0,0.0,0.0,0.0,0.0,0.0,0.0,0.0,0.0,0.0,0.0,0.0,0.0,0.0,0.0,0.0,0.0,0.0,0.0,0.0,0.0,0.0,0.0,0.0,0.0,0.0,0.0,0.0,0.0,0.0,0.0,0.0,0.0,0.0,0.0,0.0,0.0,0.0,0.0,0.0,0.0,0.0,0.0,0.0,0.0,0.0,0.0,0.0,0.0,0.0,0.0,0.0,0.0,0.0,0.0,0.0,0.0,0.0,0.0,0.0,0.0,0.0,0.0,0.0,0.0,0.0,0.0,0.0,0.0
0.0,0.0,0.0,0.0,0.0,0.0,0.0,0.0,0.0,0.0,0.0,0.0,0.0,0.0,0.0,0.0,0.0,0.0,0.0,0.0,0.0,0.0,0.0,0.0,0.0,0.0,0.0,0.0,0.0,0.0,0.0,0.0,0.0,0.0,0.0,0.0,0.0,0.0,0.0,0.0,0.0,0.0,0.0,0.0,0.0,0.0,0.0,0.0,0.0,0.0,0.0,0.0,0.0,0.0,0.0,0.0,0.0,0.0,0.0,0.0,0.0,0.0,0.0,0.0,0.0,0.0,0.0,0.0,0.0,0.0,0.0,0.0,0.0,0.0,0.0,0.0,0.0,0.0,0.0,0.0,0.0,0.0,0.0,0.0,0.0,0.0,0.0,0.0,0.0,0.0,0.0,0.0,0.0,0.0,0.0,0.0
1388.6,1388.6,1388.6,1388.6,1388.6,1388.6,1388.6,1388.6,1388.6,1388.6,1401.1,1401.1,1401.1,1801.1,2201.1,2400.2312495486553,2410.6,2453.4,2247.1,2007.436370084164,1607.436370084164,1388.6,1388.6,1388.6,1388.6,1388.6,1388.6,1388.6,1388.6,1388.6,1388.6,1388.6,1388.6,1388.6,1401.1,1401.1,1456.973022209766,1847.1,2414.3999999999996,2453.4,2453.4,2453.4,2453.4,2369.208972426592,2144.5476246318617,1744.5476246318613,1401.1,1388.6,1388.6,1401.1,1388.6,1388.6,1388.5999999999995,1388.5999999999995,1388.6,1388.6,1401.1,1401.1,1401.1,1801.1,2201.1,2338.0328695751487,2439.669502670965,2453.4,2453.4,2453.4,2453.4,2453.4,2383.868910740915,1847.1,1447.1,1401.1,1401.1,1401.1,1401.1,1401.1,1401.1,1401.1,1401.1,1801.1,2364.6,2453.3999999999987,2453.3999999999996,2453.4,2453.4,2453.4,2453.4,2453.4,2453.4,2453.4,2453.4,2453.4,2453.4,2290.5375334078185,2095.433476006615,1762.1001428066156
1847.4999999999993,1847.4999999999995,1847.5,1847.4999999999993,1847.4999999999998,1847.5,1847.4999999999995,1847.5,1847.4999999999998,2247.499999999999,2642.396834442826,3064.557809306911,3417.5968344428256,3537.5968344428256,3631.9,3631.8999999999996,3669.1,3717.6,3631.899999999999,3511.8999999999996,3154.8560771868133,2524.4076394117797,2025.207639411781,1847.4999999999998,1847.4999999999998,1847.4999999999998,1847.4999999999998,1847.4999999999995,1847.4999999999998,1847.5,1847.4999999999998,1847.5,2198.965020119816,2598.9650201198165,2857.4999999999995,3378.354035225961,3532.7,3631.9,3669.1,3717.6,3717.6,3717.6,3717.6,3669.0999999999995,3532.7,3398.7,2757.499999999999,2559.745968982455,2637.5,2637.5,2637.5,2360.9167835198773,1960.9167835198778,1847.4999999999998,1847.499999999999,2247.499999999999,2857.4999999999995,3259.694908433487,3532.7,3631.8999999999996,3631.899999999999,3717.6,3717.6,3717.6,3717.6,3717.6,3717.6,3717.6,3713.5076916076537,3631.8999999999987,3631.9,3443.2581199719825,3265.6721942024124,3540.3530095875976,3420.353009587598,3286.3530095875985,2645.1530095875987,2637.499999999999,2757.499999999999,3377.4999999999986,3569.899999999999,3717.6,3717.6,3717.6,3717.6,3717.6,3717.6,3717.6,3717.6,3717.6,3717.6,3717.6,3717.6,3717.6,3631.9,3631.8999999999987
0.0,0.0,0.0,0.0,0.0,0.0,0.0,0.0,0.0,0.0,0.0,0.0,0.0,0.0,0.0,0.0,0.0,15.912377108014766,0.0,0.0,0.0,0.0,0.0,0.0,0.0,0.0,0.0,0.0,0.0,0.0,0.0,0.0,0.0,0.0,0.0,0.0,0.0,0.0,0.0,131.7,131.7,131.7,131.7,77.95676214518052,0.0,0.0,0.0,0.0,0.0,0.0,0.0,0.0,0.0,0.0,0.0,0.0,0.0,0.0,0.0,0.0,0.0,131.69999999999987,131.69999999999987,131.7,131.7,131.7,131.69999999999976,131.7,131.7,0.0,0.0,0.0,0.0,0.0,0.0,0.0,0.0,0.0,0.0,0.0,0.0,131.69999999999987,131.69999999999987,131.7,131.7,131.7,131.7,131.7,131.69999999999976,131.7,131.7,131.7,131.7,131.7,131.7,131.7
1227.0,1227.0,1226.9999999999995,1227.0,867.0,867.0,867.0,1227.0,1663.4,1663.4,1874.6,1874.5999999999995,1874.6,1874.6,1895.0,1895.0,1895.0,1916.1,1895.0,1895.0,1874.6,1663.4,1663.4,1281.613514567971,1251.5269638072116,1663.3999999999996,1663.4,1402.5,1227.0,1227.0,1227.0,1402.5,1663.4,1663.4,1874.5999999999995,1874.6,1874.6,1874.6,1916.1,1956.6,2356.5999999999995,2440.731285256993,2126.184838154479,1956.6,1895.0,1874.6,1768.0419187388359,1663.4,1663.4,1874.6,1686.6,1663.3999999999996,1402.5,1402.5,1402.5,1663.4,1874.6,1874.6,1874.6,1895.0,1892.5315167681806,1916.1,2091.2000000000003,2491.2000000000003,2491.2000000000003,2491.2000000000003,2491.2000000000003,2491.2000000000003,2224.3207637847836,1874.6,1874.6,1874.6,1874.6,1874.6,1874.6,1874.6,1696.6,1696.6,1696.5999999999995,1874.6,1895.0,1934.4999999999995,2091.2,2491.2,2491.2000000000003,2491.2000000000003,2491.2000000000003,2491.2000000000003,2491.2000000000003,2491.2000000000003,2491.2000000000003,2491.2000000000003,2491.2000000000003,2491.2000000000003,2491.2000000000003,2491.1999999999994
0.0,0.0,0.0,0.0,0.0,0.0,0.0,0.0,0.0,0.0,0.0,0.0,0.0,0.0,0.0,0.0,0.0,0.0,0.0,0.0,0.0,0.0,0.0,0.0,0.0,0.0,0.0,0.0,0.0,0.0,0.0,0.0,0.0,0.0,0.0,0.0,0.0,0.0,0.0,0.0,0.0,0.0,0.0,0.0,0.0,0.0,0.0,0.0,0.0,0.0,0.0,0.0,0.0,0.0,0.0,0.0,0.0,0.0,0.0,0.0,0.0,0.0,0.0,0.0,0.0,0.0,0.0,0.0,0.0,0.0,0.0,0.0,0.0,0.0,0.0,0.0,0.0,0.0,0.0,0.0,0.0,0.0,0.0,0.0,0.0,0.0,0.0,0.0,0.0,0.0,0.0,0.0,0.0,0.0,0.0,0.0
4209.278372491903,4609.278372491903,4209.278372491903,3946.1673971363107,3375.9,3375.8999999999996,3593.9,4393.9,4839.799999999999,4996.131696351097,5263.199999999999,5334.200000000001,5667.453156330303,5687.8008452037975,6239.0420542905085,6631.700000000001,6653.5,6653.5,6567.798549880843,6390.200000000001,5367.6,5192.799999999999,4839.799999999999,4793.9,4793.9,4839.799999999999,4839.799999999999,4793.9,3993.9,3415.9,3993.9,4825.525681297629,4839.799999999999,5192.799999999999,5334.199999999999,5374.410764900462,5990.200000000001,6165.970472054385,6941.135800990206,7898.5773499042025,7843.572907085388,7841.055951810376,7511.173730588225,7270.267397477935,6246.6098428581445,5363.041734834063,5263.200000000001,4839.799999999999,4979.6405717971365,5263.200000000001,5219.0999999999985,5192.799999999999,4793.9,4793.9,4793.9,5157.851349420091,5334.200000000001,5334.200000000001,5941.071511450461,5990.200000000001,6231.700000000001,6696.646048945401,8358.525562985053,8491.7,8491.699999999999,8386.254934034288,8306.105076244266,8095.798241878884,7426.058313596148,6231.700000000001,5700.253330568773,5334.199999999999,5334.199999999999,5956.8,5617.462118238248,5334.200000000001,5263.199999999999,5263.200000000001,5263.199999999999,5745.037109387104,6592.190818989381,6699.81827820776,8153.713171454831,8487.7,8487.699999999999,8487.699999999999,8487.699999999999,8487.699999999999,8487.699999999999,8487.699999999997,8487.699999999999,8487.699999999997,8228.471133165456,7681.057863008843,7088.424964763592,6748.405820177671
1142.3262330393927,1383.4999999999998,1240.1725505878421,1187.5,651.3444233339399,326.954081712035,853.6419285214376,1314.1878468094046,1619.5855309283256,1891.9,1904.3,1904.3,1904.3,1904.3,1904.3,1904.3,1904.3,1904.3,1904.3,1904.3,1904.3,1891.9,1489.8236035198238,1383.5,1383.5,1684.0975581116081,1383.5,1383.5,983.5,787.5,983.5,1383.5,1873.6783615152742,1891.9,1904.3,1904.3,1904.3,1904.3,1904.3,1904.3,1904.3,1904.2999999999997,1904.3,1904.3,1904.3,1904.3,1904.3,1843.0724022462393,1891.9,1904.3,1893.9,1891.8999999999999,1383.5,1383.4999999999998,1383.5,1891.9,1904.3,1904.3,1904.3,1904.3,1904.3,1904.3,1904.3,1914.3,1914.3,1914.3,1914.3,1914.3,1904.3,1904.3,1904.3,1904.3,1904.2999999999997,1904.3,1904.3,1904.3,1904.2999999999997,1904.3,1904.2999999999997,1904.2999999999997,1904.3,1904.3,1904.2999999999918,1914.3,1914.3,1914.3,1914.3,1914.3,1914.3,1914.2999999999995,1914.2999999999995,1914.3,1914.3,1914.3,1914.3,1914.3
2320.199999999999,2397.2,2320.2,2320.199999999999,2120.2,2120.2,2120.2,2397.199999999999,2868.2999999999993,2988.2999999999993,3244.2,3692.5843458955314,3550.6027440185235,3604.2,4013.9266106146233,3808.1762064370205,3921.6614503235305,3850.9649421517515,3604.2,3677.996024431868,3497.6917467881576,3108.2999999999993,2988.2999999999993,2397.2,2397.2,2868.2999999999993,2490.7069277560868,2466.7057906541004,2120.199999999998,2120.2,2351.29088706741,2722.2,3228.3,3348.2999999999993,3965.0876487192827,4485.087648719283,4295.86376742309,4320.710622867344,4641.348864077568,4190.554546495519,4207.568935540685,4126.912350114199,3978.7225671463993,4072.5847990378034,3780.693718046021,3607.575234369242,3362.8225671463997,2771.7225671463993,2868.2999999999993,3004.2,2897.6214287466755,2868.2999999999975,2481.2057901390085,2646.7999999999993,2691.393959159557,3272.8999999999996,3719.9318831107857,4239.931883110787,4759.931883110788,5056.499999999999,5119.630014679434,5066.735819839106,5095.757479243647,4704.449639885085,4891.872248563838,4728.038120980522,4542.58147421163,4521.271198273503,4182.898337916684,4174.5686483528,3936.7684550680724,3209.7684550680724,4703.056560647788,4306.189061518146,4092.5506259911162,3972.5506259911153,3741.646547718743,3709.8037328859236,3852.5506259911144,4372.550625991115,4706.042932015325,5041.772432286096,5014.359670720549,5114.072945328421,5187.804360520282,5292.91644036346,5633.703407443142,5728.908466821345,5822.633332799999,5805.001802104835,5414.2998029066475,5313.339029196554,4697.954481369189,4506.4586028714475,4196.854611773209,3443.829968713928
0.0,0.0,0.0,0.0,0.0,0.0,0.0,0.0,0.0,0.0,0.0,0.0,0.0,0.0,0.0,0.0,0.0,0.0,0.0,0.0,0.0,0.0,0.0,0.0,0.0,0.0,0.0,0.0,0.0,0.0,0.0,0.0,0.0,0.0,0.0,0.0,0.0,0.0,0.0,0.0,0.0,0.0,0.0,0.0,0.0,0.0,0.0,0.0,0.0,0.0,0.0,0.0,0.0,0.0,0.0,0.0,0.0,0.0,0.0,0.0,0.0,0.0,0.0,0.0,0.0,0.0,0.0,0.0,0.0,0.0,0.0,0.0,0.0,0.0,0.0,0.0,0.0,0.0,0.0,0.0,0.0,0.0,0.0,0.0,0.0,0.0,0.0,0.0,0.0,0.0,0.0,0.0,0.0,0.0,0.0,0.0
0.0,0.0,0.0,0.0,0.0,0.0,0.0,0.0,0.0,0.0,0.0,0.0,0.0,0.0,0.0,0.0,0.0,0.0,0.0,0.0,0.0,0.0,0.0,0.0,0.0,0.0,0.0,0.0,0.0,0.0,0.0,0.0,0.0,0.0,0.0,0.0,0.0,0.0,0.0,0.0,0.0,0.0,0.0,0.0,0.0,0.0,0.0,0.0,0.0,0.0,0.0,0.0,0.0,0.0,0.0,0.0,0.0,0.0,0.0,0.0,0.0,0.0,0.0,0.0,0.0,0.0,0.0,0.0,0.0,0.0,0.0,0.0,0.0,0.0,0.0,0.0,0.0,0.0,0.0,0.0,0.0,0.0,0.0,0.0,0.0,0.0,0.0,0.0,0.0,0.0,0.0,0.0,0.0,0.0,0.0,0.0
0.0,0.0,0.0,0.0,0.0,0.0,0.0,0.0,0.0,0.0,0.0,0.0,0.0,0.0,0.0,0.0,0.0,0.0,0.0,0.0,0.0,0.0,0.0,0.0,0.0,0.0,0.0,0.0,0.0,0.0,0.0,0.0,0.0,0.0,0.0,0.0,0.0,0.0,0.0,0.0,0.0,0.0,0.0,0.0,0.0,0.0,0.0,0.0,0.0,0.0,0.0,0.0,0.0,0.0,0.0,0.0,0.0,0.0,0.0,0.0,0.0,0.0,0.0,0.0,0.0,0.0,0.0,0.0,0.0,0.0,0.0,0.0,0.0,0.0,0.0,0.0,0.0,0.0,0.0,0.0,0.0,0.0,0.0,0.0,0.0,0.0,0.0,0.0,0.0,0.0,0.0,0.0,0.0,0.0,0.0,0.0
0.0,0.0,0.0,0.0,0.0,0.0,0.0,0.0,0.0,0.0,0.0,0.0,0.0,0.0,0.0,0.0,0.0,0.0,0.0,0.0,0.0,0.0,0.0,0.0,0.0,0.0,0.0,0.0,0.0,0.0,0.0,0.0,0.0,0.0,0.0,0.0,0.0,0.0,0.0,0.0,0.0,0.0,0.0,0.0,0.0,0.0,0.0,0.0,0.0,0.0,0.0,0.0,0.0,0.0,0.0,0.0,0.0,0.0,0.0,0.0,0.0,0.0,0.0,0.0,0.0,0.0,0.0,0.0,0.0,0.0,0.0,0.0,0.0,0.0,0.0,0.0,0.0,0.0,0.0,0.0,0.0,0.0,0.0,0.0,0.0,0.0,0.0,0.0,0.0,0.0,0.0,0.0,0.0,0.0,0.0,0.0
0.0,0.0,0.0,0.0,0.0,0.0,0.0,0.0,0.0,0.0,0.0,0.0,0.0,0.0,0.0,0.0,0.0,0.0,0.0,0.0,0.0,0.0,0.0,0.0,0.0,0.0,0.0,0.0,0.0,0.0,0.0,0.0,0.0,0.0,0.0,0.0,0.0,0.0,0.0,0.0,0.0,0.0,0.0,0.0,0.0,0.0,0.0,0.0,0.0,0.0,0.0,0.0,0.0,0.0,0.0,0.0,0.0,0.0,0.0,0.0,0.0,0.0,0.0,0.0,0.0,0.0,0.0,0.0,0.0,0.0,0.0,0.0,0.0,0.0,0.0,0.0,0.0,0.0,0.0,0.0,0.0,0.0,0.0,0.0,0.0,0.0,0.0,0.0,0.0,0.0,0.0,0.0,0.0,0.0,0.0,0.0
0.0,0.0,0.0,0.0,0.0,0.0,0.0,0.0,0.0,0.0,0.0,0.0,0.0,0.0,0.0,0.0,0.0,0.0,0.0,0.0,0.0,0.0,0.0,0.0,0.0,0.0,0.0,0.0,0.0,0.0,0.0,0.0,0.0,0.0,0.0,0.0,0.0,0.0,0.0,0.0,0.0,0.0,0.0,0.0,0.0,0.0,0.0,0.0,0.0,0.0,0.0,0.0,0.0,0.0,0.0,0.0,0.0,0.0,0.0,0.0,0.0,0.0,0.0,0.0,0.0,0.0,0.0,0.0,0.0,0.0,0.0,0.0,0.0,0.0,0.0,0.0,0.0,0.0,0.0,0.0,0.0,0.0,0.0,0.0,0.0,0.0,0.0,0.0,0.0,0.0,0.0,0.0,0.0,0.0,0.0,0.0
0.0,0.0,0.0,0.0,0.0,0.0,0.0,0.0,0.0,0.0,0.0,0.0,0.0,0.0,0.0,0.0,0.0,0.0,0.0,0.0,0.0,0.0,0.0,0.0,0.0,0.0,0.0,0.0,0.0,0.0,0.0,0.0,0.0,0.0,0.0,0.0,0.0,0.0,0.0,0.0,0.0,0.0,0.0,0.0,0.0,0.0,0.0,0.0,0.0,0.0,0.0,0.0,0.0,0.0,0.0,0.0,0.0,0.0,0.0,0.0,0.0,0.0,0.0,0.0,0.0,0.0,0.0,0.0,0.0,0.0,0.0,0.0,0.0,0.0,0.0,0.0,0.0,0.0,0.0,0.0,0.0,0.0,0.0,0.0,0.0,0.0,0.0,0.0,0.0,0.0,0.0,0.0,0.0,0.0,0.0,0.0
838.3999999999999,838.3999999999999,838.4,838.3999999999999,838.4,838.4,838.4,838.3999999999999,838.4,838.4,838.3999999999999,838.3999999999997,838.3999999999997,1238.3999999999996,1388.6,1388.6,1388.6,1388.6,1388.6,988.6,838.4,838.4,214.56433936231093,0.0,838.4,838.3999999999997,838.4,838.3999999999997,838.4,838.4,838.4,838.4,838.4,838.4,838.3999999999997,838.4,838.4,1238.3999999999996,1388.6,1388.6,1388.6,1388.6,1388.6,1388.6,988.6,838.4,438.4,0.0,838.4,988.5999999999998,1388.6,1388.6,1388.6,1238.3999999999996,838.4,838.4,838.4,838.4,838.4,838.4,988.6,1388.6,1388.6,1388.6,1388.6,1388.6,1388.6,1388.6,1238.3999999999996,838.4,676.5414761919408,26.493627632299543,1388.6,1388.6,1388.6,1388.6,1388.6,1388.6,1388.6,1388.6,1388.6,1388.6,1388.6,1388.6,1388.6,1388.6,1388.6,1388.6,1401.1,1401.1,1388.6,1388.6,1388.6,988.5999999999996,838.4,838.4
1847.5,1847.5,1847.5,1847.4999999999993,1847.5,1847.5,1847.5,1847.5,1847.4999999999998,1847.4999999999998,1847.4999999999998,1847.4999999999998,1847.5,1847.4999999999998,1847.5,1847.4999999999998,1847.5,1847.4999999999998,1847.4999999999995,1847.4999999999998,1847.4999999999998,1847.4999999999998,1447.4999999999998,1242.0,1847.4999999999998,1847.5,1847.4999999999998,1847.5,1847.5,1847.5,1847.4999999999998,1847.4999999999998,1847.5,1847.4999999999995,1847.5,1847.4999999999998,1847.5,1847.4999999999998,1847.5,1847.5,1847.4999999999998,1847.4999999999998,1847.4999999999998,1847.5,1847.4999999999998,1847.4999999999998,1608.8150583694442,1242.0,1847.5,1847.5,1847.4999999999998,1847.4999999999995,1847.5,1847.4999999999998,1847.4999999999989,1847.4999999999995,1847.5,1847.499999999999,1847.4999999999995,1847.4999999999998,1847.5,1847.4999999999998,1847.5,1847.5,2128.6116023740788,2278.0904059859613,1878.0904059859613,1847.5,1847.4999999999998,1847.4999999999998,1847.4999999999995,1447.4999999999998,1847.5,1847.5,1847.4999999999998,1847.4999999999998,1847.4999999999998,1847.5,1847.5,1847.5,1847.5,1847.4999999999998,1847.4999999999998,1847.5,1847.5,1847.4999999999995,1874.1368736957654,2274.136873695765,2737.4999999999977,2737.499999999999,2434.904394576105,2034.9043945761052,1847.4999999999993,1847.4999999999984,1847.4999999999993,1847.4999999999995
0.0,0.0,0.0,0.0,0.0,0.0,0.0,0.0,0.0,0.0,0.0,0.0,0.0,0.0,0.0,0.0,0.0,0.0,0.0,0.0,0.0,0.0,0.0,0.0,0.0,0.0,0.0,0.0,0.0,0.0,0.0,0.0,0.0,0.0,0.0,0.0,0.0,0.0,0.0,0.0,0.0,0.0,0.0,0.0,0.0,0.0,0.0,0.0,0.0,0.0,0.0,0.0,0.0,0.0,0.0,0.0,0.0,0.0,0.0,0.0,0.0,0.0,0.0,0.0,0.0,0.0,0.0,0.0,0.0,0.0,0.0,0.0,0.0,0.0,0.0,0.0,0.0,0.0,0.0,0.0,0.0,0.0,0.0,0.0,0.0,0.0,0.0,0.0,0.0,0.0,0.0,0.0,0.0,0.0,0.0,0.0
0.0,0.0,0.0,0.0,0.0,0.0,0.0,0.0,0.0,0.0,0.0,0.0,178.0,580.5384773928544,866.9999999999995,1226.9999999999993,1226.9999999999995,1227.0,1226.999999999999,396.24275856651593,0.0,0.0,0.0,0.0,0.0,0.0,173.22981447441504,383.0578953119302,383.1767640477889,147.6660185481409,0.0,0.0,0.0,0.0,0.0,0.0,178.0,701.1917597018654,1096.5360300478496,1226.9999999999995,1422.037405232306,1547.9340546268722,1227.0,660.5924087644046,178.0,0.0,0.0,0.0,0.0,245.53517875205011,709.2899509095739,866.9999999999995,866.9999999999993,762.1744275397391,178.0,0.0,0.0,0.0,0.0,0.0,240.18237123243796,866.9999999999995,1049.1679966011534,1392.9194379694688,1663.4,1663.3999999999996,1417.7347573996137,867.0,399.99999999999955,0.0,0.0,0.0,623.560379005022,912.5847819148394,1226.9999999999995,1226.9999999999995,1226.9999999999993,1227.0,867.0,577.9999999999998,645.7241558889737,738.3097732181313,770.1289337167749,766.7039355158641,1226.9999999999995,1226.9999999999995,1407.7519236331595,1663.4,1874.5999999999995,1874.6,1663.4,1227.0,1152.1135396838401,178.0,0.0,0.0
0.0,0.0,0.0,0.0,0.0,0.0,0.0,0.0,0.0,0.0,0.0,0.0,0.0,0.0,0.0,0.0,0.0,0.0,0.0,0.0,0.0,0.0,0.0,0.0,0.0,0.0,0.0,0.0,0.0,0.0,0.0,0.0,0.0,0.0,0.0,0.0,0.0,0.0,0.0,0.0,0.0,0.0,0.0,0.0,0.0,0.0,0.0,0.0,0.0,0.0,0.0,0.0,0.0,0.0,0.0,0.0,0.0,0.0,0.0,0.0,0.0,0.0,0.0,0.0,0.0,0.0,0.0,0.0,0.0,0.0,0.0,0.0,0.0,0.0,0.0,0.0,0.0,0.0,0.0,0.0,0.0,0.0,0.0,0.0,0.0,0.0,0.0,0.0,0.0,0.0,0.0,0.0,0.0,0.0,0.0,0.0
2822.842515905774,3222.842515905774,3375.9,3375.9,3375.9,3375.9,3375.9,3331.748476061187,3375.9,3375.8999999999996,3375.9,3375.9,3375.9,3375.9,3375.9,3603.503461568652,3953.9,4191.370106066817,3553.9,3375.8999999999996,3162.9002704132736,2472.9602736279485,2162.9,2162.899999999999,3181.512969204438,3375.9,3375.9,3375.9,3375.9,3375.9,3375.9,3375.9,3375.9,3375.9,3375.9,3375.9,3375.9,3375.9,3415.9,4215.9,4839.799999999999,4839.799999999999,4196.499794964956,3415.9,3375.9,2818.2154781646136,2162.8999999999996,2162.8999999999996,3375.9,3375.9,3375.9,3375.9,3375.9,3375.9,3375.8999999999996,3375.9,3375.9,3375.8999999999996,3375.9,3375.9,3375.9,3375.9,3953.9,4753.9,4839.799999999999,5192.799999999999,4839.799999999999,3993.9,3415.9,2975.9,2282.899999999999,2162.8999999999996,3375.9,3375.9,3577.7606170433874,3734.629514947953,3716.3083084693953,3454.0754331015846,3375.899999999999,3375.9,3375.9,3375.8999999999996,3375.9,3375.9,3415.9,4215.9,4839.799999999999,5192.799999999999,5334.200000000001,5334.200000000001,5192.799999999999,4454.9911338866405,3654.9911338866405,3375.9,3375.9,3106.949305444968
194.3814291743329,272.5,272.4999999999998,272.5,272.5,272.5,272.5,272.5,272.5,272.5,272.5,272.5,272.5,272.5,620.4725759646084,983.5,1383.5,1187.5,672.4999999999998,272.4999999999998,272.5,0.0,0.0,0.0,272.5,272.5,272.5,272.5,272.4999999999999,272.5,272.4999999999998,272.5,272.49999999999966,272.5,272.4999999999998,272.4999999999998,272.4999999999998,272.5,672.5,1058.4260755830735,1383.5,1383.5,983.5,387.5,272.5,0.0,0.0,0.0,272.5,272.5,272.5,300.43763449247774,289.26707170192356,272.4999999999998,272.5,272.5,272.5,272.5,272.5,272.5,272.5,584.0027424074066,983.5,1383.5,1891.9,1891.9,1383.5,775.1311169074052,272.5,151.8455499732754,0.0,0.0,272.5,672.5,787.5,787.5,787.4999999999999,787.4999999999999,387.5,272.49999999999955,272.5,272.5,272.5,340.8258473194634,740.8258473194632,1144.12171699361,1383.5,1891.9,1904.3,1904.3,1891.9,1383.4999999999993,868.4999999999998,272.4999999999998,272.5,272.5
670.0,670.0,1381.793420811681,1612.7543252742446,1624.481864092392,1437.2620004101143,728.2421388345157,670.0,1025.427580938041,1283.603208646836,1276.3895646791793,1553.919140464191,2021.2978666925646,2120.2,2120.2,2320.2,2320.2,2320.2,2121.8993976754437,2048.0,1469.9999999999986,669.9999999999989,670.0,670.0,742.2,1425.229380362334,2120.2,2120.2,2120.2,2120.2,1332.1253693815406,905.3773922456968,1101.6792430343464,1200.528785150576,1041.9913040260635,1332.896855735688,1905.7810445191767,2120.2,2120.2,2320.2,2482.2,2482.2,2320.2,2120.2,1628.8109892029172,828.810989202919,670.0,670.0,1733.3468631563064,2120.2,2120.2,2120.2,2120.199999999999,2120.2,2002.5273539884818,1533.8631802649802,1619.4565808866223,1622.7230068464569,1350.847205557157,1663.105770949337,2120.2,2120.2,2120.2,2397.2,2868.2999999999993,2868.2999999999975,2482.2,2120.199999999998,2098.145699528426,1298.1456995284257,720.145699528426,670.0,2120.2,2120.2,2320.2,2320.2,2320.2,2320.2,2120.2,2120.199999999999,2120.2,2120.2,2120.2,2120.2,2120.2,2320.2,2482.2,2868.2999999999993,3004.199999999999,3121.883469686507,2868.2999999999993,2397.2,2120.2,2040.0444455735956,1431.3440706369424,670.0
0.0,0.0,0.0,0.0,0.0,0.0,0.0,0.0,0.0,0.0,0.0,0.0,0.0,0.0,0.0,0.0,0.0,0.0,0.0,0.0,0.0,0.0,0.0,0.0,0.0,0.0,0.0,0.0,0.0,0.0,0.0,0.0,0.0,0.0,0.0,0.0,0.0,0.0,0.0,0.0,0.0,0.0,0.0,0.0,0.0,0.0,0.0,0.0,0.0,0.0,0.0,0.0,0.0,0.0,0.0,0.0,0.0,0.0,0.0,0.0,0.0,0.0,0.0,0.0,0.0,0.0,0.0,0.0,0.0,0.0,0.0,0.0,0.0,0.0,0.0,0.0,0.0,0.0,0.0,0.0,0.0,0.0,0.0,0.0,0.0,0.0,0.0,0.0,0.0,0.0,0.0,0.0,0.0,0.0,0.0,0.0
0.0,0.0,0.0,0.0,0.0,0.0,0.0,0.0,0.0,0.0,0.0,0.0,0.0,0.0,0.0,0.0,0.0,0.0,0.0,0.0,0.0,0.0,0.0,0.0,0.0,0.0,0.0,0.0,0.0,0.0,0.0,0.0,0.0,0.0,0.0,0.0,0.0,0.0,0.0,0.0,0.0,0.0,0.0,0.0,0.0,0.0,0.0,0.0,0.0,0.0,0.0,0.0,0.0,0.0,0.0,0.0,0.0,0.0,0.0,0.0,0.0,0.0,0.0,0.0,0.0,0.0,0.0,0.0,0.0,0.0,0.0,0.0,0.0,0.0,0.0,0.0,0.0,0.0,0.0,0.0,0.0,0.0,0.0,0.0,0.0,0.0,0.0,0.0,0.0,0.0,0.0,0.0,0.0,0.0,0.0,0.0
0.0,0.0,0.0,0.0,0.0,0.0,0.0,0.0,0.0,0.0,0.0,0.0,0.0,0.0,0.0,0.0,0.0,0.0,0.0,0.0,0.0,0.0,0.0,0.0,0.0,0.0,0.0,0.0,0.0,0.0,0.0,0.0,0.0,0.0,0.0,0.0,0.0,0.0,0.0,0.0,0.0,0.0,0.0,0.0,0.0,0.0,0.0,0.0,0.0,0.0,0.0,0.0,0.0,0.0,0.0,0.0,0.0,0.0,0.0,0.0,0.0,0.0,0.0,0.0,0.0,0.0,0.0,0.0,0.0,0.0,0.0,0.0,0.0,0.0,0.0,0.0,0.0,0.0,0.0,0.0,0.0,0.0,0.0,0.0,0.0,0.0,0.0,0.0,0.0,0.0,0.0,0.0,0.0,0.0,0.0,0.0
0.0,0.0,0.0,0.0,0.0,0.0,0.0,0.0,0.0,0.0,0.0,0.0,0.0,0.0,0.0,0.0,0.0,0.0,0.0,0.0,0.0,0.0,0.0,0.0,0.0,0.0,0.0,0.0,0.0,0.0,0.0,0.0,0.0,0.0,0.0,0.0,0.0,0.0,0.0,0.0,0.0,0.0,0.0,0.0,0.0,0.0,0.0,0.0,0.0,0.0,0.0,0.0,0.0,0.0,0.0,0.0,0.0,0.0,0.0,0.0,0.0,0.0,0.0,0.0,0.0,0.0,0.0,0.0,0.0,0.0,0.0,0.0,0.0,0.0,0.0,0.0,0.0,0.0,0.0,0.0,0.0,0.0,0.0,0.0,0.0,0.0,0.0,0.0,0.0,0.0,0.0,0.0,0.0,0.0,0.0,0.0
0.0,0.0,0.0,0.0,0.0,0.0,0.0,0.0,0.0,0.0,0.0,0.0,0.0,0.0,0.0,0.0,0.0,0.0,0.0,0.0,0.0,0.0,0.0,0.0,0.0,0.0,0.0,0.0,0.0,0.0,0.0,0.0,0.0,0.0,0.0,0.0,0.0,0.0,0.0,0.0,0.0,0.0,0.0,0.0,0.0,0.0,0.0,0.0,0.0,0.0,0.0,0.0,0.0,0.0,0.0,0.0,0.0,0.0,0.0,0.0,0.0,0.0,0.0,0.0,0.0,0.0,0.0,0.0,0.0,0.0,0.0,0.0,0.0,0.0,0.0,0.0,0.0,0.0,0.0,0.0,0.0,0.0,0.0,0.0,0.0,0.0,0.0,0.0,0.0,0.0,0.0,0.0,0.0,0.0,0.0,0.0
0.0,0.0,0.0,0.0,0.0,0.0,0.0,0.0,0.0,0.0,0.0,0.0,0.0,0.0,0.0,0.0,0.0,0.0,0.0,0.0,0.0,0.0,0.0,0.0,0.0,0.0,0.0,0.0,0.0,0.0,0.0,0.0,0.0,0.0,0.0,0.0,0.0,0.0,0.0,0.0,0.0,0.0,0.0,0.0,0.0,0.0,0.0,0.0,0.0,0.0,0.0,0.0,0.0,0.0,0.0,0.0,0.0,0.0,0.0,0.0,0.0,0.0,0.0,0.0,0.0,0.0,0.0,0.0,0.0,0.0,0.0,0.0,0.0,0.0,0.0,0.0,0.0,0.0,0.0,0.0,0.0,0.0,0.0,0.0,0.0,0.0,0.0,0.0,0.0,0.0,0.0,0.0,0.0,0.0,0.0,0.0
0.0,0.0,0.0,0.0,0.0,0.0,0.0,0.0,0.0,0.0,0.0,0.0,0.0,0.0,0.0,0.0,0.0,0.0,0.0,0.0,0.0,0.0,0.0,0.0,0.0,0.0,0.0,0.0,0.0,0.0,0.0,0.0,0.0,0.0,0.0,0.0,0.0,0.0,0.0,0.0,0.0,0.0,0.0,0.0,0.0,0.0,0.0,0.0,0.0,0.0,0.0,0.0,0.0,0.0,0.0,0.0,0.0,0.0,0.0,0.0,0.0,0.0,0.0,0.0,0.0,0.0,0.0,0.0,0.0,0.0,0.0,0.0,0.0,0.0,0.0,0.0,0.0,0.0,0.0,0.0,0.0,0.0,0.0,0.0,0.0,0.0,0.0,0.0,0.0,0.0,0.0,0.0,0.0,0.0,0.0,0.0
0.0,0.0,0.0,0.0,0.0,0.0,0.0,0.0,0.0,0.0,0.0,0.0,0.0,0.0,0.0,0.0,0.0,0.0,0.0,0.0,0.0,0.0,0.0,0.0,0.0,0.0,0.0,0.0,0.0,0.0,0.0,0.0,0.0,0.0,0.0,0.0,0.0,0.0,0.0,0.0,0.0,0.0,0.0,0.0,0.0,0.0,0.0,0.0,0.0,0.0,0.0,0.0,0.0,0.0,0.0,0.0,0.0,0.0,0.0,0.0,0.0,0.0,0.0,0.0,0.0,0.0,0.0,0.0,0.0,0.0,0.0,0.0,0.0,0.0,0.0,0.0,0.0,0.0,0.0,0.0,0.0,0.0,0.0,0.0,0.0,0.0,0.0,0.0,0.0,0.0,0.0,0.0,0.0,0.0,0.0,0.0
0.0,0.0,0.0,0.0,0.0,0.0,0.0,0.0,0.0,0.0,0.0,0.0,0.0,0.0,0.0,0.0,0.0,0.0,0.0,0.0,0.0,0.0,0.0,0.0,0.0,0.0,0.0,0.0,0.0,0.0,0.0,0.0,0.0,0.0,0.0,0.0,0.0,0.0,0.0,0.0,0.0,0.0,0.0,0.0,0.0,0.0,0.0,0.0,0.0,0.0,0.0,0.0,0.0,0.0,0.0,0.0,0.0,0.0,0.0,0.0,0.0,0.0,0.0,0.0,0.0,0.0,0.0,0.0,0.0,0.0,0.0,0.0,0.0,0.0,0.0,0.0,0.0,0.0,0.0,0.0,0.0,0.0,0.0,0.0,0.0,0.0,0.0,0.0,0.0,0.0,0.0,0.0,0.0,0.0,0.0,0.0
0.0,0.0,0.0,0.0,0.0,0.0,0.0,0.0,0.0,0.0,0.0,0.0,0.0,0.0,0.0,0.0,0.0,0.0,0.0,0.0,0.0,0.0,0.0,0.0,0.0,0.0,0.0,0.0,0.0,0.0,0.0,0.0,0.0,0.0,0.0,0.0,0.0,0.0,0.0,0.0,0.0,0.0,0.0,0.0,0.0,0.0,0.0,0.0,0.0,0.0,0.0,0.0,0.0,0.0,0.0,0.0,0.0,0.0,0.0,0.0,0.0,0.0,0.0,0.0,0.0,0.0,0.0,0.0,0.0,0.0,0.0,0.0,0.0,0.0,0.0,0.0,0.0,0.0,0.0,0.0,0.0,0.0,0.0,0.0,0.0,0.0,0.0,0.0,0.0,0.0,0.0,0.0,0.0,0.0,0.0,0.0
0.0,0.0,0.0,0.0,0.0,0.0,0.0,0.0,0.0,0.0,0.0,0.0,0.0,0.0,0.0,0.0,0.0,0.0,0.0,0.0,0.0,0.0,0.0,0.0,0.0,0.0,0.0,0.0,0.0,0.0,0.0,0.0,0.0,0.0,0.0,0.0,0.0,0.0,0.0,0.0,0.0,0.0,0.0,0.0,0.0,0.0,0.0,0.0,0.0,0.0,0.0,0.0,0.0,0.0,0.0,0.0,0.0,0.0,0.0,0.0,0.0,0.0,0.0,0.0,0.0,0.0,0.0,0.0,0.0,0.0,0.0,0.0,0.0,0.0,0.0,0.0,0.0,0.0,0.0,0.0,0.0,0.0,0.0,0.0,0.0,0.0,0.0,0.0,0.0,0.0,0.0,0.0,0.0,0.0,0.0,0.0
0.0,0.0,0.0,0.0,0.0,0.0,0.0,0.0,0.0,0.0,0.0,0.0,0.0,0.0,0.0,0.0,0.0,0.0,0.0,0.0,0.0,0.0,0.0,0.0,0.0,0.0,0.0,0.0,0.0,0.0,0.0,0.0,0.0,0.0,0.0,0.0,0.0,0.0,0.0,0.0,0.0,0.0,0.0,0.0,0.0,0.0,0.0,0.0,0.0,0.0,0.0,0.0,0.0,0.0,0.0,0.0,0.0,0.0,0.0,0.0,0.0,0.0,0.0,0.0,0.0,0.0,0.0,0.0,0.0,0.0,0.0,0.0,0.0,0.0,0.0,0.0,0.0,0.0,0.0,0.0,0.0,0.0,0.0,0.0,0.0,0.0,0.0,0.0,0.0,0.0,0.0,0.0,0.0,0.0,0.0,0.0
-8.881784197001252e-16,-8.881784197001252e-16,-8.881784197001252e-16,0.0,-8.881784197001252e-16,-8.881784197001252e-16,-8.881784197001252e-16,-8.881784197001252e-16,-8.881784197001252e-16,-8.881784197001252e-16,-8.881784197001252e-16,-8.881784197001252e-16,-8.881784197001252e-16,-8.881784197001252e-16,-8.881784197001252e-16,-8.881784197001252e-16,-8.881784197001252e-16,-8.881784197001252e-16,-8.881784197001252e-16,-8.881784197001252e-16,0.0,-8.881784197001252e-16,-8.881784197001252e-16,-8.881784197001252e-16,-8.881784197001252e-16,-8.881784197001252e-16,0.0,0.0,-8.881784197001252e-16,-8.881784197001252e-16,-8.881784197001252e-16,-8.881784197001252e-16,-8.881784197001252e-16,0.0,-8.881784197001252e-16,-8.881784197001252e-16,-8.881784197001252e-16,-8.881784197001252e-16,0.0,-8.881784197001252e-16,-8.881784197001252e-16,-8.881784197001252e-16,8.881784197001252e-16,8.881784197001252e-16,-8.881784197001252e-16,-8.881784197001252e-16,8.881784197001252e-16,-8.881784197001252e-16,-8.881784197001252e-16,-8.881784197001252e-16,-8.881784197001252e-16,-8.881784197001252e-16,0.0,-8.881784197001252e-16,-8.881784197001252e-16,-8.881784197001252e-16,-8.881784197001252e-16,-8.881784197001252e-16,-8.881784197001252e-16,-8.881784197001252e-16,8.881784197001252e-16,8.881784197001252e-16,-8.881784197001252e-16,-8.881784197001252e-16,8.881784197001252e-16,0.0,-8.881784197001252e-16,8.881784197001252e-16,-8.881784197001252e-16,-8.881784197001252e-16,0.0,-8.881784197001252e-16,-8.881784197001252e-16,-8.881784197001252e-16,-8.881784197001252e-16,-8.881784197001252e-16,-8.881784197001252e-16,-8.881784197001252e-16,0.0,-8.881784197001252e-16,-8.881784197001252e-16,-8.881784197001252e-16,-8.881784197001252e-16,0.0,0.0,-8.881784197001252e-16,-8.881784197001252e-16,-8.881784197001252e-16,0.0,0.0,-8.881784197001252e-16,-8.881784197001252e-16,8.881784197001252e-16,-8.881784197001252e-16,0.0,-8.881784197001252e-16
0.0,0.0,0.0,0.0,0.0,0.0,0.0,0.0,0.0,0.0,0.0,0.0,0.0,0.0,0.0,0.0,0.0,0.0,0.0,0.0,0.0,0.0,0.0,0.0,0.0,0.0,0.0,0.0,0.0,0.0,0.0,0.0,0.0,0.0,0.0,0.0,0.0,0.0,0.0,0.0,0.0,0.0,0.0,0.0,0.0,0.0,0.0,0.0,0.0,0.0,0.0,0.0,0.0,0.0,0.0,0.0,0.0,0.0,0.0,0.0,0.0,0.0,0.0,0.0,0.0,0.0,0.0,0.0,0.0,0.0,0.0,0.0,0.0,0.0,0.0,0.0,0.0,0.0,0.0,0.0,0.0,0.0,0.0,0.0,0.0,0.0,0.0,0.0,0.0,0.0,0.0,0.0,0.0,0.0,0.0,0.0
0.0,0.0,0.0,0.0,0.0,0.0,0.0,0.0,0.0,0.0,0.0,0.0,0.0,0.0,0.0,0.0,0.0,0.0,0.0,0.0,0.0,0.0,0.0,0.0,0.0,0.0,0.0,0.0,0.0,0.0,0.0,0.0,0.0,0.0,0.0,0.0,0.0,0.0,0.0,0.0,0.0,0.0,0.0,0.0,0.0,0.0,0.0,0.0,0.0,0.0,0.0,0.0,0.0,0.0,0.0,0.0,0.0,0.0,0.0,0.0,0.0,0.0,0.0,0.0,0.0,0.0,0.0,0.0,0.0,0.0,0.0,0.0,0.0,0.0,0.0,0.0,0.0,0.0,0.0,0.0,0.0,0.0,0.0,0.0,0.0,0.0,0.0,0.0,0.0,0.0,0.0,0.0,0.0,0.0,0.0,0.0
0.0,0.0,0.0,0.0,0.0,0.0,0.0,0.0,0.0,0.0,0.0,0.0,0.0,0.0,0.0,0.0,0.0,0.0,0.0,0.0,0.0,0.0,0.0,0.0,0.0,0.0,0.0,0.0,0.0,0.0,0.0,0.0,0.0,0.0,0.0,0.0,0.0,0.0,0.0,0.0,0.0,0.0,0.0,0.0,0.0,0.0,0.0,0.0,0.0,0.0,0.0,0.0,0.0,0.0,0.0,0.0,0.0,0.0,0.0,0.0,0.0,0.0,0.0,0.0,0.0,0.0,0.0,0.0,0.0,0.0,0.0,0.0,0.0,0.0,0.0,0.0,0.0,0.0,0.0,0.0,0.0,0.0,0.0,0.0,0.0,0.0,0.0,0.0,0.0,0.0,0.0,0.0,0.0,0.0,0.0,0.0
0.0,0.0,0.0,0.0,0.0,0.0,0.0,0.0,0.0,0.0,0.0,0.0,0.0,0.0,0.0,0.0,0.0,0.0,0.0,0.0,0.0,0.0,0.0,0.0,0.0,0.0,0.0,0.0,0.0,0.0,0.0,0.0,0.0,0.0,0.0,0.0,0.0,0.0,0.0,0.0,0.0,0.0,0.0,0.0,0.0,0.0,0.0,0.0,0.0,0.0,0.0,0.0,0.0,0.0,0.0,0.0,0.0,0.0,0.0,0.0,0.0,0.0,0.0,0.0,0.0,0.0,0.0,0.0,0.0,0.0,0.0,0.0,0.0,0.0,0.0,0.0,0.0,0.0,0.0,0.0,0.0,0.0,0.0,0.0,0.0,0.0,0.0,0.0,0.0,0.0,0.0,0.0,0.0,0.0,0.0,0.0
0.0,0.0,0.0,0.0,0.0,0.0,0.0,0.0,0.0,0.0,0.0,0.0,0.0,0.0,0.0,0.0,0.0,0.0,0.0,0.0,0.0,0.0,0.0,0.0,0.0,0.0,0.0,0.0,0.0,0.0,0.0,0.0,0.0,0.0,0.0,0.0,0.0,0.0,0.0,0.0,0.0,0.0,0.0,0.0,0.0,0.0,0.0,0.0,0.0,0.0,0.0,0.0,0.0,0.0,0.0,0.0,0.0,0.0,0.0,0.0,0.0,0.0,0.0,0.0,0.0,0.0,0.0,0.0,0.0,0.0,0.0,0.0,0.0,0.0,0.0,0.0,0.0,0.0,0.0,0.0,0.0,0.0,0.0,0.0,0.0,0.0,0.0,0.0,0.0,0.0,0.0,0.0,0.0,0.0,0.0,0.0
0.0,0.0,0.0,0.0,0.0,0.0,0.0,0.0,0.0,0.0,0.0,0.0,0.0,0.0,0.0,0.0,0.0,0.0,0.0,0.0,0.0,0.0,0.0,0.0,0.0,0.0,0.0,0.0,0.0,0.0,0.0,0.0,0.0,0.0,0.0,0.0,0.0,0.0,0.0,0.0,0.0,0.0,0.0,0.0,0.0,0.0,0.0,0.0,0.0,0.0,0.0,0.0,0.0,0.0,0.0,0.0,0.0,0.0,0.0,0.0,0.0,0.0,0.0,0.0,0.0,0.0,0.0,0.0,0.0,0.0,0.0,0.0,0.0,0.0,0.0,0.0,0.0,0.0,0.0,0.0,0.0,0.0,0.0,0.0,0.0,0.0,0.0,0.0,0.0,0.0,0.0,0.0,0.0,0.0,0.0,0.0
0.0,0.0,0.0,0.0,0.0,0.0,0.0,0.0,0.0,0.0,0.0,0.0,0.0,0.0,0.0,0.0,0.0,0.0,0.0,0.0,0.0,0.0,0.0,0.0,0.0,0.0,0.0,0.0,0.0,0.0,0.0,0.0,0.0,0.0,0.0,0.0,0.0,0.0,0.0,0.0,0.0,0.0,0.0,0.0,0.0,0.0,0.0,0.0,0.0,0.0,0.0,0.0,0.0,0.0,0.0,0.0,0.0,0.0,0.0,0.0,0.0,0.0,0.0,0.0,0.0,0.0,0.0,0.0,0.0,0.0,0.0,0.0,0.0,0.0,0.0,0.0,0.0,0.0,0.0,0.0,0.0,0.0,0.0,0.0,0.0,0.0,0.0,0.0,0.0,0.0,0.0,0.0,0.0,0.0,0.0,0.0
0.0,0.0,0.0,0.0,0.0,0.0,0.0,0.0,0.0,0.0,0.0,0.0,0.0,0.0,0.0,0.0,0.0,0.0,0.0,0.0,0.0,0.0,0.0,0.0,0.0,0.0,0.0,0.0,0.0,0.0,0.0,0.0,0.0,0.0,0.0,0.0,0.0,0.0,0.0,0.0,0.0,0.0,0.0,0.0,0.0,0.0,0.0,0.0,0.0,0.0,0.0,0.0,0.0,0.0,0.0,0.0,0.0,0.0,0.0,0.0,0.0,0.0,0.0,0.0,0.0,0.0,0.0,0.0,0.0,0.0,0.0,0.0,0.0,0.0,0.0,0.0,0.0,0.0,0.0,0.0,0.0,0.0,0.0,0.0,0.0,0.0,0.0,0.0,0.0,0.0,0.0,0.0,0.0,0.0,0.0,0.0
0.0,0.0,0.0,0.0,0.0,0.0,0.0,0.0,0.0,0.0,0.0,0.0,0.0,0.0,0.0,0.0,0.0,0.0,0.0,0.0,0.0,0.0,0.0,0.0,0.0,0.0,0.0,0.0,0.0,0.0,0.0,0.0,0.0,0.0,0.0,0.0,0.0,0.0,0.0,0.0,0.0,0.0,0.0,0.0,0.0,0.0,0.0,0.0,0.0,0.0,0.0,0.0,0.0,0.0,0.0,0.0,0.0,0.0,0.0,0.0,0.0,0.0,0.0,0.0,0.0,0.0,0.0,0.0,0.0,0.0,0.0,0.0,0.0,0.0,0.0,0.0,0.0,0.0,0.0,0.0,0.0,0.0,0.0,0.0,0.0,0.0,0.0,0.0,0.0,0.0,0.0,0.0,0.0,0.0,0.0,0.0
1388.6,1388.6,1388.6,1388.6,1388.6,1388.6,1388.6,1388.6,1388.6,1388.6,1388.6,1388.6,1388.6,1388.6,1388.6,1388.6,1401.1,1401.1,1388.6,1388.6,1250.4441564597814,850.4441564597812,838.4,838.4,1388.6,1388.6,1388.6,1388.6,1388.6,1388.6,1388.6,1388.6,1388.6,1388.6,1388.6,1388.6,1388.6,1388.6,1388.6,1388.6,1401.1,1401.1,1401.1,1388.6,1388.6,1388.5999999999995,988.6,838.4,1388.6,1388.6,1388.6,1388.6,1388.6,1388.6,1388.6,1388.6,1388.6,1388.6,1388.6,1388.6,1388.6,1388.6,1388.6,1401.1,1401.1,1801.1,1401.1,1388.6,1388.6,1388.6,1238.4,838.4,1401.1,1401.1,1401.1,1401.1,1401.0999999999995,1401.1,1401.1,1401.1,1401.1,1401.1,1401.1,1401.1,1401.1,1401.1,1447.1,1847.1,2410.6,2368.4,1968.3999999999999,1401.1,1388.6,1388.6,1388.6,988.6
1847.4999999999998,1847.5,1847.5,1847.5,1847.4999999999995,1847.4999999999998,1847.5,1847.4999999999998,1847.4999999999998,1847.4999999999995,1847.5,1847.5,1847.4999999999998,1847.4999999999998,1847.4999999999998,2237.5,2637.5,2637.4999999999995,2247.5,1847.5,1847.4999999999998,1847.4999999999993,1847.4999999999998,1847.5,1847.4999999999998,1847.5,1847.4999999999998,1847.5,1847.4999999999995,1847.4999999999995,1847.4999999999995,1847.4999999999998,1847.4999999999998,1847.5,1847.4999999999998,1847.5,1847.5,1847.4999999999995,2089.232324337761,2489.2323243377605,2697.8901733538146,3045.8836802387477,2637.5,2237.4999999999995,1847.499999999998,1847.5,1847.5,1847.4999999999998,2435.8726630734313,2637.5,2544.7880654066403,2258.7438814176726,1987.410164681793,1847.4999999999998,1847.5,1847.5,1847.4999999999998,1847.4999999999993,1847.5,1847.4999999999998,1847.4999999999998,2232.6999693286034,2632.6999693286034,2882.2722150227755,3412.7,3412.7,3278.7,2237.4999999999995,1847.4999999999998,1847.5,1847.4999999999998,1847.5,3196.0964364527135,3076.0964364527135,2956.0964364527126,2836.0964364527135,2737.5,2719.528953237035,2637.5,2637.4999999999995,2637.5,2637.5,2637.4999999999995,2637.499999999999,2637.4999999999995,2857.4999999999995,3377.499999999999,3511.5,3669.1,3669.0999999999995,3535.1,2856.7,2336.7,1847.5,1847.4999999999993,1847.5
0.0,0.0,0.0,0.0,0.0,0.0,0.0,0.0,0.0,0.0,0.0,0.0,0.0,0.0,0.0,0.0,0.0,0.0,0.0,0.0,0.0,0.0,0.0,0.0,0.0,0.0,0.0,0.0,0.0,0.0,0.0,0.0,0.0,0.0,0.0,0.0,0.0,0.0,0.0,0.0,0.0,0.0,0.0,0.0,0.0,0.0,0.0,0.0,0.0,0.0,0.0,0.0,0.0,0.0,0.0,0.0,0.0,0.0,0.0,0.0,0.0,0.0,0.0,0.0,0.0,0.0,0.0,0.0,0.0,0.0,0.0,0.0,0.0,0.0,0.0,0.0,0.0,0.0,0.0,0.0,0.0,0.0,0.0,0.0,0.0,0.0,0.0,0.0,0.0,0.0,0.0,0.0,0.0,0.0,0.0,0.0
1227.0,1227.0,1226.9999999999995,1226.9999999999993,1226.9999999999998,1226.9999999999995,1226.9999999999995,1226.9999999999995,1226.9999999999998,1226.9999999999995,1226.9999999999995,1226.9999999999993,1226.9999999999995,1226.9999999999993,1616.3557478570567,1663.3999999999996,1696.6,1696.5999999999995,1663.4,1227.0,867.0,178.0,0.0,0.0,1402.4999999999995,1663.4,1549.0819072295483,1402.4999999999995,1248.063845761387,1226.9999999999995,1226.9999999999995,1226.9999999999995,1226.9999999999995,1226.9999999999995,1226.9999999999986,1226.9999999999993,1226.9999999999995,1607.909812355925,1663.3999999999992,1663.4,1874.6,1874.6,1874.6,1227.0,866.9999999999995,867.0,320.5227448533259,0.0,1663.4,1663.4,1663.3999999999992,1663.3999999999992,1663.3999999999992,1663.3999999999992,1663.3999999999992,1663.3999999999992,1663.3999999999996,1663.3999999999992,1663.3999999999992,1663.3999999999992,1663.3999999999992,1663.3999999999992,1663.4,1874.5999999999995,1874.6,1895.0,1874.6,1663.4,1226.9999999999995,867.0,689.0,0.0,1874.5999999999995,1874.5999999999995,1874.6,1874.5999999999995,1874.6,1874.6,1874.6,1874.6,1874.6,1874.6,1874.5999999999995,1874.5999999999995,1874.6,1874.599999999999,1874.6,1874.6,1916.1,1926.9999999999995,1924.832202908039,1696.599999999999,1372.8186457472816,1227.0,1227.0,345.9825507805044
0.0,0.0,0.0,0.0,0.0,0.0,0.0,0.0,0.0,0.0,0.0,0.0,0.0,0.0,0.0,0.0,0.0,0.0,0.0,0.0,0.0,0.0,0.0,0.0,0.0,0.0,0.0,0.0,0.0,0.0,0.0,0.0,0.0,0.0,0.0,0.0,0.0,0.0,0.0,0.0,0.0,0.0,0.0,0.0,0.0,0.0,0.0,0.0,0.0,0.0,0.0,0.0,0.0,0.0,0.0,0.0,0.0,0.0,0.0,0.0,0.0,0.0,0.0,0.0,0.0,0.0,0.0,0.0,0.0,0.0,0.0,0.0,0.0,0.0,0.0,0.0,0.0,0.0,0.0,0.0,0.0,0.0,0.0,0.0,0.0,0.0,0.0,0.0,0.0,0.0,0.0,0.0,0.0,0.0,0.0,0.0
4013.8367837200594,4014.5912880806054,3953.9,3953.9,3953.9,3916.1628331759157,3807.496370831708,3953.9,3953.9,3953.9,3953.9,3953.9,4318.626138586254,4718.6261385862545,4839.799999999999,4839.799999999999,5220.784300848888,5263.199999999999,4903.864332911876,4173.960181961313,3415.9,3375.9,3148.2259927595,2748.2259927594996,4793.9,4839.799999999999,4839.799999999999,4793.9,4793.9,4674.0682209381275,4448.223261076528,4503.574939296545,4616.728914427268,4522.582200710409,4189.24886751041,4510.625215585792,4787.655769409761,4839.799999999999,4839.799999999999,5192.799999999999,5263.200000000001,5334.199999999999,5263.200000000001,4489.300216534215,3689.300216534215,3375.9,3375.9,2902.7398392187733,4839.799999999999,5155.833201422389,4839.799999999999,4839.799999999999,4839.799999999999,4839.799999999999,4839.799999999999,4839.799999999999,4839.799999999999,4839.799999999999,4839.799999999999,4839.799999999999,4839.799999999999,4839.799999999999,5192.799999999999,5334.200000000001,5839.522125719274,6024.989645088923,5734.200000000001,4839.799999999999,4203.136453165842,3415.9,3375.9,3227.508489801834,5334.200000000001,5334.199999999999,5334.199999999999,5334.200000000001,5334.200000000001,5263.200000000001,5263.199999999999,5263.199999999999,5263.199999999999,5263.200000000001,5263.200000000001,5263.200000000001,5263.199999999999,5334.200000000001,5354.468609501076,5658.949704873593,6726.603050146915,7101.700000000001,6826.800000000001,5263.200000000001,4793.9,4035.324782134488,3415.9,3375.9
1383.5,1383.5,1273.7114371588127,1109.2812245434661,920.3014918774593,787.4999999999998,787.4999999999999,853.1860672724612,1153.6458310508435,975.4340345603698,1080.180976406641,1133.3444623184687,1316.2552096035242,1383.5,1383.5,1392.3720990631473,1904.3,1904.3,1891.9,983.5,387.49999999999955,272.5,272.5,0.0,1383.5,1383.5,1383.5,1383.4999999999998,1383.5,1383.5,1383.5,1383.4999999999998,1383.5,1383.5,1383.4999999999995,1383.5,1383.4999999999998,1383.5,1568.6564296185697,1891.9,1904.3,1904.3,1904.3,1383.5,882.5234667406287,286.5234667406287,272.5,0.0,1891.8999999999999,1891.9,1891.9,1891.8999999999999,1891.9,1773.8603459867336,1464.7048599937555,1426.0910611569511,1430.487899507004,1383.5,1383.4999999999998,1383.5,1404.7369267963973,1727.8619463056348,1891.9,1904.3,1904.2999999999995,1904.3,1904.3,1511.4720868964414,983.5,780.6775703824774,500.3747607352643,272.5,1904.3,1904.3,1904.3,1904.3,1904.3,1904.2999999999997,1904.3,1904.3,1904.3,1904.3,1904.3,1904.3,1904.3,1904.3,1904.3,1904.3,1904.3,1904.3,1904.3,1904.3,1383.5,983.4999999999993,672.5,272.4999999999998
2320.2,2320.199999999999,2320.199999999999,2320.2,2320.2,2320.2,2320.199999999999,2320.2,2320.2,2320.2,2320.2,2320.199999999999,2320.2,2320.199999999999,2482.2,2868.2999999999993,2903.1999999999994,3004.2,2868.2999999999993,2320.2,2120.2,1853.7331832691489,1185.3474176137624,670.0,2473.919295438618,2580.3265114423543,2482.2,2472.570694677398,2397.2,2320.2,2320.2,2320.2,2320.199999999999,2320.2,2320.2,2320.2,2320.2,2482.2,2868.2999999999993,2868.2999999999993,3004.2,3524.2,3004.2,2397.2,2120.2,2120.2,2120.2,1320.2,2868.3,2679.085666625946,2826.1143058271728,2868.3,2868.3,2868.3,2868.3,2868.2999999999993,2868.3,2482.199999999999,2508.660188148893,2482.2,2868.2999999999993,2868.2999999999993,2988.2999999999984,3644.2,4164.2,4166.900000000001,3644.2,2988.2999999999993,2320.2,2120.2,2120.2,1320.2,3422.5843367804073,3139.547254996046,3130.6403633649807,3107.173293421405,3138.7479721454174,3018.7479721454165,3004.2,3004.199999999999,3004.2,3039.2936935890684,3159.2936935890684,3279.2936935890684,3399.2936935890666,3747.06049573002,4267.060495730019,4787.060495730019,5046.993693589068,4955.793693589068,4435.793693589068,3802.440393423628,2792.2936935890684,2595.2936935890684,2475.2936935890684,2155.2936935890684
0.0,0.0,0.0,0.0,0.0,0.0,0.0,0.0,0.0,0.0,0.0,0.0,0.0,0.0,0.0,0.0,0.0,0.0,0.0,0.0,0.0,0.0,0.0,0.0,0.0,0.0,0.0,0.0,0.0,0.0,0.0,0.0,0.0,0.0,0.0,0.0,0.0,0.0,0.0,0.0,0.0,0.0,0.0,0.0,0.0,0.0,0.0,0.0,0.0,0.0,0.0,0.0,0.0,0.0,0.0,0.0,0.0,0.0,0.0,0.0,0.0,0.0,0.0,0.0,0.0,0.0,0.0,0.0,0.0,0.0,0.0,0.0,0.0,0.0,0.0,0.0,0.0,0.0,0.0,0.0,0.0,0.0,0.0,0.0,0.0,0.0,0.0,0.0,0.0,0.0,0.0,0.0,0.0,0.0,0.0,0.0
0.0,0.0,0.0,0.0,0.0,0.0,0.0,0.0,0.0,0.0,0.0,0.0,0.0,0.0,0.0,0.0,0.0,0.0,0.0,0.0,0.0,0.0,0.0,0.0,0.0,0.0,0.0,0.0,0.0,0.0,0.0,0.0,0.0,0.0,0.0,0.0,0.0,0.0,0.0,0.0,0.0,0.0,0.0,0.0,0.0,0.0,0.0,0.0,0.0,0.0,0.0,0.0,0.0,0.0,0.0,0.0,0.0,0.0,0.0,0.0,0.0,0.0,0.0,0.0,0.0,0.0,0.0,0.0,0.0,0.0,0.0,0.0,0.0,0.0,0.0,0.0,0.0,0.0,0.0,0.0,0.0,0.0,0.0,0.0,0.0,0.0,0.0,0.0,0.0,0.0,0.0,0.0,0.0,0.0,0.0,0.0
0.0,0.0,0.0,0.0,0.0,0.0,0.0,0.0,0.0,0.0,0.0,0.0,0.0,0.0,0.0,0.0,0.0,0.0,0.0,0.0,0.0,0.0,0.0,0.0,0.0,0.0,0.0,0.0,0.0,0.0,0.0,0.0,0.0,0.0,0.0,0.0,0.0,0.0,0.0,0.0,0.0,0.0,0.0,0.0,0.0,0.0,0.0,0.0,0.0,0.0,0.0,0.0,0.0,0.0,0.0,0.0,0.0,0.0,0.0,0.0,0.0,0.0,0.0,0.0,0.0,0.0,0.0,0.0,0.0,0.0,0.0,0.0,0.0,0.0,0.0,0.0,0.0,0.0,0.0,0.0,0.0,0.0,0.0,0.0,0.0,0.0,0.0,0.0,0.0,0.0,0.0,0.0,0.0,0.0,0.0,0.0
0.0,0.0,0.0,0.0,0.0,0.0,0.0,0.0,0.0,0.0,0.0,0.0,0.0,0.0,0.0,0.0,0.0,0.0,0.0,0.0,0.0,0.0,0.0,0.0,0.0,0.0,0.0,0.0,0.0,0.0,0.0,0.0,0.0,0.0,0.0,0.0,0.0,0.0,0.0,0.0,0.0,0.0,0.0,0.0,0.0,0.0,0.0,0.0,0.0,0.0,0.0,0.0,0.0,0.0,0.0,0.0,0.0,0.0,0.0,0.0,0.0,0.0,0.0,0.0,0.0,0.0,0.0,0.0,0.0,0.0,0.0,0.0,0.0,0.0,0.0,0.0,0.0,0.0,0.0,0.0,0.0,0.0,0.0,0.0,0.0,0.0,0.0,0.0,0.0,0.0,0.0,0.0,0.0,0.0,0.0,0.0
0.0,0.0,0.0,0.0,0.0,0.0,0.0,0.0,0.0,0.0,0.0,0.0,0.0,0.0,0.0,0.0,0.0,0.0,0.0,0.0,0.0,0.0,0.0,0.0,0.0,0.0,0.0,0.0,0.0,0.0,0.0,0.0,0.0,0.0,0.0,0.0,0.0,0.0,0.0,0.0,0.0,0.0,0.0,0.0,0.0,0.0,0.0,0.0,0.0,0.0,0.0,0.0,0.0,0.0,0.0,0.0,0.0,0.0,0.0,0.0,0.0,0.0,0.0,0.0,0.0,0.0,0.0,0.0,0.0,0.0,0.0,0.0,0.0,0.0,0.0,0.0,0.0,0.0,0.0,0.0,0.0,0.0,0.0,0.0,0.0,0.0,0.0,0.0,0.0,0.0,0.0,0.0,0.0,0.0,0.0,0.0
0.0,0.0,0.0,0.0,0.0,0.0,0.0,0.0,0.0,0.0,0.0,0.0,0.0,0.0,0.0,0.0,0.0,0.0,0.0,0.0,0.0,0.0,0.0,0.0,0.0,0.0,0.0,0.0,0.0,0.0,0.0,0.0,0.0,0.0,0.0,0.0,0.0,0.0,0.0,0.0,0.0,0.0,0.0,0.0,0.0,0.0,0.0,0.0,0.0,0.0,0.0,0.0,0.0,0.0,0.0,0.0,0.0,0.0,0.0,0.0,0.0,0.0,0.0,0.0,0.0,0.0,0.0,0.0,0.0,0.0,0.0,0.0,0.0,0.0,0.0,0.0,0.0,0.0,0.0,0.0,0.0,0.0,0.0,0.0,0.0,0.0,0.0,0.0,0.0,0.0,0.0,0.0,0.0,0.0,0.0,0.0
0.0,0.0,0.0,0.0,0.0,0.0,0.0,0.0,0.0,0.0,0.0,0.0,0.0,0.0,0.0,0.0,0.0,0.0,0.0,0.0,0.0,0.0,0.0,0.0,0.0,0.0,0.0,0.0,0.0,0.0,0.0,0.0,0.0,0.0,0.0,0.0,0.0,0.0,0.0,0.0,0.0,0.0,0.0,0.0,0.0,0.0,0.0,0.0,0.0,0.0,0.0,0.0,0.0,0.0,0.0,0.0,0.0,0.0,0.0,0.0,0.0,0.0,0.0,0.0,0.0,0.0,0.0,0.0,0.0,0.0,0.0,0.0,0.0,0.0,0.0,0.0,0.0,0.0,0.0,0.0,0.0,0.0,0.0,0.0,0.0,0.0,0.0,0.0,0.0,0.0,0.0,0.0,0.0,0.0,0.0,0.0
