0.0,0.0,0.0,0.0,0.0,0.0,0.0,674.5,838.3999999999997,1051.037917637337,838.4,838.3999999999997,838.4,971.0212551886502,838.3999999999997,838.4,838.3999999999997,1135.1251816965641,1343.2712407925906,1324.2580406597717,924.2580406597721,1103.4365838901376,838.3999999999997,838.3999999999997,0.0,0.0,0.0,0.0,0.0,0.0,0.0,674.5,988.5999999999998,1388.6,1388.6,1224.411012388788,1236.5731868010917,1388.6,988.6,993.0734459071255,1024.218269043273,1376.07783426392,1388.6,1388.6,994.3002250351349,1347.6732080164952,947.673208016496,838.3999999999997,0.0,0.0,0.0,0.0,0.0,0.0,438.4,988.6,1388.6,1388.6,1388.6,1388.6,1388.6,1388.6,1388.6,1388.6,1388.6,1388.6,1388.6,1388.6,1388.6,1388.6,1388.6,1388.6,0.0,0.0,0.0,0.0,274.5,336.84200313946883,814.7600951811576,988.6,1388.6,1388.6,1388.5999999999995,1388.6,1388.6,1388.6,1388.6,1388.6,1388.6,1388.6,1388.6,1388.6,1388.6,1388.6,1388.6,988.5999999999998
402.0,522.0,642.0,762.0,882.0,1002.0,1122.0,1641.9999999999995,1847.5,1847.4999999999998,1847.5,1847.5,1847.4999999999998,1847.4999999999993,1847.4999999999998,1847.4999999999998,1847.4999999999995,1847.4999999999998,1847.4999999999995,1847.5,1847.4999999999993,1847.4999999999993,1847.5,1847.5,402.0,522.0,642.0,762.0,882.0,1002.0,1122.0,1641.9999999999998,1847.4999999999998,1847.499999999999,1847.4999999999998,1847.4999999999998,1847.5,1847.5,1847.4999999999998,1847.4999999999998,1847.5,1847.4999999999995,1847.4999999999998,1847.4999999999998,1847.4999999999995,1847.4999999999998,1847.4999999999998,1847.5,522.0,642.0,762.0,882.0,1002.0,1122.0,1594.2405285286966,1847.4999999999989,1847.4999999999998,1847.4999999999998,1847.4999999999998,1847.4999999999998,1847.4999999999995,1847.5,1847.499999999999,1847.4999999999998,1847.4999999999986,1847.4999999999993,1847.5,1847.4999999999998,1847.5,1847.5,1847.4999999999993,1847.4999999999995,762.0,882.0,1002.0,1122.0,1348.1041135036712,1447.4999999999998,1847.5,1847.4999999999998,1847.4999999999998,1847.4999999999998,1847.5,1847.4999999999998,1847.5,1847.5,1847.499999999999,1847.5,1847.5,1847.4999999999993,1847.5,1847.4999999999998,1847.4999999999995,1847.4999999999998,1847.4999999999998,1847.4999999999998
0.0,0.0,0.0,0.0,0.0,0.0,0.0,0.0,0.0,0.0,0.0,0.0,0.0,0.0,0.0,0.0,0.0,0.0,0.0,0.0,0.0,0.0,0.0,0.0,0.0,0.0,0.0,0.0,0.0,0.0,0.0,0.0,0.0,0.0,0.0,0.0,0.0,0.0,0.0,0.0,0.0,0.0,0.0,0.0,0.0,0.0,0.0,0.0,0.0,0.0,0.0,0.0,0.0,0.0,0.0,0.0,0.0,0.0,0.0,0.0,0.0,0.0,0.0,0.0,0.0,0.0,0.0,0.0,0.0,0.0,0.0,0.0,0.0,0.0,0.0,0.0,0.0,0.0,0.0,0.0,0.0,0.0,0.0,0.0,0.0,0.0,0.0,0.0,0.0,0.0,0.0,0.0,0.0,0.0,0.0,0.0
0.0,0.0,0.0,0.0,0.0,0.0,0.0,0.0,0.0,400.0,379.9585664487521,204.44121615742438,273.21929250330584,577.9999999999998,187.41090335246983,266.0222720398149,416.50175250595123,578.0,578.0,578.0,476.8050025941311,443.9817287937516,43.981728793751586,0.0,0.0,0.0,0.0,0.0,0.0,0.0,0.0,0.0,384.27426477468896,866.9999999999998,769.5688342147832,577.9999999999995,577.9999999999998,867.0,543.0922746689625,578.0,578.0,577.9999999999993,747.7219816859131,724.1401077016199,577.9999999999995,578.0,297.5366802059175,0.0,0.0,0.0,0.0,0.0,0.0,0.0,0.0,178.0,983.2717263496871,1226.9999999999993,1226.9999999999995,1226.9999999999998,1226.9999999999995,1226.9999999999993,1226.999999999999,1226.9999999999984,1227.0,1227.0,1227.0,1227.0,1226.9999999999986,1226.9999999999995,973.4518010946819,722.7910960934149,0.0,0.0,0.0,0.0,0.0,0.0,0.0,178.0,956.3791780793401,1226.9999999999995,1078.5345298504099,866.9999999999998,866.9999999999998,1226.999999999999,867.0,867.0,913.2089480138026,1227.0,1226.9999999999995,1226.9999999999995,941.9258548913576,1202.7011548964667,646.8324688178561,266.9382230308972
0.0,0.0,0.0,0.0,0.0,0.0,0.0,0.0,0.0,0.0,0.0,0.0,0.0,0.0,0.0,0.0,0.0,0.0,0.0,0.0,0.0,0.0,0.0,0.0,0.0,0.0,0.0,0.0,0.0,0.0,0.0,0.0,0.0,0.0,0.0,0.0,0.0,0.0,0.0,0.0,0.0,0.0,0.0,0.0,0.0,0.0,0.0,0.0,0.0,0.0,0.0,0.0,0.0,0.0,0.0,0.0,0.0,0.0,0.0,0.0,0.0,0.0,0.0,0.0,0.0,0.0,0.0,0.0,0.0,0.0,0.0,0.0,0.0,0.0,0.0,0.0,0.0,0.0,0.0,0.0,0.0,0.0,0.0,0.0,0.0,0.0,0.0,0.0,0.0,0.0,0.0,0.0,0.0,0.0,0.0,0.0
1322.9,1442.9,1562.9,1682.9,1802.9,1922.9,2042.9,2812.0363832793782,3375.9,3375.9,3375.9,3375.9,3375.9,3375.9,3375.9,3375.8999999999996,3375.9,3375.8999999999996,3375.8999999999996,3375.9,3375.8999999999996,3375.9,3375.9,3375.9,1322.9,1442.9,1562.9,1682.9,1802.9,1922.9,2042.9,2855.8999999999996,3375.9,3375.9,3375.9,3375.9,3375.9,3375.9,3375.9,3375.8999999999996,3375.9,3375.9,3375.9,3375.8999999999996,3375.9,3375.9,3375.9,3375.9,1442.9,1562.9,1682.9,1802.9,1922.9,2042.9,2282.9,3082.9,3375.9,3775.8999999999996,3758.1514465506143,3417.820029712875,3459.9012315993214,3775.9,3375.9,3375.8999999999996,3375.8999999999996,3772.4346985128923,3953.9,3775.899999999999,3375.8999999999996,3613.782382855067,3375.9,3375.9,1682.9,1802.9,1922.9,2042.8999999999996,2162.8999999999996,2162.9,2575.9,3375.9,3375.9,3717.9369568655075,3375.9,3375.9,3375.8999999999996,3375.8999999999996,3375.9,3375.899999999999,3375.9,3375.9,3629.2144025614507,3602.442242460423,3375.9,3375.9,3375.9,3375.8999999999996
0.0,0.0,0.0,0.0,0.0,0.0,0.0,0.0,272.4999999999999,272.5,272.5,272.5,272.5,272.5,272.5,272.4999999999999,272.5,272.5,272.5,272.5,272.5,272.5,272.5,272.5,0.0,0.0,0.0,0.0,0.0,0.0,0.0,51.041297245797345,272.4999999999999,518.1635731816909,272.5,272.49999999999955,272.49999999999955,278.78532644274765,272.4999999999998,272.49999999999943,272.5,272.5,272.5,272.49999999999955,272.5,272.5,272.5,272.5,0.0,0.0,0.0,0.0,0.0,0.0,0.0,272.4999999999999,672.5,1093.207897473273,787.4999999999976,787.4999999999999,787.5,944.0603583303035,787.4999999999999,787.5,787.5,787.5,825.5448783553674,978.3327600543021,787.5,787.5,672.4999999999999,272.4999999999999,0.0,0.0,0.0,0.0,0.0,0.0,0.0,272.4999999999999,672.5,787.5,787.5,692.5928605045647,775.3272919581203,787.5,567.4586689928478,689.0723556042644,787.4999999999998,787.5,787.5,787.5,787.5,672.5,272.5,272.5
0.0,48.639989395977466,168.63998939597747,288.63998939597747,408.6399893959774,528.6399893959774,648.6399893959774,886.359141127627,1686.3591411276268,2120.2,2120.2,2120.2,2120.2,2120.2,2120.2,2120.2,2120.2,2120.1999999999834,2120.1999999999834,2120.199999999984,2120.2,2120.1999999999844,2120.1999999999844,1623.8584380436266,0.0,39.63233085972607,159.63233085972607,279.63233085972604,399.63233085972604,519.632330859726,639.632330859726,1248.0,2048.0,2120.2,2120.2,2120.2,2120.2,2120.2,2120.2,2120.2,2120.2,2120.1999999999944,2120.2,2120.2,2120.1999999999935,2120.199999999994,2120.2,1984.4883217226225,0.0,70.0,190.0,310.0,430.0,550.0,742.1999999999998,1462.6084829223773,2120.2,2320.2,2320.2,2320.2,2320.2,2320.2,2147.78794454097,2223.073353200323,2301.2307514009112,2320.1999999999957,2320.1999999999953,2320.1999999999994,2291.143214271269,2320.1999999999957,2120.2,2120.2,190.0,310.0,430.0,550.0,670.0,670.0,920.2,1720.2,2120.2,2320.2,2120.2,2120.2,2120.2,2249.953952858449,2120.2,2120.2,2120.2,2307.1869461372735,2320.1999999999925,2320.1999999999925,2120.2,2120.2,2120.2,2120.2
0.0,0.0,0.0,0.0,0.0,0.0,0.0,0.0,0.0,0.0,0.0,0.0,0.0,0.0,0.0,0.0,0.0,0.0,0.0,0.0,0.0,0.0,0.0,0.0,0.0,0.0,0.0,0.0,0.0,0.0,0.0,0.0,0.0,0.0,0.0,0.0,0.0,0.0,0.0,0.0,0.0,0.0,0.0,0.0,0.0,0.0,0.0,0.0,0.0,0.0,0.0,0.0,0.0,0.0,0.0,0.0,0.0,0.0,0.0,0.0,0.0,0.0,0.0,0.0,0.0,0.0,0.0,0.0,0.0,0.0,0.0,0.0,0.0,0.0,0.0,0.0,0.0,0.0,0.0,0.0,0.0,0.0,0.0,0.0,0.0,0.0,0.0,0.0,0.0,0.0,0.0,0.0,0.0,0.0,0.0,0.0
0.0,0.0,0.0,0.0,0.0,0.0,0.0,0.0,0.0,0.0,0.0,0.0,0.0,0.0,0.0,0.0,0.0,0.0,0.0,0.0,0.0,0.0,0.0,0.0,0.0,0.0,0.0,0.0,0.0,0.0,0.0,0.0,0.0,0.0,0.0,0.0,0.0,0.0,0.0,0.0,0.0,0.0,0.0,0.0,0.0,0.0,0.0,0.0,0.0,0.0,0.0,0.0,0.0,0.0,0.0,0.0,0.0,0.0,0.0,0.0,0.0,0.0,0.0,0.0,0.0,0.0,0.0,0.0,0.0,0.0,0.0,0.0,0.0,0.0,0.0,0.0,0.0,0.0,0.0,0.0,0.0,0.0,0.0,0.0,0.0,0.0,0.0,0.0,0.0,0.0,0.0,0.0,0.0,0.0,0.0,0.0
0.0,0.0,0.0,0.0,0.0,0.0,0.0,0.0,0.0,0.0,0.0,0.0,0.0,0.0,0.0,0.0,0.0,0.0,0.0,0.0,0.0,0.0,0.0,0.0,0.0,0.0,0.0,0.0,0.0,0.0,0.0,0.0,0.0,0.0,0.0,0.0,0.0,0.0,0.0,0.0,0.0,0.0,0.0,0.0,0.0,0.0,0.0,0.0,0.0,0.0,0.0,0.0,0.0,0.0,0.0,0.0,0.0,0.0,0.0,0.0,0.0,0.0,0.0,0.0,0.0,0.0,0.0,0.0,0.0,0.0,0.0,0.0,0.0,0.0,0.0,0.0,0.0,0.0,0.0,0.0,0.0,0.0,0.0,0.0,0.0,0.0,0.0,0.0,0.0,0.0,0.0,0.0,0.0,0.0,0.0,0.0
0.0,0.0,0.0,0.0,0.0,0.0,0.0,0.0,0.0,0.0,0.0,0.0,0.0,0.0,0.0,0.0,0.0,0.0,0.0,0.0,0.0,0.0,0.0,0.0,0.0,0.0,0.0,0.0,0.0,0.0,0.0,0.0,0.0,0.0,0.0,0.0,0.0,0.0,0.0,0.0,0.0,0.0,0.0,0.0,0.0,0.0,0.0,0.0,0.0,0.0,0.0,0.0,0.0,0.0,0.0,0.0,0.0,0.0,0.0,0.0,0.0,0.0,0.0,0.0,0.0,0.0,0.0,0.0,0.0,0.0,0.0,0.0,0.0,0.0,0.0,0.0,0.0,0.0,0.0,0.0,0.0,0.0,0.0,0.0,0.0,0.0,0.0,0.0,0.0,0.0,0.0,0.0,0.0,0.0,0.0,0.0
0.0,0.0,0.0,0.0,0.0,0.0,0.0,0.0,0.0,0.0,0.0,0.0,0.0,0.0,0.0,0.0,0.0,0.0,0.0,0.0,0.0,0.0,0.0,0.0,0.0,0.0,0.0,0.0,0.0,0.0,0.0,0.0,0.0,0.0,0.0,0.0,0.0,0.0,0.0,0.0,0.0,0.0,0.0,0.0,0.0,0.0,0.0,0.0,0.0,0.0,0.0,0.0,0.0,0.0,0.0,0.0,0.0,0.0,0.0,0.0,0.0,0.0,0.0,0.0,0.0,0.0,0.0,0.0,0.0,0.0,0.0,0.0,0.0,0.0,0.0,0.0,0.0,0.0,0.0,0.0,0.0,0.0,0.0,0.0,0.0,0.0,0.0,0.0,0.0,0.0,0.0,0.0,0.0,0.0,0.0,0.0
0.0,0.0,0.0,0.0,0.0,0.0,0.0,0.0,0.0,0.0,0.0,0.0,0.0,0.0,0.0,0.0,0.0,0.0,0.0,0.0,0.0,0.0,0.0,0.0,0.0,0.0,0.0,0.0,0.0,0.0,0.0,0.0,0.0,0.0,0.0,0.0,0.0,0.0,0.0,0.0,0.0,0.0,0.0,0.0,0.0,0.0,0.0,0.0,0.0,0.0,0.0,0.0,0.0,0.0,0.0,0.0,0.0,0.0,0.0,0.0,0.0,0.0,0.0,0.0,0.0,0.0,0.0,0.0,0.0,0.0,0.0,0.0,0.0,0.0,0.0,0.0,0.0,0.0,0.0,0.0,0.0,0.0,0.0,0.0,0.0,0.0,0.0,0.0,0.0,0.0,0.0,0.0,0.0,0.0,0.0,0.0
0.0,0.0,0.0,674.5,838.3999999999997,720.3728859701041,838.3999999999997,1238.3999999999996,1388.6,1388.6,1388.6,1388.6,1388.6,1388.6,1388.6,1388.6,1388.6,1388.6,1388.6,1388.6,1388.6,1388.6,1388.6,988.6,0.0,0.0,191.90542217861343,838.4,838.3999999999997,838.4,988.6,1388.6,1388.6,1388.6,1388.6,1388.6,1388.6,1388.6,1388.6,1388.6,1388.6,1388.6,1388.6,1388.6,1388.6,1388.6,1388.6,1388.6,0.0,291.21177428321613,838.4,838.4,838.4,838.4,1238.3999999999996,1388.6,1388.6,1388.6,1388.6,1388.6,1388.6,1388.6,1388.6,1388.6,1401.1,1401.1,1401.1,1401.1,1388.6,1388.6,1388.6,1388.6,459.47468140527053,838.4,838.4,838.4,838.4,838.4,1238.3999999999996,1388.6,1388.6,1388.5999999999995,1388.6,1388.6,1388.5999999999995,1388.6,1388.6,1388.6,1388.6,1401.1,1401.1,1401.0999999999995,1388.6,1388.6,1388.6,1388.6
1002.0,1121.9999999999998,1339.3289205133246,1739.328920513325,1847.4999999999998,1847.4999999999998,1847.4999999999998,1847.4999999999995,1847.4999999999998,1847.4999999999993,1847.4999999999998,1847.4999999999995,1847.4999999999998,1847.4999999999998,1847.4999999999995,1847.4999999999998,1847.4999999999998,1847.4999999999998,1847.4999999999998,1847.5,1847.4999999999995,1847.5,1847.4999999999998,1847.4999999999998,1002.0,1122.0,1447.4999999999995,1847.4999999999995,1847.4999999999998,1847.4999999999995,1847.4999999999995,1847.5,1847.5,1847.5,1847.4999999999998,1847.4999999999998,1847.4999999999998,1847.5,1847.4999999999993,1847.4999999999998,1847.4999999999995,2227.151884445688,2627.151884445688,2247.4999999999995,1847.4999999999993,1847.5,1847.5,1847.4999999999998,1122.0,1447.5,1847.4999999999995,1847.4999999999995,1847.4999999999995,1847.5,1847.4999999999998,1847.4999999999993,1847.5,1847.5,1847.5,1847.4999999999995,1847.5,1847.5,1974.89810622247,2374.89810622247,2637.499999999999,2737.5,2857.499999999999,2857.499999999999,2494.997090383059,2094.997090383059,1847.5,1847.4999999999998,1847.4999999999998,1847.4999999999998,1847.4999999999998,1847.4999999999995,1847.4999999999995,1847.5,1847.4999999999998,1847.4999999999995,1847.4999999999998,1847.4999999999998,1847.4999999999998,1847.5,1847.4999999999995,1847.5,1847.499999999999,2078.295923487928,2478.295923487928,2857.4999999999995,3048.8820866915803,2857.499999999999,2247.499999999999,1847.4999999999998,1847.4999999999995,1847.4999999999995
0.0,0.0,0.0,0.0,0.0,0.0,0.0,0.0,0.0,0.0,0.0,0.0,0.0,0.0,0.0,0.0,0.0,0.0,0.0,0.0,0.0,0.0,0.0,0.0,0.0,0.0,0.0,0.0,0.0,0.0,0.0,0.0,0.0,0.0,0.0,0.0,0.0,0.0,0.0,0.0,0.0,0.0,0.0,0.0,0.0,0.0,0.0,0.0,0.0,0.0,0.0,0.0,0.0,0.0,0.0,0.0,0.0,0.0,0.0,0.0,0.0,0.0,0.0,0.0,0.0,0.0,0.0,0.0,0.0,0.0,0.0,0.0,0.0,0.0,0.0,0.0,0.0,0.0,0.0,0.0,0.0,0.0,0.0,0.0,0.0,0.0,0.0,0.0,0.0,0.0,0.0,0.0,0.0,0.0,0.0,0.0
0.0,0.0,0.0,0.0,0.0,0.0,143.50737656471756,832.5073765647176,866.9999999999993,829.4135892185125,824.8335314993551,972.9941227111954,1226.9999999999993,1226.9999999999995,1226.9999999999993,1226.9999999999998,1227.0,1584.1297605901764,1663.3999999999992,1663.3999999999992,1226.9999999999998,1226.9999999999995,617.0252546574121,241.09067816458014,0.0,0.0,0.0,0.0,0.0,0.0,223.29453853136312,1226.9999999999995,1226.9999999999995,1226.9999999999995,1226.9999999999998,1226.9999999999993,1226.9999999999995,1227.0,1227.0,1402.4999999999995,1663.4,1663.3999999999992,1663.3999999999996,1663.3999999999996,1663.3999999999987,1226.9999999999998,1096.6626737821405,609.3468857382876,0.0,0.0,0.0,0.0,0.0,0.0,689.0,1226.9999999999995,1226.9999999999995,1226.9999999999995,1226.999999999999,1404.0555762576698,1663.3999999999992,1663.3999999999992,1663.3999999999996,1663.4,1696.5999999999995,1874.6,1874.6,1874.599999999999,1663.3999999999996,1663.4,1226.9999999999995,1226.9999999999998,0.0,0.0,0.0,0.0,0.0,96.87699819190203,785.876998191902,1227.0,1227.0,1226.9999999999995,1226.9999999999995,1226.9999999999995,1402.4999999999995,1663.3999999999996,1663.4,1663.3999999999996,1663.4,1874.6,1874.6,1874.6,1663.4,1613.8283154433166,1227.0,867.0
0.0,0.0,0.0,0.0,0.0,0.0,0.0,0.0,0.0,0.0,0.0,0.0,0.0,0.0,0.0,0.0,0.0,0.0,0.0,0.0,0.0,0.0,0.0,0.0,0.0,0.0,0.0,0.0,0.0,0.0,0.0,0.0,0.0,0.0,0.0,0.0,0.0,0.0,0.0,0.0,0.0,0.0,0.0,0.0,0.0,0.0,0.0,0.0,0.0,0.0,0.0,0.0,0.0,0.0,0.0,0.0,0.0,0.0,0.0,0.0,0.0,0.0,0.0,0.0,0.0,0.0,0.0,0.0,0.0,0.0,0.0,0.0,0.0,0.0,0.0,0.0,0.0,0.0,0.0,0.0,0.0,0.0,0.0,0.0,0.0,0.0,0.0,0.0,0.0,0.0,0.0,0.0,0.0,0.0,0.0,0.0
1922.9,2042.9,2162.9,2441.412139744509,2588.180874631167,2282.9,3082.9,3375.9,3375.9,3375.8999999999996,3375.9,3375.9,3375.8999999999996,3595.796198499526,3953.9,4183.583317135913,4583.583317135912,4839.799999999999,4839.799999999999,4839.799999999999,4393.9,3593.9,3375.9,3375.9,1922.9,2042.9,2162.9,2458.4023916410947,2682.9,2575.9,3375.9,3375.9,3502.7531987575776,3375.8999999999996,3375.9,3775.8999999999996,3953.8999999999996,4279.071130217305,4655.183313058633,4821.08512534282,4839.799999999999,4839.799999999999,4998.285630645007,4908.519362125424,4839.799999999999,4272.18171124921,3472.18171124921,3375.9,2042.8999999999996,2162.8999999999996,2355.204837313056,3082.9,3375.9,3216.178807253956,3553.9,4353.9,4734.331383963326,4567.977478899438,4550.664697505229,4839.799999999999,4839.799999999999,4839.799999999999,4839.799999999999,4966.307213101356,5263.199999999999,5328.959881641423,5334.199999999999,5334.200000000001,5192.799999999999,4839.799999999999,4328.578933452598,3528.5789334525984,2162.9,2693.5008693233194,3213.5008693233185,3375.8999999999996,3375.9,3375.9,3375.9,4058.254184404714,4315.754529046315,4140.345544170714,4308.760655486192,4708.760655486191,4817.581860609011,4839.799999999999,4839.799999999999,4839.799999999999,5192.799999999999,5334.199999999999,5334.199999999999,5334.199999999999,5102.3403999087695,4839.799999999999,3993.8999999999996,3415.9
0.0,0.0,0.0,0.0,0.0,0.0,272.5,272.5,365.56500692117265,272.4999999999999,272.5,672.4999999999993,787.5,787.5,794.1744652990055,1062.6200768686956,1383.5,1383.4999999999839,1433.8641221894802,1383.4999999999984,1358.3974414225577,958.397441422558,387.4999999999998,272.5,0.0,0.0,0.0,0.0,266.69175824026865,0.0,272.5,672.5,787.5,787.5,787.4999999999999,996.941758140137,1291.3609278496565,1383.4999999999998,1383.4999999999998,1383.5,1468.6228813177775,1891.9,1891.8999999999996,1891.8999999999999,1383.5,1187.5,672.4999999999998,272.5,0.0,0.0,0.0,272.5,272.4999999999999,272.5,512.9728793460563,1268.2899273050361,1383.499999999999,1383.4999999999998,1383.5,1383.5,1383.5,1633.1025963270433,1891.8999999999996,1891.9,1904.3,1904.3,1904.3,1904.3,1891.8999999999999,1383.4999999999998,1104.9387626463952,787.5,0.0,0.0,272.5,272.49999999999966,272.49999999999955,272.5,387.5,1187.5,1383.4999999999998,1383.4999999999998,1181.3394745527687,1383.5,1383.4999999999998,1383.5,1558.0349730578498,1880.9476506630385,1891.9,1904.3,1904.3,1904.3,1891.8999999999999,1383.5,983.5,661.1465823000162
430.0,550.0,670.0,670.0,670.0,742.1999999999999,1442.7583980522188,2120.2,2120.2,2120.2,2120.2,2120.2,2148.834055505904,2320.2,2320.2,2320.2,2320.199999999984,2482.199999999415,2868.299999999984,2526.453718874908,2320.2,2207.427481502656,2120.2,2120.2,430.0,550.0,670.0,670.0,670.0,813.3924782042775,1613.392478204277,2179.997476844708,2320.2,2290.143273713409,2286.494296338488,2320.2,2320.2,2320.2,2320.2,2482.2,2868.299999999994,2868.299999999993,2868.2999999999975,2868.2999999999993,2557.0525492618744,2320.2,2120.2,2120.2,550.0,670.0,670.0,1014.5673067727237,1263.8663734337003,1320.2,2120.2,2397.2,2320.2,2320.2,2320.2,2482.2,2686.3083748554527,2868.2999999999993,2868.2999999999993,2868.3,2903.1999999999957,3124.1999999999944,3628.710603164447,3124.199999999999,2868.3,2652.857211778688,2320.1999999999994,2320.2,670.0,670.0,996.1235725365327,1782.739502595735,1980.0144132727273,1521.298325062528,2120.2,2320.2,2320.2,2320.2,2320.2,2320.2,2482.2,2645.541768305173,2868.2999999999993,2868.2999999999993,2988.299999999992,3248.5082644106815,3768.5082644106824,3419.9892911214283,2988.2999999999993,2482.2,2129.536236804337,2120.2
0.0,0.0,0.0,0.0,0.0,0.0,0.0,0.0,0.0,0.0,0.0,0.0,0.0,0.0,0.0,0.0,0.0,0.0,0.0,0.0,0.0,0.0,0.0,0.0,0.0,0.0,0.0,0.0,0.0,0.0,0.0,0.0,0.0,0.0,0.0,0.0,0.0,0.0,0.0,0.0,0.0,0.0,0.0,0.0,0.0,0.0,0.0,0.0,0.0,0.0,0.0,0.0,0.0,0.0,0.0,0.0,0.0,0.0,0.0,0.0,0.0,0.0,0.0,0.0,0.0,0.0,0.0,0.0,0.0,0.0,0.0,0.0,0.0,0.0,0.0,0.0,0.0,0.0,0.0,0.0,0.0,0.0,0.0,0.0,0.0,0.0,0.0,0.0,0.0,0.0,0.0,0.0,0.0,0.0,0.0,0.0
0.0,0.0,0.0,0.0,0.0,0.0,0.0,0.0,0.0,0.0,0.0,0.0,0.0,0.0,0.0,0.0,0.0,0.0,0.0,0.0,0.0,0.0,0.0,0.0,0.0,0.0,0.0,0.0,0.0,0.0,0.0,0.0,0.0,0.0,0.0,0.0,0.0,0.0,0.0,0.0,0.0,0.0,0.0,0.0,0.0,0.0,0.0,0.0,0.0,0.0,0.0,0.0,0.0,0.0,0.0,0.0,0.0,0.0,0.0,0.0,0.0,0.0,0.0,0.0,0.0,0.0,0.0,0.0,0.0,0.0,0.0,0.0,0.0,0.0,0.0,0.0,0.0,0.0,0.0,0.0,0.0,0.0,0.0,0.0,0.0,0.0,0.0,0.0,0.0,0.0,0.0,0.0,0.0,0.0,0.0,0.0
0.0,0.0,0.0,0.0,0.0,0.0,0.0,0.0,0.0,0.0,0.0,0.0,0.0,0.0,0.0,0.0,0.0,0.0,0.0,0.0,0.0,0.0,0.0,0.0,0.0,0.0,0.0,0.0,0.0,0.0,0.0,0.0,0.0,0.0,0.0,0.0,0.0,0.0,0.0,0.0,0.0,0.0,0.0,0.0,0.0,0.0,0.0,0.0,0.0,0.0,0.0,0.0,0.0,0.0,0.0,0.0,0.0,0.0,0.0,0.0,0.0,0.0,0.0,0.0,0.0,0.0,0.0,0.0,0.0,0.0,0.0,0.0,0.0,0.0,0.0,0.0,0.0,0.0,0.0,0.0,0.0,0.0,0.0,0.0,0.0,0.0,0.0,0.0,0.0,0.0,0.0,0.0,0.0,0.0,0.0,0.0
0.0,0.0,0.0,0.0,0.0,0.0,0.0,0.0,0.0,0.0,0.0,0.0,0.0,0.0,0.0,0.0,0.0,0.0,0.0,0.0,0.0,0.0,0.0,0.0,0.0,0.0,0.0,0.0,0.0,0.0,0.0,0.0,0.0,0.0,0.0,0.0,0.0,0.0,0.0,0.0,0.0,0.0,0.0,0.0,0.0,0.0,0.0,0.0,0.0,0.0,0.0,0.0,0.0,0.0,0.0,0.0,0.0,0.0,0.0,0.0,0.0,0.0,0.0,0.0,0.0,0.0,0.0,0.0,0.0,0.0,0.0,0.0,0.0,0.0,0.0,0.0,0.0,0.0,0.0,0.0,0.0,0.0,0.0,0.0,0.0,0.0,0.0,0.0,0.0,0.0,0.0,0.0,0.0,0.0,0.0,0.0
0.0,0.0,0.0,0.0,0.0,0.0,0.0,0.0,0.0,0.0,0.0,0.0,0.0,0.0,0.0,0.0,0.0,0.0,0.0,0.0,0.0,0.0,0.0,0.0,0.0,0.0,0.0,0.0,0.0,0.0,0.0,0.0,0.0,0.0,0.0,0.0,0.0,0.0,0.0,0.0,0.0,0.0,0.0,0.0,0.0,0.0,0.0,0.0,0.0,0.0,0.0,0.0,0.0,0.0,0.0,0.0,0.0,0.0,0.0,0.0,0.0,0.0,0.0,0.0,0.0,0.0,0.0,0.0,0.0,0.0,0.0,0.0,0.0,0.0,0.0,0.0,0.0,0.0,0.0,0.0,0.0,0.0,0.0,0.0,0.0,0.0,0.0,0.0,0.0,0.0,0.0,0.0,0.0,0.0,0.0,0.0
0.0,0.0,0.0,0.0,0.0,0.0,0.0,0.0,0.0,0.0,0.0,0.0,0.0,0.0,0.0,0.0,0.0,0.0,0.0,0.0,0.0,0.0,0.0,0.0,0.0,0.0,0.0,0.0,0.0,0.0,0.0,0.0,0.0,0.0,0.0,0.0,0.0,0.0,0.0,0.0,0.0,0.0,0.0,0.0,0.0,0.0,0.0,0.0,0.0,0.0,0.0,0.0,0.0,0.0,0.0,0.0,0.0,0.0,0.0,0.0,0.0,0.0,0.0,0.0,0.0,0.0,0.0,0.0,0.0,0.0,0.0,0.0,0.0,0.0,0.0,0.0,0.0,0.0,0.0,0.0,0.0,0.0,0.0,0.0,0.0,0.0,0.0,0.0,0.0,0.0,0.0,0.0,0.0,0.0,0.0,0.0
0.0,0.0,0.0,0.0,0.0,0.0,0.0,0.0,0.0,0.0,0.0,0.0,0.0,0.0,0.0,0.0,0.0,0.0,0.0,0.0,0.0,0.0,39.41293096335289,0.0,0.0,0.0,0.0,0.0,0.0,0.0,0.0,0.0,0.0,0.0,0.0,0.0,0.0,0.0,0.0,0.0,0.0,0.0,0.0,0.0,0.0,0.0,0.0,0.0,0.0,0.0,0.0,0.0,0.0,0.0,0.0,0.0,0.0,0.0,0.0,0.0,0.0,0.0,0.0,0.0,0.0,0.0,0.0,0.0,0.0,0.0,0.0,0.0,0.0,0.0,0.0,0.0,0.0,0.0,0.0,0.0,0.0,0.0,0.0,0.0,0.0,0.0,0.0,0.0,0.0,153.03426671869835,0.0,0.0,0.0,0.0,0.0,0.0
0.0,0.0,0.0,0.0,0.0,120.0,240.0,359.99999999999955,240.0,120.0,0.0,0.0,42.0,162.0,282.0,402.0,522.0,642.0,762.0,882.0,1002.0,1122.0,1241.9999999999998,1121.9999999999998,0.0,0.0,0.0,0.0,0.0,0.0,0.0,0.0,0.0,0.0,0.0,0.0,0.0,0.0,0.0,0.0,0.0,0.0,0.0,120.0,240.0,360.0,480.0,360.0,0.0,0.0,0.0,0.0,0.0,120.0,240.0,360.0,240.0,120.0,0.0,0.0,42.0,162.0,282.0,402.0,522.0,642.0,762.0,882.0,1002.0,1122.0,1242.0,1122.0,94.19616822797593,42.0,162.0,282.0,402.0,522.0,642.0,941.3810984310281,642.0,522.0,402.0,522.0,642.0,762.0,882.0,1002.0,1122.0,1331.4059631781724,1121.9999999999995,1219.1055345877999,1641.999999999999,1758.3608547006068,1616.8379896962151,1369.5909661456644
0.0,0.0,0.0,0.0,0.0,0.0,0.0,0.0,0.0,0.0,0.0,0.0,0.0,0.0,0.0,0.0,0.0,0.0,0.0,0.0,0.0,0.0,0.0,0.0,0.0,0.0,0.0,0.0,0.0,0.0,0.0,0.0,0.0,0.0,0.0,0.0,0.0,0.0,0.0,0.0,0.0,0.0,0.0,0.0,0.0,0.0,0.0,0.0,0.0,0.0,0.0,0.0,0.0,0.0,0.0,0.0,0.0,0.0,0.0,0.0,0.0,0.0,0.0,0.0,0.0,0.0,0.0,0.0,0.0,0.0,0.0,0.0,0.0,0.0,0.0,0.0,0.0,0.0,0.0,0.0,0.0,0.0,0.0,0.0,0.0,0.0,0.0,0.0,0.0,0.0,0.0,0.0,0.0,0.0,0.0,0.0
0.0,0.0,0.0,0.0,0.0,0.0,0.0,0.0,0.0,0.0,0.0,0.0,0.0,0.0,0.0,0.0,0.0,0.0,0.0,0.0,0.0,0.0,0.0,0.0,0.0,0.0,0.0,0.0,0.0,0.0,0.0,0.0,0.0,0.0,0.0,0.0,0.0,0.0,0.0,0.0,0.0,0.0,0.0,0.0,0.0,0.0,0.0,0.0,0.0,0.0,0.0,0.0,0.0,0.0,0.0,0.0,0.0,0.0,0.0,0.0,0.0,0.0,0.0,0.0,0.0,0.0,0.0,0.0,0.0,0.0,0.0,0.0,0.0,0.0,0.0,0.0,0.0,0.0,0.0,0.0,0.0,0.0,0.0,0.0,0.0,0.0,0.0,0.0,0.0,0.0,0.0,0.0,0.0,0.0,0.0,0.0
0.0,0.0,0.0,0.0,0.0,0.0,0.0,0.0,0.0,0.0,0.0,0.0,0.0,0.0,0.0,0.0,0.0,0.0,0.0,0.0,0.0,0.0,0.0,0.0,0.0,0.0,0.0,0.0,0.0,0.0,0.0,0.0,0.0,0.0,0.0,0.0,0.0,0.0,0.0,0.0,0.0,0.0,0.0,0.0,0.0,0.0,0.0,0.0,0.0,0.0,0.0,0.0,0.0,0.0,0.0,0.0,0.0,0.0,0.0,0.0,0.0,0.0,0.0,0.0,0.0,0.0,0.0,0.0,0.0,0.0,0.0,0.0,0.0,0.0,0.0,0.0,0.0,0.0,0.0,0.0,0.0,0.0,0.0,0.0,0.0,0.0,0.0,0.0,0.0,0.0,0.0,0.0,0.0,0.0,0.0,0.0
-8.881784197001252e-16,-8.881784197001252e-16,-8.881784197001252e-16,-8.881784197001252e-16,-8.881784197001252e-16,4.52181301457142,124.52181301457097,244.52181301457097,124.52181301457097,4.521813014570966,-8.881784197001252e-16,-8.881784197001252e-16,-8.881784197001252e-16,120.0,240.0,360.0,480.0,600.0,720.0,840.0,960.0,1079.999999999999,1199.999999999999,1079.999999999999,-8.881784197001252e-16,8.881784197001252e-16,-8.881784197001252e-16,-8.881784197001252e-16,-8.881784197001252e-16,-8.881784197001252e-16,-8.881784197001252e-16,-8.881784197001252e-16,0.0,0.0,0.0,-8.881784197001252e-16,8.881784197001252e-16,-8.881784197001252e-16,-8.881784197001252e-16,-8.881784197001252e-16,-8.881784197001252e-16,-8.881784197001252e-16,-8.881784197001252e-16,120.0,240.0,360.0,479.9999999999991,359.99999999999955,-8.881784197001252e-16,-8.881784197001252e-16,-8.881784197001252e-16,-8.881784197001252e-16,-8.881784197001252e-16,120.0,239.9999999999991,359.9999999999982,239.99999999999818,119.99999999999864,-8.881784197001252e-16,48.45350637229831,168.4535063722983,288.4535063722983,408.4535063722983,528.4535063722983,648.4535063722983,768.4535063722983,888.4535063722983,1008.4535063722983,1128.4535063722983,1248.4535063722983,1368.453506372297,1248.4535063722979,794.7334342907611,914.7334342907611,1034.7334342907611,1154.7334342907611,1274.7334342907611,1394.7334342907611,1514.7334342907593,1634.7334342907584,1514.7334342907593,1394.7334342907593,1311.9093468913657,1431.9093468913657,1551.9093468913657,1671.9093468913657,1791.9093468913657,1911.9093468913657,2031.9093468913638,2151.909346891363,2031.909346891363,2042.9,2562.899999999999,2522.9829757422985,2716.582804755588,2162.8999999999983
0.0,0.0,0.0,0.0,0.0,0.0,0.0,0.0,0.0,0.0,0.0,0.0,0.0,0.0,0.0,0.0,0.0,0.0,0.0,0.0,0.0,0.0,0.0,0.0,0.0,0.0,0.0,0.0,0.0,0.0,0.0,0.0,0.0,0.0,0.0,0.0,0.0,0.0,0.0,0.0,0.0,0.0,0.0,0.0,0.0,0.0,0.0,0.0,0.0,0.0,0.0,0.0,0.0,0.0,0.0,0.0,0.0,0.0,0.0,0.0,0.0,0.0,0.0,0.0,0.0,0.0,0.0,0.0,0.0,0.0,0.0,0.0,0.0,0.0,0.0,0.0,0.0,0.0,0.0,0.0,0.0,0.0,0.0,0.0,0.0,0.0,0.0,0.0,0.0,0.0,0.0,0.0,95.22062574433585,0.0,272.49999999999795,0.0
0.0,0.0,0.0,0.0,0.0,120.0,240.0,360.0,240.0,120.0,0.0,0.0,0.0,0.0,0.0,0.0,0.0,120.0,240.0,360.0,480.0,550.0,669.9999999999998,549.9999999999998,0.0,0.0,0.0,0.0,0.0,0.0,0.0,0.0,0.0,0.0,0.0,0.0,0.0,0.0,0.0,0.0,0.0,0.0,59.44315272459008,179.44315272459008,299.44315272459005,419.44315272459005,539.44315272459,419.44315272459005,0.0,0.0,0.0,0.0,2.2137252022425855,122.21372520224259,242.21372520224259,362.2137252022417,242.21372520224259,122.21372520224259,2.2137252022425855,0.0,0.0,0.0,8.321835505447211,128.3218355054472,248.3218355054472,368.3218355054472,377.91110889723046,497.91110889723046,617.91110889723,550.0,670.0,550.0,120.0,0.0,70.0,190.0,310.0,430.0,550.0,670.0,550.0,430.0,310.0,190.0,70.0,190.0,310.0,430.0,550.0,670.0,550.0,670.0,669.9999999999995,669.9999999999995,669.9999999999995,669.9999999999925
0.0,0.0,0.0,0.0,0.0,0.0,0.0,0.0,0.0,0.0,0.0,0.0,0.0,0.0,0.0,0.0,0.0,0.0,0.0,0.0,0.0,0.0,0.0,0.0,0.0,0.0,0.0,0.0,0.0,0.0,0.0,0.0,0.0,0.0,0.0,0.0,0.0,0.0,0.0,0.0,0.0,0.0,0.0,0.0,0.0,0.0,0.0,0.0,0.0,0.0,0.0,0.0,0.0,0.0,0.0,0.0,0.0,0.0,0.0,0.0,0.0,0.0,0.0,0.0,0.0,0.0,0.0,0.0,0.0,0.0,0.0,0.0,0.0,0.0,0.0,0.0,0.0,0.0,0.0,0.0,0.0,0.0,0.0,0.0,0.0,0.0,0.0,0.0,0.0,0.0,0.0,0.0,0.0,0.0,0.0,0.0
0.0,0.0,0.0,0.0,0.0,0.0,0.0,0.0,0.0,0.0,0.0,0.0,0.0,0.0,0.0,0.0,0.0,0.0,0.0,0.0,0.0,0.0,0.0,0.0,0.0,0.0,0.0,0.0,0.0,0.0,0.0,0.0,0.0,0.0,0.0,0.0,0.0,0.0,0.0,0.0,0.0,0.0,0.0,0.0,0.0,0.0,0.0,0.0,0.0,0.0,0.0,0.0,0.0,0.0,0.0,0.0,0.0,0.0,0.0,0.0,0.0,0.0,0.0,0.0,0.0,0.0,0.0,0.0,0.0,0.0,0.0,0.0,0.0,0.0,0.0,0.0,0.0,0.0,0.0,0.0,0.0,0.0,0.0,0.0,0.0,0.0,0.0,0.0,0.0,0.0,0.0,0.0,0.0,0.0,0.0,0.0
0.0,0.0,0.0,0.0,0.0,0.0,0.0,0.0,0.0,0.0,0.0,0.0,0.0,0.0,0.0,0.0,0.0,0.0,0.0,0.0,0.0,0.0,0.0,0.0,0.0,0.0,0.0,0.0,0.0,0.0,0.0,0.0,0.0,0.0,0.0,0.0,0.0,0.0,0.0,0.0,0.0,0.0,0.0,0.0,0.0,0.0,0.0,0.0,0.0,0.0,0.0,0.0,0.0,0.0,0.0,0.0,0.0,0.0,0.0,0.0,0.0,0.0,0.0,0.0,0.0,0.0,0.0,0.0,0.0,0.0,0.0,0.0,0.0,0.0,0.0,0.0,0.0,0.0,0.0,0.0,0.0,0.0,0.0,0.0,0.0,0.0,0.0,0.0,0.0,0.0,0.0,0.0,0.0,0.0,0.0,0.0
0.0,0.0,0.0,0.0,0.0,0.0,0.0,0.0,0.0,0.0,0.0,0.0,0.0,0.0,0.0,0.0,0.0,0.0,0.0,0.0,0.0,0.0,0.0,0.0,0.0,0.0,0.0,0.0,0.0,0.0,0.0,0.0,0.0,0.0,0.0,0.0,0.0,0.0,0.0,0.0,0.0,0.0,0.0,0.0,0.0,0.0,0.0,0.0,0.0,0.0,0.0,0.0,0.0,0.0,0.0,0.0,0.0,0.0,0.0,0.0,0.0,0.0,0.0,0.0,0.0,0.0,0.0,0.0,0.0,0.0,0.0,0.0,0.0,0.0,0.0,0.0,0.0,0.0,0.0,0.0,0.0,0.0,0.0,0.0,0.0,0.0,0.0,0.0,0.0,0.0,0.0,0.0,0.0,0.0,0.0,0.0
0.0,0.0,0.0,0.0,0.0,0.0,0.0,0.0,0.0,0.0,0.0,0.0,0.0,0.0,0.0,0.0,0.0,0.0,0.0,0.0,0.0,0.0,0.0,0.0,0.0,0.0,0.0,0.0,0.0,0.0,0.0,0.0,0.0,0.0,0.0,0.0,0.0,0.0,0.0,0.0,0.0,0.0,0.0,0.0,0.0,0.0,0.0,0.0,0.0,0.0,0.0,0.0,0.0,0.0,0.0,0.0,0.0,0.0,0.0,0.0,0.0,0.0,0.0,0.0,0.0,0.0,0.0,0.0,0.0,0.0,0.0,0.0,0.0,0.0,0.0,0.0,0.0,0.0,0.0,0.0,0.0,0.0,0.0,0.0,0.0,0.0,0.0,0.0,0.0,0.0,0.0,0.0,0.0,0.0,0.0,0.0
0.0,0.0,0.0,0.0,0.0,0.0,0.0,0.0,0.0,0.0,0.0,0.0,0.0,0.0,0.0,0.0,0.0,0.0,0.0,0.0,0.0,0.0,0.0,0.0,0.0,0.0,0.0,0.0,0.0,0.0,0.0,0.0,0.0,0.0,0.0,0.0,0.0,0.0,0.0,0.0,0.0,0.0,0.0,0.0,0.0,0.0,0.0,0.0,0.0,0.0,0.0,0.0,0.0,0.0,0.0,0.0,0.0,0.0,0.0,0.0,0.0,0.0,0.0,0.0,0.0,0.0,0.0,0.0,0.0,0.0,0.0,0.0,0.0,0.0,0.0,0.0,0.0,0.0,0.0,0.0,0.0,0.0,0.0,0.0,0.0,0.0,0.0,0.0,0.0,0.0,0.0,0.0,0.0,0.0,0.0,0.0
0.0,0.0,0.0,0.0,0.0,0.0,659.0417887355243,838.3999999999995,838.4,838.4,838.3999999999997,838.3999999999997,838.4,838.3999999999995,584.5174654470385,519.9791726346865,838.3999999999997,838.3999999999997,838.3999999999997,838.3999999999997,838.4,838.4,838.3999999999997,838.3999999999997,0.0,0.0,0.0,0.0,0.0,0.0,0.0,674.5,838.3999999999997,762.7503032903805,838.3999999999997,838.3999999999997,520.594654787858,492.2898308161127,274.5,203.11352132702154,838.3999999999997,838.3999999999997,838.4,838.3999999999997,838.4,838.4,838.4,838.3999999999997,210.9629592620547,0.0,0.0,0.0,0.0,0.0,594.8286668637057,838.3999999999997,838.3999999999997,838.4,838.3999999999997,838.3999999999997,710.8404196493585,561.1640496949188,292.3210836092701,565.4695289333813,929.8422807261456,1329.8422807261459,988.6,1388.6,1387.813849532306,1179.9534176745751,838.4,838.4,553.4996347232602,274.4999999999998,0.0,0.0,274.5,332.8057935183234,732.8057935183234,838.3999999999997,838.4,838.4,838.3999999999997,838.3999999999993,838.3999999999997,838.4,704.2298652420186,783.1428688296253,1179.1776213187568,1386.4687871668548,986.4687871668549,1313.7380903572798,1328.4740649583873,1224.6920346719385,898.5780765368813,838.4
1242.0,1122.0,1002.0,882.0,1002.0,1122.0,1641.9999999999998,1847.5,1847.4999999999995,1847.499999999999,1847.4999999999995,1847.4999999999995,1847.4999999999998,1847.5,1847.4999999999998,1847.4999999999995,1847.4999999999995,1847.499999999999,1847.4999999999982,1847.4999999999995,1847.4999999999993,1847.4999999999993,1847.4999999999998,1847.499999999999,855.5131933938243,735.5131933938245,762.0,882.0,1002.0,1122.0,1364.341912917563,1764.3419129175613,1847.499999999999,1847.4999999999989,1847.4999999999998,1847.4999999999995,1847.4999999999998,1755.5484308847415,1355.5484308847415,1447.4999999999995,1847.4999999999998,1847.5,1847.5,1847.5,1847.4999999999995,1847.5,1847.4999999999993,1847.4999999999998,1241.9999999999993,1122.0,1002.0,882.0,1002.0,1122.0,1641.9999999999993,1847.4999999999995,1847.5,1847.5,1847.5,1847.5,1847.5,1847.4999999999998,1847.4999999999998,1847.5,1847.4999999999998,1847.4999999999998,1847.5,1847.5,1847.5,1847.4999999999998,1847.4999999999993,1847.499999999999,1658.5180142389736,1258.5180142389738,1122.0,1241.9999999999998,1583.5419015153238,1750.0036842741058,1847.4999999999998,1847.5,1847.4999999999993,1847.499999999999,1847.5,1847.5,1847.4999999999998,1847.4999999999995,1847.4999999999998,1847.4999999999995,1847.4999999999995,1847.499999999999,1847.5,1847.4999999999998,1847.5,1847.4999999999995,1847.4999999999998,1847.4999999999995
0.0,0.0,0.0,0.0,0.0,0.0,0.0,0.0,0.0,0.0,0.0,0.0,0.0,0.0,0.0,0.0,0.0,0.0,0.0,0.0,0.0,0.0,0.0,0.0,0.0,0.0,0.0,0.0,0.0,0.0,0.0,0.0,0.0,0.0,0.0,0.0,0.0,0.0,0.0,0.0,0.0,0.0,0.0,0.0,0.0,0.0,0.0,0.0,0.0,0.0,0.0,0.0,0.0,0.0,0.0,0.0,0.0,0.0,0.0,0.0,0.0,0.0,0.0,0.0,0.0,0.0,0.0,0.0,0.0,0.0,0.0,0.0,0.0,0.0,0.0,0.0,0.0,0.0,0.0,0.0,0.0,0.0,0.0,0.0,0.0,0.0,0.0,0.0,0.0,0.0,0.0,0.0,0.0,0.0,0.0,0.0
0.0,0.0,0.0,0.0,0.0,0.0,0.0,0.0,0.0,0.0,0.0,0.0,0.0,0.0,0.0,0.0,0.0,0.0,0.0,0.0,0.0,0.0,0.0,0.0,0.0,0.0,0.0,0.0,0.0,0.0,0.0,0.0,0.0,0.0,0.0,0.0,0.0,0.0,0.0,0.0,0.0,0.0,0.0,0.0,0.0,0.0,0.0,0.0,0.0,0.0,0.0,0.0,0.0,0.0,0.0,0.0,0.0,0.0,0.0,0.0,0.0,0.0,0.0,0.0,400.0,867.0,369.87238058412584,747.6233835480786,578.0,411.87240589663196,11.872405896631939,0.0,0.0,0.0,0.0,0.0,0.0,0.0,0.0,334.4860815958895,399.99999999999955,0.0,0.0,0.0,0.0,0.0,0.0,0.0,440.00532561370767,867.0,178.0,577.9999999999995,578.0,578.0,400.0,0.0
0.0,0.0,0.0,0.0,0.0,0.0,0.0,0.0,0.0,0.0,0.0,0.0,0.0,0.0,0.0,0.0,0.0,0.0,0.0,0.0,0.0,0.0,0.0,0.0,0.0,0.0,0.0,0.0,0.0,0.0,0.0,0.0,0.0,0.0,0.0,0.0,0.0,0.0,0.0,0.0,0.0,0.0,0.0,0.0,0.0,0.0,0.0,0.0,0.0,0.0,0.0,0.0,0.0,0.0,0.0,0.0,0.0,0.0,0.0,0.0,0.0,0.0,0.0,0.0,0.0,0.0,0.0,0.0,0.0,0.0,0.0,0.0,0.0,0.0,0.0,0.0,0.0,0.0,0.0,0.0,0.0,0.0,0.0,0.0,0.0,0.0,0.0,0.0,0.0,0.0,0.0,0.0,0.0,0.0,0.0,0.0
1993.2856864529217,1873.2856864529217,1753.2856864529217,1802.9,1922.9,2042.9,2162.8999999999996,2871.462832064854,3149.6641081267226,3112.6662864920336,3075.370940406809,3145.8076035687673,2745.8076035687673,2562.9,2162.9,2282.9,3082.9,3375.8999999999996,3375.8999999999996,3375.9,3375.9,3375.9,3082.9,2456.600879405866,1682.8999999999996,1562.9,1682.9,1802.9,1922.9,2042.9,2162.9,2562.9,2682.9,2699.109621641298,2726.435126089743,2822.731641520433,2642.8646834089423,2549.1072482037775,2162.9,2251.781407892344,3051.781407892343,3375.9,3255.365968322033,3375.9,3375.8999999999996,3375.9,3082.9,2423.621255983894,2162.9,2042.9,1922.9,1802.9,1922.9,2042.9,2807.346853767678,3327.346853767678,3375.9,3375.899999999999,3375.9,3375.9,3375.9,3375.9,2975.9,2580.2439183730166,3375.899999999999,3375.9,3375.9,3375.9,3375.9,3375.9,3375.9,2975.8999999999996,2788.268343443193,2162.9,2042.9,2162.8999999999996,2162.9,2533.486580310047,3192.58488432369,3375.9,3375.9,3375.899999999999,3375.9,3375.9,3375.9,3375.9,3375.9,3237.321370423313,3375.9,3375.9,3375.9,3375.9,3375.9,3375.9,3375.9,3375.9
0.0,0.0,0.0,0.0,0.0,0.0,0.0,272.499999999999,272.4999999999998,272.5,272.5,272.5,101.24569135148056,144.23163331348195,0.0,0.0,272.4999999999999,272.5,272.4999999999993,272.4999999999999,272.5,272.4999999999999,272.5,0.0,0.0,0.0,0.0,0.0,0.0,0.0,0.0,207.3388779564154,235.22405196338406,272.4999999999984,272.5,272.5,0.0,0.0,0.0,0.0,272.5,272.4999999999998,272.5,272.5,272.5,272.5,272.4999999999999,0.0,0.0,0.0,0.0,0.0,0.0,0.0,93.7483046109661,272.5,272.5,272.5,272.5,272.4999999999998,272.49999999999955,272.5,272.5,0.0,272.5,346.12594402816995,272.5,272.5,272.5,272.4999999999998,272.5,259.3678705945905,272.4999999999998,0.0,0.0,0.0,0.0,0.0,272.5,272.5,272.4999999999998,272.5,272.5,272.5,272.4999999999998,272.5,272.5,272.5,272.4999999999998,272.49999999999955,272.5,272.49999999999955,272.49999999999955,272.4999999999998,272.5,272.4999999999998
670.0,550.0,430.0,310.0,430.0,550.0,670.0,670.0,669.9999999999998,669.9999999999998,669.9999999999998,669.9999999999998,670.0,669.9999999999998,669.9999999999998,670.0,1318.3050873240077,1744.7956532825604,992.1716982385283,1522.834862821667,1385.715624271265,1109.4244594824047,795.3665384462493,669.9999999999998,430.0,310.0,190.0,310.0,430.0,550.0,670.0,669.9999999999998,670.0,670.0,670.0,670.0,670.0,670.0,670.0,670.0,1113.7976337491325,1691.7976337491325,891.7976337491327,1524.1834552200053,1414.9597232529636,1148.704192859982,835.8903170807814,669.9999999999998,669.9999999999998,550.0,430.0,310.0,430.0,550.0,670.0,1363.9916552913407,1747.054515034579,1711.2961717729563,1797.6325332691022,1870.5184964788969,1205.5134579806083,1144.3609125779883,781.514402491229,1291.4283835103606,2091.4283835103606,2120.2,2120.2,2120.2,2120.2,2120.2,2120.2,1320.2,670.0,670.0,550.0,670.0,670.0,848.2919634456459,1648.2919634456455,2120.2,2120.2,2120.2,2120.2,2120.2,2120.2,2120.2,1543.7143638994723,1320.2,2120.2,2120.2,2120.2,2120.2,2120.2,2120.2,2120.2,2120.2
0.0,0.0,0.0,0.0,0.0,0.0,0.0,0.0,0.0,0.0,0.0,0.0,0.0,0.0,0.0,0.0,0.0,0.0,0.0,0.0,0.0,0.0,0.0,0.0,0.0,0.0,0.0,0.0,0.0,0.0,0.0,0.0,0.0,0.0,0.0,0.0,0.0,0.0,0.0,0.0,0.0,0.0,0.0,0.0,0.0,0.0,0.0,0.0,0.0,0.0,0.0,0.0,0.0,0.0,0.0,0.0,0.0,0.0,0.0,0.0,0.0,0.0,0.0,0.0,0.0,0.0,0.0,0.0,0.0,0.0,0.0,0.0,0.0,0.0,0.0,0.0,0.0,0.0,0.0,0.0,0.0,0.0,0.0,0.0,0.0,0.0,0.0,0.0,0.0,0.0,0.0,0.0,0.0,0.0,0.0,0.0
0.0,0.0,0.0,0.0,0.0,0.0,0.0,0.0,0.0,0.0,0.0,0.0,0.0,0.0,0.0,0.0,0.0,0.0,0.0,0.0,0.0,0.0,0.0,0.0,0.0,0.0,0.0,0.0,0.0,0.0,0.0,0.0,0.0,0.0,0.0,0.0,0.0,0.0,0.0,0.0,0.0,0.0,0.0,0.0,0.0,0.0,0.0,0.0,0.0,0.0,0.0,0.0,0.0,0.0,0.0,0.0,0.0,0.0,0.0,0.0,0.0,0.0,0.0,0.0,0.0,0.0,0.0,0.0,0.0,0.0,0.0,0.0,0.0,0.0,0.0,0.0,0.0,0.0,0.0,0.0,0.0,0.0,0.0,0.0,0.0,0.0,0.0,0.0,0.0,0.0,0.0,0.0,0.0,0.0,0.0,0.0
0.0,0.0,0.0,0.0,0.0,0.0,0.0,0.0,0.0,0.0,0.0,0.0,0.0,0.0,0.0,0.0,0.0,0.0,0.0,0.0,0.0,0.0,0.0,0.0,0.0,0.0,0.0,0.0,0.0,0.0,0.0,0.0,0.0,0.0,0.0,0.0,0.0,0.0,0.0,0.0,0.0,0.0,0.0,0.0,0.0,0.0,0.0,0.0,0.0,0.0,0.0,0.0,0.0,0.0,0.0,0.0,0.0,0.0,0.0,0.0,0.0,0.0,0.0,0.0,0.0,0.0,0.0,0.0,0.0,0.0,0.0,0.0,0.0,0.0,0.0,0.0,0.0,0.0,0.0,0.0,0.0,0.0,0.0,0.0,0.0,0.0,0.0,0.0,0.0,0.0,0.0,0.0,0.0,0.0,0.0,0.0
0.0,0.0,0.0,0.0,0.0,0.0,0.0,0.0,0.0,0.0,0.0,0.0,0.0,0.0,0.0,0.0,0.0,0.0,0.0,0.0,0.0,0.0,0.0,0.0,0.0,0.0,0.0,0.0,0.0,0.0,0.0,0.0,0.0,0.0,0.0,0.0,0.0,0.0,0.0,0.0,0.0,0.0,0.0,0.0,0.0,0.0,0.0,0.0,0.0,0.0,0.0,0.0,0.0,0.0,0.0,0.0,0.0,0.0,0.0,0.0,0.0,0.0,0.0,0.0,0.0,0.0,0.0,0.0,0.0,0.0,0.0,0.0,0.0,0.0,0.0,0.0,0.0,0.0,0.0,0.0,0.0,0.0,0.0,0.0,0.0,0.0,0.0,0.0,0.0,0.0,0.0,0.0,0.0,0.0,0.0,0.0
0.0,0.0,0.0,0.0,0.0,0.0,0.0,0.0,0.0,0.0,0.0,0.0,0.0,0.0,0.0,0.0,0.0,0.0,0.0,0.0,0.0,0.0,0.0,0.0,0.0,0.0,0.0,0.0,0.0,0.0,0.0,0.0,0.0,0.0,0.0,0.0,0.0,0.0,0.0,0.0,0.0,0.0,0.0,0.0,0.0,0.0,0.0,0.0,0.0,0.0,0.0,0.0,0.0,0.0,0.0,0.0,0.0,0.0,0.0,0.0,0.0,0.0,0.0,0.0,0.0,0.0,0.0,0.0,0.0,0.0,0.0,0.0,0.0,0.0,0.0,0.0,0.0,0.0,0.0,0.0,0.0,0.0,0.0,0.0,0.0,0.0,0.0,0.0,0.0,0.0,0.0,0.0,0.0,0.0,0.0,0.0
0.0,0.0,0.0,0.0,0.0,0.0,0.0,0.0,0.0,0.0,0.0,0.0,0.0,0.0,0.0,0.0,0.0,0.0,0.0,0.0,0.0,0.0,0.0,0.0,0.0,0.0,0.0,0.0,0.0,0.0,0.0,0.0,0.0,0.0,0.0,0.0,0.0,0.0,0.0,0.0,0.0,0.0,0.0,0.0,0.0,0.0,0.0,0.0,0.0,0.0,0.0,0.0,0.0,0.0,0.0,0.0,0.0,0.0,0.0,0.0,0.0,0.0,0.0,0.0,0.0,0.0,0.0,0.0,0.0,0.0,0.0,0.0,0.0,0.0,0.0,0.0,0.0,0.0,0.0,0.0,0.0,0.0,0.0,0.0,0.0,0.0,0.0,0.0,0.0,0.0,0.0,0.0,0.0,0.0,0.0,0.0
354.69830312411045,274.5,98.80441212904861,274.5,277.23742443914983,793.0880979834178,1008.4460586670035,1388.6,1388.6,1388.6,1388.6,1388.6,1388.6,1388.6,1388.6,1388.6,1388.6,1388.6,1388.6,1388.6,1388.6,1388.6,1225.9412907598107,838.4,555.3196125904599,274.5,166.70584744535665,274.5,309.51028899174173,838.4,1238.3999999999996,1388.6,1388.6,1388.6,1388.6,1388.6,1388.6,1388.6,1388.6,1388.6,1401.1,1401.1,1401.1,1401.1,1388.6,1388.6,1388.6,988.6,838.4,838.3999999999997,838.4,838.4,838.3999999999997,988.5999999999998,1388.6,1388.6,1388.6,1401.1,1401.1,1401.1,1388.6,1388.6,1401.1,1401.1,1801.1,2324.413726906348,1875.2481459264327,1475.2481459264327,1401.1,1388.6,1388.6,1388.6,838.3999999999997,838.4,838.3999999999988,838.4,838.4,988.6,1388.6,1388.6,1388.6,1401.099999999998,1401.1,1388.6,1388.5999999999995,1388.6,1388.6,1401.1,1801.1,2201.1,1968.4687688594709,1568.4687688594706,1401.1,1388.6,1388.6,1388.6
1799.790974504969,1399.7909745049692,1241.9999999999995,1307.183176570664,1447.4999999999998,1847.4999999999995,1847.4999999999998,1847.5,1847.4999999999995,1847.4999999999998,1847.4999999999998,1847.4999999999998,1847.4999999999998,1847.5,1847.5,1847.5,2135.9503192759084,2535.9503192759075,2247.4999999999995,1847.4999999999998,1847.5,1847.4999999999998,1847.4999999999998,1847.4999999999998,1847.4999999999995,1559.0962422095467,1242.0,1426.920994139681,1447.4999999999998,1847.4999999999993,1847.4999999999995,1847.4999999999998,1847.5,1847.5,1847.4999999999995,1847.5,1847.4999999999995,1847.5,1847.4999999999998,2237.499999999999,2844.097604679694,3385.2976046796944,3278.6999999999994,2637.4999999999995,2237.5,1847.4999999999995,1847.5,1847.4999999999995,1847.4999999999998,1847.4999999999995,1847.4999999999993,1847.4999999999995,1847.4999999999993,1847.4999999999998,1847.4999999999998,2082.715769486047,2482.715769486047,2637.4999999999986,2637.4999999999995,2637.499999999999,2539.230126377244,2637.4999999999995,2671.005235083324,2891.0052350833234,3432.2052350833237,3566.2052350833237,3532.699999999999,3398.699999999999,2757.5,2237.499999999999,1847.5,1847.4999999999995,1847.5,1847.4999999999998,1847.4999999999998,1847.5,1847.4999999999998,1847.4999999999995,1847.4999999999995,2237.5,2637.5,2737.499999999999,2637.4999999999995,2519.2348999480555,2119.234899948056,2263.877451729174,2695.8936093059956,2915.8936093059947,3456.810052357132,3591.093609305995,3532.699999999999,3398.699999999999,2857.4999999999995,2237.499999999999,1847.4999999999995,1847.4999999999998
0.0,0.0,0.0,0.0,0.0,0.0,0.0,0.0,0.0,0.0,0.0,0.0,0.0,0.0,0.0,0.0,0.0,0.0,0.0,0.0,0.0,0.0,0.0,0.0,0.0,0.0,0.0,0.0,0.0,0.0,0.0,0.0,0.0,0.0,0.0,0.0,0.0,0.0,0.0,0.0,0.0,0.0,0.0,0.0,0.0,0.0,0.0,0.0,0.0,0.0,0.0,0.0,0.0,0.0,0.0,0.0,0.0,0.0,0.0,0.0,0.0,0.0,0.0,0.0,0.0,0.0,0.0,0.0,0.0,0.0,0.0,0.0,0.0,0.0,0.0,0.0,0.0,0.0,0.0,0.0,0.0,0.0,0.0,0.0,0.0,0.0,0.0,0.0,0.0,0.0,0.0,0.0,0.0,0.0,0.0,0.0
0.0,0.0,0.0,0.0,0.0,0.0,400.0,1227.0,1227.0,1227.0,1227.0,1226.9999999999998,1226.999999999999,1226.9999999999993,1226.9999999999998,1227.0,1663.3999999999996,1663.4,1663.4,1663.3999999999996,1227.0,1227.0,400.0,0.0,0.0,0.0,0.0,0.0,0.0,0.0,688.9999999999995,1227.0,1341.3066436814747,1663.3999999999996,1663.4,1310.7117547662463,1226.9999999999998,1226.9999999999995,1549.1447418330763,1663.3999999999996,1874.5999999999995,1874.6,1874.5999999999995,1838.8831298461976,1663.4,1227.0,867.0,178.0,0.0,0.0,0.0,0.0,0.0,304.3655428606617,1227.0,1663.4,1663.3999999999996,1696.6,1663.3999999999996,1663.4,1663.3999999999996,1663.3999999999996,1663.3999999999996,1874.6,1874.6,1895.0,1895.0,1874.5999999999995,1874.6,1663.4,1226.9999999999995,888.7953031244147,0.0,0.0,0.0,0.0,0.0,389.5884642730492,1227.0,1663.3999999999996,1686.6,1874.6,1818.1901635161842,1663.4,1663.3999999999996,1663.3999999999992,1663.4,1874.5999999999995,1874.6,1895.0,1895.0,1874.6,1874.5999999999995,1663.3999999999996,1226.9999999999995,866.9999999999995
0.0,0.0,0.0,0.0,0.0,0.0,0.0,0.0,0.0,0.0,0.0,0.0,0.0,0.0,0.0,0.0,0.0,0.0,0.0,0.0,0.0,0.0,0.0,0.0,0.0,0.0,0.0,0.0,0.0,0.0,0.0,0.0,0.0,0.0,0.0,0.0,0.0,0.0,0.0,0.0,0.0,0.0,0.0,0.0,0.0,0.0,0.0,0.0,0.0,0.0,0.0,0.0,0.0,0.0,0.0,0.0,0.0,0.0,0.0,0.0,0.0,0.0,0.0,0.0,0.0,0.0,0.0,0.0,0.0,0.0,0.0,0.0,0.0,0.0,0.0,0.0,0.0,0.0,0.0,0.0,0.0,0.0,0.0,0.0,0.0,0.0,0.0,0.0,0.0,0.0,0.0,0.0,0.0,0.0,0.0,0.0
2162.9,2162.9,2162.9,2162.9,2162.899999999999,2575.9,3375.8999999999996,3491.701053023122,3891.701053023122,3953.899999999999,3953.9,3734.4894534374675,3375.9,3481.217311775679,3771.5332298097783,4393.9,4839.799999999999,5192.799999999999,4996.773514265684,4839.799999999999,4445.417841584143,3645.417841584144,3375.9,3375.9,2162.9,2162.8999999999996,2162.8999999999996,2162.9,2162.9,2855.9,3375.9,4175.9,4753.9,4839.799999999999,4839.799999999999,4793.9,4430.969713922346,4732.542700471769,4839.799999999999,4839.799999999999,5334.199999999999,5925.096196136625,5383.1147179495065,5263.200000000001,4839.799999999999,4424.0871832080065,3624.087183208007,3375.9,3321.241553981159,2921.241553981159,2537.182908938421,2682.8999999999996,2575.9,3415.9,4215.9,4839.799999999999,5192.799999999999,5263.199999999999,5192.799999999999,5192.799999999999,4839.799999999999,4925.500361854525,5192.799999999999,5334.200000000001,5838.642049829385,6412.0,6368.084158984966,5752.229572138039,5263.199999999999,4839.799999999999,4393.9,3593.9,3375.9,3375.899999999999,3375.9,3375.899999999999,3239.5588584137313,3415.899999999999,4215.899999999998,4839.799999999999,5219.1,5324.332566740818,5263.199999999999,5080.165633342296,4839.799999999999,4839.799999999999,4944.7255809074595,5334.200000000001,5882.7083724567565,6560.508372456758,6215.9149499742125,5956.8,5334.199999999999,4839.799999999999,4318.882755755294,3518.8827557552936
0.0,0.0,0.0,0.0,0.0,0.0,272.5,672.5,964.5963688463744,1258.455610846177,1057.0184849844902,787.4999999999991,787.4999999999997,787.5,983.4999999999998,1383.5,1383.5,1891.9,1891.9,1462.9334582525892,1383.5,868.4999999999998,272.4999999999999,272.5,0.0,0.0,0.0,0.0,0.0,0.0,509.34782085919005,1184.6347672747927,1383.5,1383.5,1383.5,1383.5,1383.5,1383.5,1383.5,1795.9558012359007,1904.3,1904.3,1904.3,1904.3,1447.822911400468,1383.5,592.8483662052633,272.5,272.4999999999998,57.43449042389827,0.0,165.79016319776414,0.0,272.5,900.9348601090755,1620.8783024257407,1891.9,1904.2999999999997,1891.9,1891.8999999999999,1891.8999999999999,1891.9,1891.8999999999999,1904.3,1904.3,1904.3,1904.3,1904.3,1904.2999999999995,1797.2756199080754,1227.5700397924666,827.5700397924664,272.49999999999955,272.5,272.5,272.5,272.5,387.5,1187.5,1629.189517217581,1893.9225625929078,1904.2999999999988,1904.2999999999997,1891.9,1891.8999999999999,1891.8999999999999,1891.9,1904.3,1904.2999999999995,1904.3,1904.2999999999995,1904.3,1904.2999999999997,1769.647597627543,1187.5,601.4876552100793
670.0,669.9999999999998,670.0,670.0,670.0,1248.0,2047.9999999999995,2320.2,2320.2,2320.2,2320.2,2320.2,2166.448207286511,2320.2,2320.2,2393.8242373178427,2810.7172858143767,2868.3,2868.2999999999993,2868.2999999999993,2397.2,2155.1437623578668,2120.2,1484.918446917457,670.0,670.0,670.0,669.9999999999998,720.5235324041125,1298.523532404112,2098.5235324041123,2320.2,2397.2,2590.380144605789,2486.5645945487395,2397.2,2320.2,2320.2,2482.2,2756.1652527903507,3025.9590266376154,3294.410403621403,3342.9464692830006,3004.2,2868.2999999999993,2397.2,2120.2,2107.8171074690217,670.0,669.9999999999998,669.9999999999998,670.0,1099.8676009503588,1899.8676009503588,2320.2,2868.2999999999993,2868.2999999999993,2903.1999999999994,2841.3826109945567,2551.529804289436,2477.525525544672,2579.9733727189932,2732.3379957031048,3090.2608525120095,3491.50383613729,3804.3610994448973,3705.455809664929,3644.2,3124.199999999999,2868.2999999999993,2397.199999999999,2120.2,2120.2,1983.010526670517,1433.0637288974433,1362.6246831934734,1320.1999999999998,2120.2,2320.2,2868.2999999999993,2868.2999999999993,3004.199999999999,3004.2,2868.2999999999993,2868.2999999999993,2988.2999999999993,3108.2999999999993,3641.561834331137,4161.561834331138,4681.561834331138,4671.12234254488,4151.12234254488,3631.1223425448798,3010.222342544879,2342.1223425448798,2120.2
0.0,0.0,0.0,0.0,0.0,0.0,0.0,0.0,0.0,0.0,0.0,0.0,0.0,0.0,0.0,0.0,0.0,0.0,0.0,0.0,0.0,0.0,0.0,0.0,0.0,0.0,0.0,0.0,0.0,0.0,0.0,0.0,0.0,0.0,0.0,0.0,0.0,0.0,0.0,0.0,0.0,0.0,0.0,0.0,0.0,0.0,0.0,0.0,0.0,0.0,0.0,0.0,0.0,0.0,0.0,0.0,0.0,0.0,0.0,0.0,0.0,0.0,0.0,0.0,0.0,0.0,0.0,0.0,0.0,0.0,0.0,0.0,0.0,0.0,0.0,0.0,0.0,0.0,0.0,0.0,0.0,0.0,0.0,0.0,0.0,0.0,0.0,0.0,0.0,0.0,0.0,0.0,0.0,0.0,0.0,0.0
0.0,0.0,0.0,0.0,0.0,0.0,0.0,0.0,0.0,0.0,0.0,0.0,0.0,0.0,0.0,0.0,0.0,0.0,0.0,0.0,0.0,0.0,0.0,0.0,0.0,0.0,0.0,0.0,0.0,0.0,0.0,0.0,0.0,0.0,0.0,0.0,0.0,0.0,0.0,0.0,0.0,0.0,0.0,0.0,0.0,0.0,0.0,0.0,0.0,0.0,0.0,0.0,0.0,0.0,0.0,0.0,0.0,0.0,0.0,0.0,0.0,0.0,0.0,0.0,0.0,0.0,0.0,0.0,0.0,0.0,0.0,0.0,0.0,0.0,0.0,0.0,0.0,0.0,0.0,0.0,0.0,0.0,0.0,0.0,0.0,0.0,0.0,0.0,0.0,0.0,0.0,0.0,0.0,0.0,0.0,0.0
0.0,0.0,0.0,0.0,0.0,0.0,0.0,0.0,0.0,0.0,0.0,0.0,0.0,0.0,0.0,0.0,0.0,0.0,0.0,0.0,0.0,0.0,0.0,0.0,0.0,0.0,0.0,0.0,0.0,0.0,0.0,0.0,0.0,0.0,0.0,0.0,0.0,0.0,0.0,0.0,0.0,0.0,0.0,0.0,0.0,0.0,0.0,0.0,0.0,0.0,0.0,0.0,0.0,0.0,0.0,0.0,0.0,0.0,0.0,0.0,0.0,0.0,0.0,0.0,0.0,0.0,0.0,0.0,0.0,0.0,0.0,0.0,0.0,0.0,0.0,0.0,0.0,0.0,0.0,0.0,0.0,0.0,0.0,0.0,0.0,0.0,0.0,0.0,0.0,0.0,0.0,0.0,0.0,0.0,0.0,0.0
0.0,0.0,0.0,0.0,0.0,0.0,0.0,0.0,0.0,0.0,0.0,0.0,0.0,0.0,0.0,0.0,0.0,0.0,0.0,0.0,0.0,0.0,0.0,0.0,0.0,0.0,0.0,0.0,0.0,0.0,0.0,0.0,0.0,0.0,0.0,0.0,0.0,0.0,0.0,0.0,0.0,0.0,0.0,0.0,0.0,0.0,0.0,0.0,0.0,0.0,0.0,0.0,0.0,0.0,0.0,0.0,0.0,0.0,0.0,0.0,0.0,0.0,0.0,0.0,0.0,0.0,0.0,0.0,0.0,0.0,0.0,0.0,0.0,0.0,0.0,0.0,0.0,0.0,0.0,0.0,0.0,0.0,0.0,0.0,0.0,0.0,0.0,0.0,0.0,0.0,0.0,0.0,0.0,0.0,0.0,0.0
0.0,0.0,0.0,0.0,0.0,0.0,0.0,0.0,0.0,0.0,0.0,0.0,0.0,0.0,0.0,0.0,0.0,0.0,0.0,0.0,0.0,0.0,0.0,0.0,0.0,0.0,0.0,0.0,0.0,0.0,0.0,0.0,0.0,0.0,0.0,0.0,0.0,0.0,0.0,0.0,0.0,0.0,0.0,0.0,0.0,0.0,0.0,0.0,0.0,0.0,0.0,0.0,0.0,0.0,0.0,0.0,0.0,0.0,0.0,0.0,0.0,0.0,0.0,0.0,0.0,0.0,0.0,0.0,0.0,0.0,0.0,0.0,0.0,0.0,0.0,0.0,0.0,0.0,0.0,0.0,0.0,0.0,0.0,0.0,0.0,0.0,0.0,0.0,0.0,0.0,0.0,0.0,0.0,0.0,0.0,0.0
0.0,0.0,0.0,0.0,0.0,0.0,0.0,0.0,0.0,0.0,0.0,0.0,0.0,0.0,0.0,0.0,0.0,0.0,0.0,0.0,0.0,0.0,0.0,0.0,0.0,0.0,0.0,0.0,0.0,0.0,0.0,0.0,0.0,0.0,0.0,0.0,0.0,0.0,0.0,0.0,0.0,0.0,0.0,0.0,0.0,0.0,0.0,0.0,0.0,0.0,0.0,0.0,0.0,0.0,0.0,0.0,0.0,0.0,0.0,0.0,0.0,0.0,0.0,0.0,0.0,0.0,0.0,0.0,0.0,0.0,0.0,0.0,0.0,0.0,0.0,0.0,0.0,0.0,0.0,0.0,0.0,0.0,0.0,0.0,0.0,0.0,0.0,0.0,0.0,0.0,0.0,0.0,0.0,0.0,0.0,0.0
